EmployeeID,Age,Gender,MaritalStatus,Department,JobRole,EducationField,Education,BusinessTravel,MonthlyIncome,HourlyRate,DailyRate,MonthlyRate,PercentSalaryHike,StockOptionLevel,JobLevel,JobInvolvement,JobSatisfaction,EnvironmentSatisfaction,RelationshipSatisfaction,WorkLifeBalance,PerformanceRating,YearsAtCompany,YearsInCurrentRole,YearsSinceLastPromotion,YearsWithCurrManager,TotalWorkingYears,TrainingTimesLastYear,NumCompaniesWorked,OverTime,DistanceFromHome,StandardHours,EmployeeCount,Over18,DateOfJoining,Attrition
EMP0001,53,Male,Single,Operations,Operations Analyst,Life Sciences,4,Travel_Frequently,135494,56,1176,21622,16,1,2,1,1,3,2,1,4,28,9,7,9,34,3,3,Yes,19,80,1,Y,15-11-1995,No
EMP0002,50,Male,Married,Finance,Finance Manager,Other,3,Travel_Frequently,23802,118,1338,26836,22,2,4,4,3,4,3,4,1,33,10,2,7,3,3,1,No,29,80,1,Y,22-10-1990,Yes
EMP0003,24,Male,Single,Marketing,Content Writer,Marketing,2,Travel_Rarely,49159,38,200,7737,13,0,3,4,2,1,3,4,3,16,15,14,13,27,0,4,No,1,80,1,Y,01-06-2007,No
EMP0004,55,Male,Divorced,Operations,Supply Chain Manager,Life Sciences,3,Travel_Frequently,26516,70,752,11439,21,1,5,2,1,1,4,4,2,15,15,2,12,12,1,9,No,2,80,1,Y,06-02-2008,Yes
EMP0005,48,Male,Single,Research & Development,R&D Manager,Medical,5,Travel_Frequently,65492,77,681,4573,18,3,2,1,4,1,2,1,1,1,3,1,16,29,5,9,No,26,80,1,Y,08-03-2022,No
EMP0006,34,Female,Single,Marketing,Marketing Executive,Other,2,Travel_Rarely,44086,41,799,25237,19,0,1,3,2,3,2,3,3,33,4,0,6,11,6,7,No,11,80,1,Y,02-09-1990,No
EMP0007,54,Male,Married,Marketing,Marketing Manager,Other,5,Non-Travel,128758,39,962,2125,16,0,5,4,2,4,1,1,4,7,9,2,5,2,1,6,Yes,15,80,1,Y,22-08-2016,No
EMP0008,27,Male,Single,Operations,Logistics Executive,Life Sciences,1,Non-Travel,45480,35,534,11421,12,0,2,2,4,4,2,1,1,12,13,2,8,20,4,4,No,23,80,1,Y,05-04-2011,Yes
EMP0009,45,Male,Divorced,Sales,Account Manager,Other,3,Non-Travel,143023,143,664,13403,11,0,5,4,1,3,4,2,3,7,8,6,7,39,6,6,No,1,80,1,Y,31-05-2016,No
EMP0010,40,Female,Single,Research & Development,Research Scientist,Technical Degree,4,Travel_Rarely,125195,63,1364,3306,13,3,1,2,2,4,1,4,4,29,17,11,13,0,2,4,Yes,9,80,1,Y,25-03-1994,Yes
EMP0011,37,Female,Divorced,Operations,Supply Chain Manager,Marketing,2,Travel_Frequently,53737,81,782,4101,13,2,5,1,2,2,3,3,4,31,5,14,2,17,2,6,No,8,80,1,Y,05-07-1992,No
EMP0012,49,Female,Married,Research & Development,Data Analyst,Technical Degree,3,Travel_Frequently,24265,70,336,16681,18,2,5,1,2,3,2,3,3,29,10,9,12,12,6,3,No,1,80,1,Y,01-03-1994,No
EMP0013,54,Male,Single,Research & Development,R&D Manager,Human Resources,4,Travel_Frequently,129165,112,1203,2135,15,1,1,1,2,1,3,2,1,0,16,8,8,6,2,3,Yes,10,80,1,Y,13-08-2023,Yes
EMP0014,34,Male,Married,Marketing,Content Writer,Technical Degree,1,Travel_Frequently,134501,35,1149,9311,11,3,1,1,2,4,1,2,3,16,8,11,8,12,4,9,Yes,17,80,1,Y,22-01-2007,No
EMP0015,46,Male,Single,Finance,CFO,Medical,2,Travel_Rarely,85990,31,886,19843,21,3,1,1,4,2,2,1,3,19,2,0,10,16,5,3,No,18,80,1,Y,16-06-2004,No
EMP0016,57,Male,Divorced,Research & Development,Lab Technician,Other,5,Travel_Frequently,30386,44,366,22615,14,1,4,2,1,3,1,2,3,23,15,14,5,31,3,7,Yes,16,80,1,Y,24-09-2000,No
EMP0017,48,Male,Married,IT,System Admin,Other,1,Non-Travel,119718,46,1109,26040,17,3,1,4,1,3,1,3,3,21,3,7,11,28,1,0,No,2,80,1,Y,09-06-2002,No
EMP0018,59,Female,Single,Marketing,Content Writer,Medical,4,Travel_Rarely,52425,45,1079,2812,15,3,5,3,2,1,2,3,3,28,14,0,3,29,1,9,No,22,80,1,Y,01-04-1995,No
EMP0019,28,Male,Divorced,Sales,Sales Manager,Other,2,Travel_Rarely,136635,57,1041,26284,20,0,1,4,2,1,2,3,4,21,1,2,3,10,3,4,Yes,17,80,1,Y,27-03-2002,No
EMP0020,26,Female,Married,Finance,CFO,Technical Degree,2,Non-Travel,68634,114,264,12130,23,0,2,1,2,3,1,1,3,8,16,3,16,13,5,9,Yes,4,80,1,Y,01-05-2015,Yes
EMP0021,52,Male,Single,IT,IT Manager,Human Resources,1,Non-Travel,101988,101,1290,25952,16,0,1,4,4,2,4,4,1,9,15,10,6,9,6,1,No,7,80,1,Y,04-10-2014,No
EMP0022,44,Female,Married,IT,IT Manager,Life Sciences,2,Travel_Frequently,121337,39,632,19254,24,3,1,4,4,1,2,4,2,27,16,7,5,7,1,9,No,29,80,1,Y,02-07-1996,No
EMP0023,31,Female,Single,Sales,Sales Director,Medical,4,Non-Travel,82443,39,1273,17227,20,3,3,2,3,3,1,1,3,27,3,12,7,30,5,3,No,29,80,1,Y,27-03-1996,No
EMP0024,53,Female,Divorced,Finance,Finance Manager,Technical Degree,1,Travel_Rarely,44424,143,314,15760,14,2,5,3,2,3,3,3,1,20,17,0,6,5,6,4,Yes,28,80,1,Y,28-03-2003,No
EMP0025,51,Female,Divorced,Marketing,Content Writer,Technical Degree,5,Travel_Rarely,103844,39,768,10826,12,0,5,3,3,1,3,3,2,23,3,11,7,18,6,7,Yes,9,80,1,Y,04-05-2000,No
EMP0026,52,Male,Married,Human Resources,HR Executive,Technical Degree,1,Travel_Rarely,56984,102,841,15939,19,1,2,1,3,4,2,1,1,1,2,1,8,18,6,1,No,26,80,1,Y,25-08-2022,No
EMP0027,39,Male,Married,Finance,CFO,Life Sciences,1,Travel_Frequently,56505,57,694,2668,12,3,4,2,3,2,2,1,4,7,17,10,0,11,1,1,No,3,80,1,Y,29-07-2016,Yes
EMP0028,57,Male,Single,Sales,Account Manager,Marketing,5,Travel_Frequently,117478,53,1492,19677,12,0,3,2,1,4,3,2,4,26,4,4,2,38,2,1,No,20,80,1,Y,18-03-1997,Yes
EMP0029,23,Female,Divorced,IT,IT Manager,Other,4,Non-Travel,77699,48,1140,10460,23,2,2,2,3,4,1,1,2,21,8,5,10,17,2,7,No,21,80,1,Y,14-07-2002,No
EMP0030,35,Male,Single,Marketing,Content Writer,Other,3,Travel_Frequently,129012,126,1303,10673,22,0,2,2,2,2,1,4,2,26,14,4,15,2,0,2,No,5,80,1,Y,11-01-1997,No
EMP0031,34,Male,Divorced,Finance,Finance Manager,Human Resources,3,Travel_Frequently,49758,97,1167,5390,12,2,5,2,4,2,1,1,2,28,8,12,5,8,0,4,No,18,80,1,Y,19-06-1995,No
EMP0032,50,Male,Married,Human Resources,HR Director,Marketing,5,Travel_Rarely,31374,85,1021,11453,11,2,3,3,2,1,4,3,4,2,13,2,1,5,1,1,No,29,80,1,Y,23-10-2021,No
EMP0033,33,Male,Single,Human Resources,HR Manager,Other,4,Travel_Rarely,133686,96,401,17904,23,3,5,3,4,1,2,3,4,12,1,9,3,0,2,5,No,21,80,1,Y,01-02-2011,No
EMP0034,23,Female,Single,Research & Development,R&D Manager,Human Resources,2,Non-Travel,18775,71,848,17396,22,2,4,4,1,1,4,3,1,9,17,6,4,39,5,9,No,26,80,1,Y,04-11-2014,No
EMP0035,53,Female,Divorced,Research & Development,Research Scientist,Human Resources,5,Travel_Rarely,42388,41,759,26678,22,2,5,3,1,2,4,4,4,8,12,11,13,28,0,5,Yes,17,80,1,Y,08-09-2015,No
EMP0036,34,Male,Divorced,Operations,Logistics Executive,Technical Degree,3,Travel_Frequently,138800,47,1241,23933,13,1,1,2,2,4,4,4,2,26,15,0,0,34,0,1,Yes,7,80,1,Y,24-05-1997,No
EMP0037,48,Male,Divorced,Sales,Sales Director,Medical,4,Non-Travel,36029,52,677,23271,16,2,5,4,1,2,4,2,3,33,5,1,13,34,2,3,No,14,80,1,Y,16-01-1990,No
EMP0038,38,Male,Married,Finance,Finance Analyst,Technical Degree,1,Non-Travel,98981,113,687,6334,17,1,1,3,4,1,1,1,3,0,15,10,12,29,5,1,No,15,80,1,Y,11-10-2023,No
EMP0039,52,Female,Single,Finance,Finance Manager,Life Sciences,4,Travel_Rarely,68639,35,1182,24068,11,1,2,4,1,4,2,2,2,31,3,13,15,34,0,9,Yes,21,80,1,Y,18-11-1992,No
EMP0040,55,Female,Divorced,Operations,Operations Manager,Other,4,Travel_Rarely,129010,82,978,25134,24,0,4,3,3,1,2,1,4,24,9,11,3,38,3,3,Yes,22,80,1,Y,20-09-1999,No
EMP0041,45,Female,Married,IT,System Admin,Human Resources,3,Travel_Rarely,46105,127,539,18285,15,0,1,1,3,4,4,1,2,28,10,8,5,21,6,6,Yes,14,80,1,Y,23-04-1995,No
EMP0042,56,Male,Divorced,IT,Data Engineer,Medical,3,Non-Travel,141519,71,811,4235,15,3,4,3,1,1,2,4,4,6,4,13,8,27,5,4,Yes,9,80,1,Y,11-06-2017,Yes
EMP0043,27,Female,Single,Operations,Operations Manager,Other,2,Travel_Rarely,117739,95,315,23367,11,3,5,4,2,2,3,3,3,2,17,3,0,17,3,9,No,16,80,1,Y,12-07-2021,Yes
EMP0044,40,Female,Divorced,IT,Software Engineer,Human Resources,2,Travel_Frequently,66796,59,273,26136,14,3,5,1,3,3,1,1,1,19,2,7,16,31,2,3,No,19,80,1,Y,30-03-2004,No
EMP0045,51,Female,Single,Research & Development,Lab Technician,Human Resources,5,Non-Travel,30804,38,1492,7019,20,2,2,2,4,3,2,4,4,19,7,8,3,4,2,9,Yes,1,80,1,Y,26-02-2004,Yes
EMP0046,28,Female,Married,Finance,Finance Manager,Technical Degree,1,Travel_Rarely,142732,120,315,26425,11,0,5,4,2,4,1,2,1,29,10,6,5,33,0,9,No,8,80,1,Y,17-01-1994,Yes
EMP0047,31,Female,Married,Operations,Logistics Executive,Medical,2,Travel_Frequently,22951,71,1387,20961,23,2,1,2,1,2,3,3,3,34,2,0,15,30,1,2,No,18,80,1,Y,24-01-1989,Yes
EMP0048,53,Male,Divorced,Finance,Finance Manager,Medical,3,Travel_Frequently,34065,63,1445,2675,24,0,2,2,2,1,1,2,1,34,11,4,6,32,4,5,No,2,80,1,Y,13-01-1989,No
EMP0049,55,Male,Single,Human Resources,HR Director,Other,4,Travel_Rarely,116503,69,325,20823,11,2,4,4,2,4,3,2,1,26,14,5,4,3,3,1,Yes,26,80,1,Y,12-12-1997,No
EMP0050,49,Male,Single,Research & Development,R&D Manager,Human Resources,5,Travel_Frequently,120072,117,856,11873,22,3,2,2,2,4,4,4,2,25,15,13,8,13,3,3,Yes,29,80,1,Y,17-10-1998,No
EMP0051,36,Male,Single,Marketing,Marketing Executive,Medical,2,Non-Travel,104360,142,1399,7587,17,0,4,4,2,1,2,3,1,13,4,10,0,14,5,7,No,4,80,1,Y,19-06-2010,No
EMP0052,51,Female,Divorced,Research & Development,Lab Technician,Medical,4,Non-Travel,77287,46,863,7945,17,0,3,4,1,1,4,1,3,16,5,7,7,19,5,1,Yes,21,80,1,Y,14-02-2007,No
EMP0053,58,Male,Single,Operations,Operations Analyst,Other,4,Travel_Frequently,122357,58,1190,6767,13,1,1,3,1,1,2,2,4,17,11,9,3,19,2,8,Yes,1,80,1,Y,03-01-2007,No
EMP0054,50,Male,Single,Marketing,Marketing Executive,Technical Degree,2,Non-Travel,44670,129,1217,9004,17,0,1,1,3,2,4,1,1,28,8,14,16,34,6,1,Yes,27,80,1,Y,23-11-1995,No
EMP0055,43,Male,Single,Human Resources,Recruiter,Marketing,1,Travel_Rarely,64112,79,1058,9728,13,0,4,2,3,3,3,3,4,19,17,12,0,3,1,7,No,19,80,1,Y,23-10-2004,No
EMP0056,25,Female,Single,Operations,Operations Analyst,Life Sciences,1,Travel_Frequently,103388,105,284,8609,12,2,5,2,4,4,2,4,2,26,2,7,1,17,2,7,No,11,80,1,Y,11-05-1997,No
EMP0057,41,Male,Divorced,Sales,Sales Manager,Marketing,5,Non-Travel,104156,124,832,23318,20,3,5,1,4,4,4,4,3,17,13,12,13,23,0,6,No,24,80,1,Y,04-03-2006,No
EMP0058,53,Female,Divorced,Finance,CFO,Medical,1,Travel_Rarely,62922,78,650,22032,14,1,3,1,3,3,1,4,3,3,4,11,1,26,1,9,Yes,6,80,1,Y,24-05-2020,No
EMP0059,57,Female,Single,Human Resources,HR Manager,Human Resources,5,Travel_Rarely,108348,102,717,9131,24,2,4,1,3,4,1,1,4,0,4,13,0,32,0,5,Yes,19,80,1,Y,17-11-2023,Yes
EMP0060,25,Female,Single,Finance,Accountant,Life Sciences,3,Non-Travel,94335,90,1045,19696,20,0,3,1,2,2,4,1,3,0,3,8,12,24,3,0,No,14,80,1,Y,30-11-2023,No
EMP0061,48,Male,Married,IT,System Admin,Life Sciences,2,Travel_Frequently,41312,112,894,6099,13,2,4,1,3,1,3,3,2,25,15,8,7,4,2,1,Yes,28,80,1,Y,26-08-1998,No
EMP0062,38,Female,Married,Sales,Account Manager,Human Resources,4,Travel_Rarely,81985,75,749,20038,22,3,3,3,4,3,4,1,4,19,12,14,8,17,5,6,Yes,23,80,1,Y,14-09-2004,No
EMP0063,33,Male,Single,Sales,Account Manager,Life Sciences,5,Travel_Rarely,145744,75,1128,17859,17,1,4,4,3,2,1,4,3,22,7,3,1,19,2,3,Yes,27,80,1,Y,01-07-2001,No
EMP0064,43,Male,Single,Human Resources,HR Director,Human Resources,1,Travel_Rarely,115963,46,315,17582,22,2,1,1,2,1,2,2,2,9,15,5,16,34,4,8,Yes,22,80,1,Y,24-11-2014,No
EMP0065,38,Male,Married,Sales,Sales Director,Life Sciences,5,Travel_Rarely,46551,95,1231,24402,22,0,3,3,4,3,2,2,2,10,1,2,5,5,1,2,No,21,80,1,Y,26-02-2013,No
EMP0066,31,Female,Married,Marketing,Brand Manager,Other,5,Travel_Frequently,104813,133,1441,19669,11,2,3,1,1,2,4,2,1,4,7,0,2,26,6,3,No,24,80,1,Y,14-12-2019,No
EMP0067,22,Female,Single,Sales,Sales Director,Other,1,Non-Travel,116025,34,603,26236,16,0,4,1,3,3,2,4,3,0,2,12,16,27,3,2,Yes,24,80,1,Y,19-06-2023,Yes
EMP0068,43,Male,Divorced,Finance,CFO,Marketing,1,Non-Travel,139342,132,503,25430,24,1,2,2,1,3,1,1,4,16,8,12,5,10,4,6,No,19,80,1,Y,14-06-2007,Yes
EMP0069,47,Female,Divorced,Finance,CFO,Life Sciences,2,Non-Travel,24637,83,939,13639,12,1,2,2,4,2,2,2,1,21,10,5,7,8,4,1,No,24,80,1,Y,26-02-2002,No
EMP0070,39,Female,Single,Operations,Operations Manager,Technical Degree,4,Travel_Rarely,58258,141,287,7180,18,2,1,2,3,4,4,1,4,33,0,0,13,27,2,9,No,26,80,1,Y,08-02-1990,No
EMP0071,35,Female,Single,Finance,CFO,Human Resources,2,Travel_Frequently,144553,45,1233,19763,24,1,5,2,1,2,4,1,1,28,0,8,9,18,1,1,Yes,25,80,1,Y,17-04-1995,No
EMP0072,50,Male,Married,Operations,Supply Chain Manager,Life Sciences,2,Non-Travel,41950,110,507,18192,15,3,5,4,3,3,4,4,2,3,7,10,9,38,2,1,No,13,80,1,Y,08-08-2020,No
EMP0073,33,Female,Married,Finance,Finance Manager,Other,1,Travel_Frequently,142870,147,633,19029,13,2,1,4,1,3,1,1,1,4,15,5,14,20,1,3,Yes,12,80,1,Y,03-01-2019,No
EMP0074,57,Female,Divorced,Marketing,Brand Manager,Other,1,Non-Travel,15215,120,1001,26599,20,0,5,2,1,2,3,1,1,10,9,0,7,30,4,7,No,29,80,1,Y,04-03-2013,No
EMP0075,56,Male,Single,Operations,Supply Chain Manager,Human Resources,4,Travel_Rarely,120603,36,363,7412,17,2,4,2,4,1,2,4,1,20,1,10,10,6,0,7,No,10,80,1,Y,08-12-2003,No
EMP0076,33,Female,Married,Research & Development,Data Analyst,Technical Degree,5,Non-Travel,26523,145,1462,6652,24,0,2,1,3,1,4,3,3,34,15,12,15,36,3,7,No,19,80,1,Y,12-10-1989,No
EMP0077,28,Male,Divorced,IT,Software Engineer,Life Sciences,2,Travel_Rarely,83689,37,1195,8834,21,1,1,1,1,1,3,2,1,11,3,2,2,24,4,7,No,11,80,1,Y,11-02-2012,No
EMP0078,50,Female,Divorced,Human Resources,HR Manager,Life Sciences,4,Travel_Rarely,38834,101,855,6451,12,0,4,2,3,1,4,2,2,25,8,0,14,27,2,6,Yes,24,80,1,Y,29-04-1998,No
EMP0079,32,Female,Divorced,Finance,Finance Manager,Technical Degree,2,Non-Travel,49474,116,217,24487,15,0,1,2,3,2,4,1,4,18,2,1,12,35,6,5,No,24,80,1,Y,26-05-2005,No
EMP0080,54,Female,Married,Sales,Sales Executive,Technical Degree,5,Travel_Frequently,58066,125,1294,9084,21,0,2,2,2,4,1,3,3,6,10,5,10,16,6,6,No,12,80,1,Y,28-12-2017,No
EMP0081,27,Female,Married,Finance,Accountant,Technical Degree,2,Travel_Rarely,25400,136,1398,14862,18,0,5,1,4,1,1,4,2,6,7,6,13,25,3,4,No,7,80,1,Y,21-09-2017,No
EMP0082,36,Female,Single,Sales,Account Manager,Other,3,Travel_Frequently,140211,140,1010,22508,23,3,4,2,3,3,3,1,3,25,6,0,6,27,4,7,No,8,80,1,Y,05-02-1998,No
EMP0083,53,Female,Single,IT,System Admin,Human Resources,4,Non-Travel,25345,111,538,16692,21,0,2,2,3,1,4,4,4,4,0,9,14,36,1,1,No,17,80,1,Y,12-04-2019,No
EMP0084,32,Male,Divorced,IT,IT Manager,Technical Degree,1,Travel_Rarely,48896,67,447,18748,11,2,1,4,3,4,2,2,4,20,7,4,5,16,6,4,Yes,3,80,1,Y,13-08-2003,No
EMP0085,44,Female,Divorced,IT,IT Manager,Human Resources,2,Travel_Frequently,43899,83,1416,4655,11,3,3,4,4,2,2,4,4,13,16,5,6,16,2,6,Yes,6,80,1,Y,27-09-2010,No
EMP0086,47,Female,Married,Sales,Sales Director,Marketing,4,Travel_Rarely,43229,105,505,26984,13,0,4,1,4,4,2,2,3,3,10,14,13,32,6,8,Yes,12,80,1,Y,15-12-2020,No
EMP0087,55,Female,Married,Finance,Finance Manager,Life Sciences,4,Non-Travel,20583,44,403,9433,13,0,1,4,3,4,3,4,3,22,6,3,3,33,4,9,Yes,15,80,1,Y,06-03-2001,No
EMP0088,55,Male,Single,IT,Data Engineer,Life Sciences,2,Travel_Rarely,86537,121,1052,3314,23,0,1,1,4,4,1,4,4,19,8,5,8,22,1,0,No,23,80,1,Y,19-04-2004,No
EMP0089,50,Male,Single,Marketing,Marketing Manager,Medical,1,Non-Travel,89807,148,1346,16902,17,3,2,3,2,1,3,3,4,14,13,4,6,29,1,8,Yes,7,80,1,Y,15-04-2009,Yes
EMP0090,25,Male,Single,Operations,Logistics Executive,Marketing,1,Travel_Frequently,144648,131,646,7272,16,0,1,2,4,1,1,4,2,28,4,12,14,26,1,2,Yes,27,80,1,Y,16-01-1995,Yes
EMP0091,38,Female,Married,Sales,Sales Director,Technical Degree,2,Travel_Rarely,127652,79,912,2218,17,0,4,1,2,4,2,1,4,7,17,12,2,8,6,0,No,6,80,1,Y,06-09-2016,Yes
EMP0092,56,Female,Divorced,Sales,Sales Director,Technical Degree,4,Travel_Frequently,86792,85,632,6703,14,0,4,4,2,2,2,3,1,18,12,10,4,19,3,6,Yes,29,80,1,Y,25-02-2005,No
EMP0093,34,Male,Single,Finance,CFO,Other,1,Non-Travel,146300,124,1351,17994,21,1,1,3,2,1,1,1,3,27,4,6,16,22,2,2,Yes,12,80,1,Y,13-10-1996,No
EMP0094,36,Male,Single,Sales,Account Manager,Marketing,2,Non-Travel,52052,145,1021,23515,12,2,2,4,1,2,2,4,2,26,7,12,0,18,1,7,No,28,80,1,Y,27-01-1997,No
EMP0095,50,Male,Married,Sales,Account Manager,Technical Degree,2,Travel_Frequently,61032,38,1270,3539,12,0,4,1,4,1,3,4,3,3,14,3,0,36,4,1,Yes,12,80,1,Y,14-12-2020,Yes
EMP0096,50,Female,Single,IT,IT Manager,Medical,2,Travel_Frequently,48686,37,704,21817,20,2,3,3,3,2,1,3,4,14,3,0,15,3,1,3,Yes,27,80,1,Y,04-07-2009,No
EMP0097,32,Male,Divorced,Finance,Accountant,Human Resources,4,Non-Travel,91981,139,314,15145,11,1,5,4,2,1,2,2,1,34,0,1,13,12,2,1,Yes,4,80,1,Y,09-09-1989,No
EMP0098,53,Female,Married,IT,IT Manager,Life Sciences,1,Travel_Frequently,113802,48,1194,19986,24,1,2,3,3,4,4,3,4,0,5,5,10,37,5,3,Yes,21,80,1,Y,31-01-2023,No
EMP0099,23,Female,Single,Operations,Operations Analyst,Marketing,4,Non-Travel,148881,80,422,21088,23,0,2,2,2,3,2,2,3,2,11,13,13,11,5,0,No,9,80,1,Y,01-01-2022,No
EMP0100,35,Female,Single,Operations,Logistics Executive,Life Sciences,3,Travel_Frequently,57818,101,835,7064,24,2,5,2,3,3,4,2,2,23,6,12,7,8,3,9,Yes,17,80,1,Y,18-10-2000,No
EMP0101,41,Male,Married,IT,IT Manager,Human Resources,1,Non-Travel,115422,127,871,15788,19,3,5,3,1,2,2,4,3,26,12,9,1,14,1,4,No,2,80,1,Y,24-11-1997,Yes
EMP0102,43,Female,Married,Operations,Operations Manager,Marketing,4,Non-Travel,86927,86,1157,22032,24,0,4,4,2,2,4,1,2,33,6,12,9,20,4,2,No,5,80,1,Y,21-08-1990,No
EMP0103,32,Male,Single,Finance,Finance Analyst,Human Resources,1,Travel_Rarely,94465,97,1132,19489,24,3,1,4,1,4,2,3,1,28,8,10,4,14,2,8,No,21,80,1,Y,18-06-1995,No
EMP0104,48,Male,Divorced,Human Resources,HR Executive,Technical Degree,3,Non-Travel,128221,60,295,24120,17,1,1,4,1,4,4,3,4,23,0,1,14,4,6,3,No,28,80,1,Y,10-07-2000,No
EMP0105,24,Male,Married,IT,Software Engineer,Technical Degree,5,Non-Travel,52333,131,306,24196,20,1,3,2,4,2,1,4,4,23,12,12,0,4,1,5,Yes,23,80,1,Y,30-01-2000,No
EMP0106,38,Male,Divorced,Marketing,Marketing Executive,Technical Degree,2,Travel_Rarely,141457,32,831,13603,13,2,1,1,3,3,1,4,1,3,0,4,1,24,6,8,Yes,24,80,1,Y,13-06-2020,No
EMP0107,49,Female,Single,Marketing,Content Writer,Human Resources,4,Travel_Rarely,31576,128,897,4488,12,3,3,1,2,4,4,3,3,2,17,11,16,23,3,1,Yes,10,80,1,Y,08-06-2021,Yes
EMP0108,50,Female,Divorced,Sales,Sales Manager,Human Resources,3,Travel_Frequently,134875,112,231,20802,24,3,3,3,1,2,2,3,1,33,4,3,14,36,0,6,No,6,80,1,Y,15-03-1990,No
EMP0109,42,Female,Single,Operations,Operations Analyst,Human Resources,3,Travel_Frequently,54405,72,265,18411,13,0,2,4,3,4,3,1,4,22,2,6,7,30,5,2,No,6,80,1,Y,26-09-2001,No
EMP0110,37,Female,Single,Marketing,Marketing Executive,Life Sciences,1,Non-Travel,109000,58,1402,10207,17,2,2,3,4,4,3,4,2,22,1,3,13,33,4,0,No,21,80,1,Y,16-04-2001,No
EMP0111,58,Male,Single,Sales,Sales Manager,Human Resources,1,Travel_Frequently,46601,39,978,26908,15,2,4,1,3,1,3,1,4,4,9,6,7,13,5,8,Yes,5,80,1,Y,26-12-2019,No
EMP0112,41,Male,Single,Human Resources,HR Executive,Technical Degree,2,Travel_Frequently,82946,41,1115,14770,22,3,5,1,3,4,3,4,3,30,5,10,7,26,1,8,Yes,29,80,1,Y,13-01-1993,No
EMP0113,27,Male,Divorced,Finance,Finance Manager,Medical,1,Non-Travel,67116,75,748,9977,13,1,5,4,4,2,4,4,2,5,16,7,12,3,1,3,Yes,27,80,1,Y,28-11-2018,No
EMP0114,40,Male,Single,Finance,CFO,Human Resources,4,Travel_Rarely,119186,59,400,6661,19,2,3,3,4,4,1,1,3,9,12,6,4,22,0,8,Yes,8,80,1,Y,18-11-2014,No
EMP0115,26,Female,Single,Finance,Accountant,Medical,4,Travel_Rarely,77894,123,248,6549,12,1,5,4,4,2,1,2,4,6,16,1,9,37,2,6,Yes,21,80,1,Y,27-03-2017,No
EMP0116,24,Male,Divorced,Marketing,Marketing Executive,Technical Degree,4,Non-Travel,22465,111,986,22337,17,0,3,1,1,1,3,2,4,20,17,10,6,4,6,3,Yes,22,80,1,Y,14-08-2003,No
EMP0117,22,Female,Married,Human Resources,Recruiter,Human Resources,5,Non-Travel,71754,117,1150,22645,20,2,5,1,3,1,1,2,2,19,10,0,8,26,6,1,No,3,80,1,Y,25-03-2004,No
EMP0118,59,Male,Divorced,Marketing,Content Writer,Life Sciences,4,Non-Travel,107850,61,462,17029,16,2,4,4,4,3,4,4,3,2,12,4,13,13,6,4,No,14,80,1,Y,09-03-2021,No
EMP0119,36,Male,Divorced,Operations,Operations Manager,Life Sciences,1,Non-Travel,124765,102,1356,26507,16,0,2,3,3,1,3,1,2,21,10,12,5,6,0,7,Yes,5,80,1,Y,12-07-2002,No
EMP0120,55,Male,Divorced,Marketing,Marketing Executive,Medical,1,Non-Travel,107691,76,543,6973,24,2,2,2,3,1,4,2,2,3,9,12,9,17,6,9,No,15,80,1,Y,08-07-2020,No
EMP0121,56,Male,Single,Human Resources,Recruiter,Other,4,Non-Travel,53871,117,1399,10436,17,3,3,4,1,2,4,3,3,27,2,11,0,31,2,9,Yes,9,80,1,Y,19-08-1996,No
EMP0122,46,Female,Single,Human Resources,HR Executive,Life Sciences,3,Travel_Frequently,44511,92,210,12086,16,3,5,1,3,3,2,2,2,11,5,12,10,1,1,5,No,15,80,1,Y,10-09-2012,No
EMP0123,45,Female,Single,Operations,Operations Manager,Life Sciences,3,Travel_Frequently,95960,55,400,19740,12,0,1,2,1,1,4,1,1,4,6,6,7,19,0,4,Yes,19,80,1,Y,26-02-2019,No
EMP0124,33,Female,Married,Human Resources,HR Director,Life Sciences,3,Travel_Frequently,80776,32,1144,21851,21,1,4,4,4,4,2,4,2,12,4,11,5,28,5,3,Yes,16,80,1,Y,27-09-2011,No
EMP0125,39,Female,Single,Human Resources,HR Director,Technical Degree,2,Travel_Rarely,59462,52,1125,8964,15,1,5,2,4,3,3,1,4,22,8,0,16,25,6,5,Yes,8,80,1,Y,19-05-2001,Yes
EMP0126,36,Male,Married,Finance,Finance Analyst,Life Sciences,5,Non-Travel,47574,104,202,16842,13,2,1,4,3,1,4,4,3,29,9,10,3,37,5,2,No,15,80,1,Y,16-06-1994,No
EMP0127,37,Male,Single,Operations,Logistics Executive,Marketing,4,Non-Travel,117072,103,1437,25451,19,1,4,1,1,3,1,1,4,24,13,7,5,0,6,1,Yes,11,80,1,Y,19-03-1999,Yes
EMP0128,48,Female,Divorced,Research & Development,Lab Technician,Human Resources,2,Travel_Frequently,93282,79,1007,3745,18,1,4,4,1,1,3,1,1,26,10,2,14,4,1,0,No,23,80,1,Y,05-01-1998,No
EMP0129,29,Female,Single,Research & Development,Research Scientist,Life Sciences,3,Travel_Rarely,124779,65,759,14697,20,0,2,2,2,2,4,3,1,13,16,6,9,13,0,8,Yes,4,80,1,Y,24-08-2010,No
EMP0130,46,Male,Married,Human Resources,HR Executive,Other,4,Travel_Frequently,33557,42,398,5879,21,1,3,3,2,3,4,2,2,15,10,2,16,24,1,0,No,21,80,1,Y,07-10-2008,No
EMP0131,38,Male,Married,Research & Development,Lab Technician,Other,2,Non-Travel,87104,58,308,22161,12,1,5,1,4,3,1,2,4,21,6,3,9,8,5,3,No,24,80,1,Y,12-06-2002,No
EMP0132,50,Female,Single,Research & Development,Lab Technician,Life Sciences,1,Non-Travel,137013,67,307,20499,11,1,4,1,4,1,2,1,2,20,10,7,4,29,5,5,Yes,10,80,1,Y,22-04-2003,Yes
EMP0133,29,Female,Divorced,Human Resources,HR Manager,Life Sciences,3,Travel_Frequently,56081,146,751,24641,14,3,5,2,2,3,4,2,2,20,12,13,6,18,1,8,Yes,23,80,1,Y,13-11-2003,No
EMP0134,36,Female,Single,Research & Development,R&D Manager,Marketing,2,Travel_Frequently,134181,106,1172,4267,14,3,4,4,1,1,4,3,4,7,5,13,9,39,6,3,Yes,26,80,1,Y,22-03-2016,No
EMP0135,48,Male,Single,Marketing,Brand Manager,Life Sciences,1,Non-Travel,42094,119,251,20651,22,0,2,4,3,4,1,1,1,15,1,1,10,7,1,6,No,10,80,1,Y,28-11-2008,Yes
EMP0136,28,Female,Single,Sales,Sales Director,Life Sciences,3,Travel_Frequently,81766,113,311,11688,20,2,3,4,3,3,3,2,1,30,13,5,2,15,3,6,Yes,2,80,1,Y,26-04-1993,No
EMP0137,24,Female,Divorced,Operations,Logistics Executive,Human Resources,5,Non-Travel,98053,34,494,17065,21,0,1,1,1,3,4,2,1,9,15,9,10,7,0,5,Yes,8,80,1,Y,06-08-2014,Yes
EMP0138,50,Female,Married,Sales,Sales Executive,Other,3,Travel_Frequently,16301,49,1412,12988,12,2,1,1,4,2,2,4,3,31,6,8,5,22,3,8,No,8,80,1,Y,18-07-1992,No
EMP0139,45,Female,Divorced,Human Resources,HR Director,Marketing,5,Travel_Rarely,96463,107,264,25470,17,2,2,2,3,2,2,2,3,33,0,9,5,8,1,9,No,9,80,1,Y,11-11-1990,No
EMP0140,24,Female,Married,Finance,CFO,Other,5,Non-Travel,39466,138,773,6481,23,1,4,4,1,3,1,2,2,8,1,8,14,31,4,6,No,2,80,1,Y,16-04-2015,Yes
EMP0141,41,Male,Married,Operations,Logistics Executive,Marketing,5,Travel_Rarely,41081,43,664,25849,13,1,2,4,3,2,2,4,3,16,8,4,2,36,5,2,Yes,14,80,1,Y,27-08-2007,No
EMP0142,36,Female,Married,Human Resources,HR Manager,Other,4,Travel_Frequently,39354,37,457,2929,17,0,3,2,1,3,4,1,3,10,17,14,10,33,2,5,Yes,20,80,1,Y,03-04-2013,No
EMP0143,46,Male,Divorced,Finance,Finance Manager,Life Sciences,4,Travel_Rarely,108297,77,1203,9773,17,0,1,1,2,1,2,1,4,31,17,2,7,17,0,6,Yes,2,80,1,Y,20-03-1992,No
EMP0144,51,Female,Single,Sales,Sales Director,Other,5,Travel_Frequently,33300,42,833,5324,11,0,5,1,2,3,4,3,2,9,17,14,7,14,0,6,Yes,4,80,1,Y,28-08-2014,No
EMP0145,35,Female,Single,Human Resources,HR Executive,Other,1,Travel_Rarely,79384,53,409,6587,16,3,1,3,3,3,1,4,2,21,9,5,15,14,5,5,No,3,80,1,Y,16-01-2002,No
EMP0146,28,Female,Single,Operations,Operations Manager,Marketing,5,Travel_Rarely,110027,108,288,2356,14,3,3,3,3,4,2,1,4,16,7,11,2,28,2,2,No,23,80,1,Y,24-05-2007,Yes
EMP0147,38,Male,Single,Operations,Operations Manager,Medical,2,Travel_Rarely,136684,144,227,17787,21,3,4,4,3,2,4,2,1,3,7,8,7,22,3,5,No,14,80,1,Y,22-06-2020,No
EMP0148,41,Male,Single,IT,Data Engineer,Marketing,5,Non-Travel,75892,94,437,22694,18,3,2,1,3,2,3,2,4,24,1,5,7,22,2,1,Yes,21,80,1,Y,25-03-1999,No
EMP0149,57,Male,Divorced,Marketing,Content Writer,Marketing,4,Travel_Rarely,50525,115,535,22448,18,3,1,4,2,4,4,2,1,20,17,3,12,0,4,9,No,16,80,1,Y,04-05-2003,No
EMP0150,30,Female,Divorced,Research & Development,Data Analyst,Marketing,4,Travel_Frequently,21464,63,262,7499,13,1,1,1,2,1,4,3,2,0,10,11,0,21,1,0,Yes,15,80,1,Y,30-08-2023,Yes
EMP0151,59,Female,Divorced,Finance,CFO,Technical Degree,2,Travel_Frequently,31562,143,699,5841,14,2,5,3,1,1,1,1,2,24,10,10,9,6,2,7,No,7,80,1,Y,18-07-1999,No
EMP0152,43,Male,Divorced,IT,Software Engineer,Technical Degree,2,Non-Travel,122392,80,990,14122,11,3,2,2,3,1,4,4,3,16,10,14,4,31,6,2,No,18,80,1,Y,16-05-2007,No
EMP0153,23,Male,Divorced,Research & Development,Research Scientist,Technical Degree,3,Non-Travel,70514,133,791,23717,20,0,5,1,2,4,1,1,3,23,9,12,4,27,2,7,Yes,20,80,1,Y,24-01-2000,No
EMP0154,45,Female,Divorced,Research & Development,Lab Technician,Marketing,1,Travel_Frequently,128428,32,1274,15409,12,2,5,3,4,3,4,4,4,1,7,4,16,31,1,2,No,6,80,1,Y,11-05-2022,No
EMP0155,29,Male,Divorced,Human Resources,HR Executive,Medical,1,Travel_Rarely,127564,148,1335,25055,17,3,4,3,1,1,4,4,3,14,14,6,13,32,5,1,No,28,80,1,Y,10-03-2009,Yes
EMP0156,32,Female,Single,Research & Development,Data Analyst,Marketing,1,Travel_Frequently,123047,119,500,9059,24,3,1,1,1,1,4,1,2,31,7,9,5,12,0,7,Yes,21,80,1,Y,25-12-1992,No
EMP0157,34,Male,Married,Marketing,Content Writer,Life Sciences,4,Non-Travel,47634,107,1313,2665,21,1,2,4,1,4,1,2,2,5,0,13,13,27,5,2,No,16,80,1,Y,01-05-2018,No
EMP0158,38,Male,Divorced,Operations,Supply Chain Manager,Medical,1,Non-Travel,15060,87,428,25237,22,1,4,1,4,2,4,2,1,0,2,12,11,8,6,7,Yes,11,80,1,Y,03-11-2023,No
EMP0159,29,Male,Married,IT,Software Engineer,Technical Degree,3,Travel_Frequently,24269,134,349,12220,17,1,4,3,4,4,1,4,3,22,11,2,0,2,4,1,No,2,80,1,Y,27-08-2001,Yes
EMP0160,42,Female,Divorced,Research & Development,Research Scientist,Other,3,Travel_Rarely,38065,101,1361,12774,23,3,4,1,4,2,3,2,1,16,15,13,4,16,5,3,No,28,80,1,Y,02-12-2007,No
EMP0161,39,Female,Divorced,Human Resources,HR Manager,Other,1,Travel_Rarely,17895,142,1358,2553,19,1,3,2,2,1,1,3,2,33,15,11,13,33,2,8,Yes,23,80,1,Y,28-06-1990,Yes
EMP0162,51,Male,Single,Marketing,Marketing Manager,Human Resources,2,Non-Travel,95859,84,726,15860,20,3,3,4,4,1,3,3,3,28,16,8,6,31,2,0,Yes,2,80,1,Y,18-02-1995,No
EMP0163,39,Female,Married,Sales,Account Manager,Medical,3,Travel_Frequently,119127,148,532,26903,19,2,4,1,1,3,1,4,1,8,15,0,14,8,0,1,Yes,14,80,1,Y,13-09-2015,No
EMP0164,52,Female,Single,Operations,Supply Chain Manager,Technical Degree,2,Travel_Frequently,111426,149,373,9045,19,2,3,3,3,3,1,2,2,12,8,7,8,0,4,1,No,9,80,1,Y,23-01-2011,No
EMP0165,59,Female,Single,Operations,Operations Manager,Medical,4,Non-Travel,26962,109,1436,11380,16,3,2,3,1,2,4,4,1,5,0,4,14,19,1,8,No,23,80,1,Y,08-01-2018,No
EMP0166,53,Female,Married,IT,Software Engineer,Medical,3,Travel_Frequently,48302,71,260,25667,18,0,1,4,1,1,2,3,3,5,17,9,15,4,1,9,Yes,12,80,1,Y,07-09-2018,Yes
EMP0167,32,Male,Single,Operations,Supply Chain Manager,Other,2,Non-Travel,100382,50,1284,2149,19,3,2,1,2,1,2,3,1,19,5,8,8,39,3,4,Yes,3,80,1,Y,28-07-2004,No
EMP0168,46,Female,Divorced,Research & Development,Research Scientist,Marketing,1,Travel_Rarely,19011,39,1018,18373,22,2,1,3,1,4,4,3,1,2,5,1,6,20,4,3,Yes,22,80,1,Y,04-06-2021,No
EMP0169,54,Female,Divorced,Human Resources,HR Manager,Life Sciences,4,Travel_Rarely,144716,86,723,15343,24,2,3,4,2,1,3,1,2,16,11,0,6,4,4,9,Yes,5,80,1,Y,09-07-2007,No
EMP0170,59,Male,Divorced,Operations,Supply Chain Manager,Human Resources,5,Travel_Frequently,34782,54,415,4853,17,3,2,2,2,1,4,3,3,11,2,9,16,3,2,9,No,28,80,1,Y,14-04-2012,Yes
EMP0171,29,Female,Divorced,Operations,Operations Manager,Technical Degree,5,Travel_Rarely,135654,85,823,12128,14,3,5,4,3,4,2,2,4,0,10,6,10,7,3,3,No,9,80,1,Y,02-04-2023,No
EMP0172,32,Female,Divorced,Sales,Sales Manager,Medical,1,Travel_Rarely,24196,67,777,14580,24,3,4,1,1,4,1,1,4,16,5,9,5,24,1,6,Yes,29,80,1,Y,01-01-2008,No
EMP0173,43,Female,Single,Sales,Sales Manager,Human Resources,4,Non-Travel,58459,115,893,17254,14,2,1,1,3,1,4,3,1,2,13,11,13,6,6,2,Yes,3,80,1,Y,08-01-2021,No
EMP0174,45,Male,Single,Finance,CFO,Medical,4,Non-Travel,102245,142,622,4736,16,0,1,3,3,3,3,2,2,25,17,10,14,36,4,8,No,18,80,1,Y,26-08-1998,No
EMP0175,38,Male,Divorced,Marketing,Marketing Executive,Other,4,Travel_Frequently,93863,90,915,2956,24,3,5,2,1,3,4,3,3,14,15,8,7,31,4,4,No,2,80,1,Y,30-08-2009,No
EMP0176,33,Female,Divorced,Research & Development,R&D Manager,Life Sciences,4,Non-Travel,138206,141,1429,13440,21,2,5,1,1,1,2,2,2,31,12,13,3,16,0,8,No,4,80,1,Y,14-08-1992,No
EMP0177,53,Female,Single,Operations,Operations Analyst,Other,5,Travel_Frequently,116010,76,1328,7180,14,3,4,3,4,3,1,2,3,31,0,4,0,27,1,0,No,13,80,1,Y,22-11-1992,Yes
EMP0178,36,Male,Married,Operations,Operations Analyst,Human Resources,2,Travel_Frequently,47769,83,953,10607,21,2,3,4,4,4,2,3,2,3,5,10,5,5,0,9,No,17,80,1,Y,11-06-2020,No
EMP0179,37,Male,Single,Human Resources,Recruiter,Technical Degree,4,Non-Travel,122529,75,946,13646,17,3,2,4,2,3,2,3,4,17,13,3,0,35,3,7,No,9,80,1,Y,26-01-2006,No
EMP0180,43,Male,Single,Finance,Accountant,Medical,2,Travel_Rarely,39700,97,887,21029,18,2,2,1,1,1,2,1,4,18,16,3,4,1,4,1,Yes,19,80,1,Y,14-07-2005,No
EMP0181,49,Female,Single,Marketing,Content Writer,Life Sciences,4,Travel_Rarely,20269,33,922,22158,18,3,2,2,2,3,2,3,4,34,12,11,4,30,3,7,Yes,14,80,1,Y,02-12-1989,No
EMP0182,41,Female,Single,Finance,Finance Manager,Other,3,Travel_Rarely,136631,123,946,16342,24,1,3,3,3,1,1,2,2,13,12,12,4,0,5,3,No,13,80,1,Y,27-03-2010,No
EMP0183,54,Male,Single,IT,Software Engineer,Human Resources,3,Travel_Rarely,58880,95,441,7013,18,3,4,1,3,3,2,4,2,32,8,7,16,2,0,1,Yes,5,80,1,Y,10-10-1991,No
EMP0184,31,Female,Married,Marketing,Brand Manager,Other,3,Travel_Frequently,129003,122,864,2084,12,2,2,3,4,1,3,1,1,13,5,0,11,12,1,1,Yes,18,80,1,Y,06-05-2010,Yes
EMP0185,53,Female,Divorced,Operations,Operations Manager,Medical,4,Travel_Rarely,64589,72,907,3935,24,3,1,4,2,1,3,2,4,33,5,0,6,30,4,5,No,24,80,1,Y,02-08-1990,No
EMP0186,54,Female,Divorced,Operations,Operations Manager,Medical,2,Travel_Frequently,50897,91,634,11608,20,0,1,3,1,3,2,2,1,3,4,14,14,28,5,2,No,15,80,1,Y,04-07-2020,No
EMP0187,23,Female,Married,Marketing,Content Writer,Technical Degree,5,Non-Travel,29380,129,980,11262,12,3,1,4,1,3,3,4,2,23,13,7,12,32,5,9,Yes,27,80,1,Y,17-09-2000,No
EMP0188,54,Female,Divorced,Operations,Operations Analyst,Life Sciences,1,Non-Travel,85934,114,683,13604,12,3,5,2,4,4,2,3,3,28,13,14,11,9,1,2,No,11,80,1,Y,21-03-1995,No
EMP0189,54,Female,Divorced,Research & Development,Research Scientist,Marketing,5,Travel_Frequently,70830,114,583,11713,12,3,5,2,4,2,1,2,4,18,3,1,12,37,3,8,No,19,80,1,Y,21-08-2005,No
EMP0190,34,Female,Divorced,Marketing,Brand Manager,Other,4,Travel_Rarely,20529,141,369,25133,14,0,3,4,2,1,1,4,4,5,1,9,5,8,5,4,Yes,5,80,1,Y,01-10-2018,No
EMP0191,51,Male,Married,Finance,CFO,Medical,3,Travel_Frequently,109598,114,1220,19885,15,0,2,1,4,1,3,4,4,32,1,5,0,0,2,6,Yes,7,80,1,Y,25-01-1991,No
EMP0192,54,Male,Married,Marketing,Brand Manager,Human Resources,3,Travel_Rarely,97987,33,1149,24953,14,0,5,4,4,1,3,3,4,18,16,1,5,36,1,4,Yes,2,80,1,Y,30-09-2005,No
EMP0193,34,Male,Divorced,Operations,Operations Manager,Other,2,Travel_Rarely,64178,94,1068,4473,15,1,1,3,4,1,2,4,4,0,9,4,12,31,5,1,No,19,80,1,Y,21-04-2023,Yes
EMP0194,47,Male,Divorced,Research & Development,R&D Manager,Technical Degree,4,Travel_Frequently,136952,91,522,2735,14,0,5,3,3,3,4,4,2,4,13,2,12,32,1,7,Yes,24,80,1,Y,22-09-2019,No
EMP0195,43,Male,Divorced,Research & Development,Data Analyst,Technical Degree,5,Travel_Frequently,54886,119,1047,4838,17,1,1,3,2,3,2,4,4,26,16,6,12,1,1,8,No,16,80,1,Y,09-09-1997,No
EMP0196,23,Male,Single,IT,Data Engineer,Medical,4,Travel_Rarely,64699,149,1455,4562,20,3,2,1,1,2,2,4,4,15,10,8,3,1,4,1,No,26,80,1,Y,03-09-2008,No
EMP0197,59,Male,Single,Finance,Finance Manager,Medical,4,Travel_Frequently,91396,144,895,15440,11,1,3,2,1,1,1,4,1,5,6,1,4,4,3,1,Yes,24,80,1,Y,20-08-2018,No
EMP0198,47,Male,Single,Sales,Sales Director,Medical,3,Travel_Rarely,105678,31,558,5906,24,3,4,2,2,2,4,4,3,12,8,6,12,9,3,3,Yes,3,80,1,Y,21-09-2011,Yes
EMP0199,36,Male,Married,Sales,Account Manager,Marketing,5,Travel_Frequently,40279,38,1498,3272,23,1,4,3,4,4,4,2,4,34,13,12,8,37,4,7,No,29,80,1,Y,14-09-1989,No
EMP0200,55,Female,Divorced,Marketing,Content Writer,Medical,1,Non-Travel,125776,148,231,6836,11,0,1,1,4,2,2,1,1,18,3,12,16,36,1,4,No,10,80,1,Y,24-09-2005,No
EMP0201,32,Female,Married,IT,IT Manager,Other,3,Travel_Rarely,116444,86,376,3862,12,0,5,3,1,2,1,3,2,11,13,7,2,1,1,4,No,12,80,1,Y,29-08-2012,No
EMP0202,24,Male,Married,Human Resources,Recruiter,Other,5,Non-Travel,121300,74,1116,6226,23,1,5,2,3,4,3,1,1,15,16,13,14,39,2,6,No,23,80,1,Y,23-02-2008,No
EMP0203,27,Female,Married,Marketing,Marketing Executive,Life Sciences,2,Travel_Frequently,128793,47,264,14610,11,1,1,4,2,4,1,3,4,9,16,9,0,24,5,3,Yes,27,80,1,Y,05-07-2014,No
EMP0204,30,Female,Divorced,IT,System Admin,Human Resources,3,Non-Travel,131278,141,226,11014,22,0,2,3,4,2,3,1,1,24,13,14,8,37,1,8,Yes,29,80,1,Y,20-10-1999,No
EMP0205,27,Male,Single,Finance,Finance Manager,Medical,2,Travel_Frequently,118247,77,467,18926,20,3,1,3,3,4,1,3,1,19,12,7,5,36,5,3,Yes,2,80,1,Y,12-11-2004,No
EMP0206,30,Male,Divorced,Finance,Finance Analyst,Other,3,Travel_Rarely,23997,71,796,8209,22,3,2,3,3,2,4,4,2,30,13,6,0,17,0,7,Yes,25,80,1,Y,08-11-1993,Yes
EMP0207,52,Male,Divorced,Finance,Finance Analyst,Other,4,Travel_Frequently,121102,70,1211,21149,22,3,3,2,4,3,1,1,1,3,15,13,6,26,5,2,No,29,80,1,Y,22-11-2020,No
EMP0208,53,Female,Married,Finance,Accountant,Other,5,Travel_Frequently,100711,104,265,25652,20,3,3,1,2,3,2,1,2,22,14,14,9,19,1,5,No,29,80,1,Y,25-01-2001,Yes
EMP0209,33,Female,Married,Finance,Finance Manager,Marketing,2,Travel_Rarely,131045,118,332,12270,23,2,1,4,2,2,3,3,2,1,10,11,5,33,2,0,Yes,8,80,1,Y,27-01-2022,No
EMP0210,29,Male,Married,IT,Data Engineer,Human Resources,3,Travel_Frequently,55860,119,1115,19268,24,3,3,4,1,4,1,3,1,21,11,3,6,7,0,6,Yes,25,80,1,Y,29-04-2002,No
EMP0211,29,Female,Single,IT,IT Manager,Technical Degree,2,Travel_Rarely,18225,87,281,5649,21,2,5,4,1,4,1,2,4,7,10,3,5,3,2,6,No,9,80,1,Y,23-02-2016,Yes
EMP0212,49,Female,Single,Research & Development,Data Analyst,Other,3,Travel_Frequently,125114,129,1181,16126,13,2,2,3,2,3,3,4,3,6,4,9,7,29,5,1,No,23,80,1,Y,30-12-2017,No
EMP0213,41,Female,Single,Sales,Sales Director,Medical,3,Travel_Rarely,128218,71,1321,25274,16,0,4,2,4,3,1,4,1,13,7,12,1,35,2,4,No,20,80,1,Y,02-04-2010,No
EMP0214,28,Male,Divorced,Operations,Supply Chain Manager,Other,1,Non-Travel,115764,64,784,18073,20,0,4,4,2,4,3,2,1,2,5,12,8,8,5,3,Yes,12,80,1,Y,11-12-2021,No
EMP0215,32,Female,Married,Finance,Finance Analyst,Human Resources,1,Travel_Frequently,122041,67,526,21955,21,1,3,3,1,4,4,3,1,15,15,8,8,11,3,9,Yes,28,80,1,Y,03-05-2008,No
EMP0216,41,Female,Divorced,Human Resources,HR Executive,Technical Degree,1,Travel_Frequently,127224,96,741,22317,16,3,2,1,1,4,3,4,3,18,11,14,6,13,5,8,No,5,80,1,Y,29-06-2005,No
EMP0217,37,Female,Single,Operations,Operations Manager,Marketing,2,Travel_Frequently,78656,70,1348,24240,11,3,5,3,1,4,3,3,3,17,5,11,8,34,4,1,Yes,23,80,1,Y,22-02-2006,No
EMP0218,25,Female,Married,IT,System Admin,Life Sciences,4,Travel_Rarely,91290,128,409,5666,16,0,4,4,2,2,4,4,2,15,12,9,16,5,2,2,No,13,80,1,Y,27-07-2008,No
EMP0219,27,Female,Single,Human Resources,Recruiter,Medical,3,Travel_Frequently,71633,79,332,15357,15,0,5,4,2,4,1,1,3,7,6,8,2,22,1,0,Yes,5,80,1,Y,25-04-2016,Yes
EMP0220,43,Female,Married,Human Resources,HR Director,Life Sciences,5,Travel_Rarely,41655,133,356,17448,17,0,5,1,4,3,1,1,3,32,7,4,15,3,3,9,No,28,80,1,Y,21-03-1991,No
EMP0221,47,Female,Married,Human Resources,HR Director,Marketing,1,Travel_Frequently,136118,115,1074,11913,16,1,4,2,1,3,4,4,1,11,11,6,15,0,6,4,Yes,26,80,1,Y,16-08-2012,No
EMP0222,24,Male,Divorced,Research & Development,Research Scientist,Human Resources,2,Non-Travel,18114,101,581,10566,22,3,4,1,3,1,2,4,2,10,1,6,1,8,0,2,No,15,80,1,Y,27-04-2013,No
EMP0223,35,Male,Divorced,IT,IT Manager,Human Resources,2,Travel_Frequently,41502,108,1245,17605,22,1,3,1,3,4,3,4,4,4,8,8,10,8,5,3,Yes,24,80,1,Y,01-10-2019,No
EMP0224,32,Female,Single,Human Resources,HR Executive,Marketing,2,Non-Travel,64768,74,1173,2557,17,2,2,4,4,2,1,2,2,26,12,11,15,14,4,3,No,21,80,1,Y,21-04-1997,No
EMP0225,39,Male,Divorced,Finance,Finance Manager,Other,5,Travel_Rarely,63128,100,794,11472,12,2,1,4,4,1,1,4,3,11,16,14,14,23,3,5,No,5,80,1,Y,13-08-2012,Yes
EMP0226,33,Female,Divorced,Marketing,Content Writer,Marketing,5,Non-Travel,98123,48,671,13615,22,3,2,2,1,1,3,2,3,16,12,6,0,7,2,9,No,5,80,1,Y,16-06-2007,No
EMP0227,44,Female,Divorced,Human Resources,Recruiter,Medical,1,Travel_Frequently,123255,133,433,8040,11,0,1,4,2,2,3,2,1,5,15,7,16,27,6,6,No,4,80,1,Y,11-09-2018,No
EMP0228,33,Female,Married,Research & Development,Data Analyst,Technical Degree,5,Travel_Frequently,18174,135,771,15884,24,0,4,1,2,1,3,1,4,32,0,6,2,16,6,6,Yes,27,80,1,Y,20-03-1991,No
EMP0229,34,Male,Divorced,Operations,Operations Manager,Life Sciences,1,Travel_Rarely,132769,46,970,3128,17,1,5,1,3,1,2,4,4,4,6,10,6,34,3,7,No,28,80,1,Y,29-10-2019,No
EMP0230,46,Female,Single,IT,Software Engineer,Life Sciences,5,Travel_Frequently,50398,94,1385,19744,19,2,2,2,1,3,4,1,4,27,12,3,10,30,1,2,No,27,80,1,Y,11-12-1996,No
EMP0231,40,Female,Married,Research & Development,Research Scientist,Human Resources,5,Travel_Frequently,138549,138,500,23804,12,2,5,4,3,1,2,1,3,13,13,11,13,3,1,4,No,28,80,1,Y,10-04-2010,Yes
EMP0232,57,Male,Married,Human Resources,HR Director,Other,5,Travel_Rarely,87635,122,505,11292,22,3,2,4,3,2,2,2,3,4,16,1,15,13,1,9,Yes,23,80,1,Y,31-05-2019,No
EMP0233,29,Male,Divorced,IT,Software Engineer,Human Resources,1,Travel_Rarely,38760,106,201,7349,17,2,2,1,1,4,3,3,2,32,15,2,5,24,4,5,No,16,80,1,Y,10-05-1991,No
EMP0234,50,Female,Married,Marketing,Brand Manager,Medical,3,Non-Travel,145674,85,470,21009,13,0,5,1,4,4,4,2,3,18,14,6,1,39,6,5,Yes,18,80,1,Y,04-04-2005,No
EMP0235,53,Male,Single,Human Resources,Recruiter,Marketing,1,Travel_Rarely,29130,141,620,14319,16,0,3,4,3,4,1,1,4,21,16,13,10,6,3,7,No,10,80,1,Y,21-12-2002,Yes
EMP0236,39,Male,Single,Research & Development,Research Scientist,Life Sciences,3,Travel_Frequently,122215,122,1366,11823,13,0,4,3,4,3,3,2,4,4,1,10,10,30,3,4,No,29,80,1,Y,20-04-2019,Yes
EMP0237,27,Female,Married,Sales,Sales Director,Medical,2,Travel_Rarely,103095,70,899,2057,23,3,3,1,2,3,4,2,4,1,11,10,9,34,6,4,No,20,80,1,Y,08-07-2022,No
EMP0238,39,Female,Divorced,Finance,CFO,Human Resources,2,Travel_Frequently,75942,71,1063,10503,20,1,3,1,3,3,1,2,1,29,2,12,3,37,2,0,No,27,80,1,Y,21-06-1994,No
EMP0239,40,Female,Divorced,Operations,Logistics Executive,Human Resources,1,Non-Travel,113970,35,1159,24232,23,2,2,1,1,2,2,4,2,3,8,8,16,19,0,0,Yes,3,80,1,Y,16-01-2020,No
EMP0240,43,Male,Married,Research & Development,Research Scientist,Life Sciences,3,Travel_Rarely,97203,98,1193,12193,21,3,4,2,4,4,4,2,2,32,5,12,9,15,1,5,Yes,10,80,1,Y,12-10-1991,No
EMP0241,58,Male,Single,IT,IT Manager,Human Resources,3,Travel_Frequently,103177,127,1209,21121,21,1,2,4,2,2,2,1,3,12,5,13,8,21,0,9,No,13,80,1,Y,15-05-2011,No
EMP0242,53,Male,Married,Human Resources,HR Manager,Other,3,Travel_Rarely,87902,104,1078,7493,21,3,1,4,2,2,2,2,1,19,6,10,12,35,6,9,No,24,80,1,Y,05-11-2004,No
EMP0243,24,Female,Divorced,Finance,CFO,Human Resources,2,Travel_Rarely,107172,102,891,5877,15,2,2,4,3,1,4,4,2,6,7,1,10,18,6,4,No,23,80,1,Y,10-01-2017,No
EMP0244,49,Male,Divorced,Human Resources,HR Manager,Technical Degree,1,Travel_Rarely,35056,131,1066,4282,12,0,5,1,2,4,1,1,1,14,2,13,9,1,0,9,Yes,3,80,1,Y,14-04-2009,No
EMP0245,31,Male,Married,IT,IT Manager,Marketing,4,Travel_Rarely,70739,69,1260,25170,18,1,2,4,1,1,4,2,1,22,14,6,4,3,1,5,No,4,80,1,Y,16-05-2001,No
EMP0246,56,Female,Single,Human Resources,HR Director,Human Resources,3,Non-Travel,96685,70,306,13375,24,1,1,4,3,3,1,1,3,13,5,3,2,33,1,8,Yes,13,80,1,Y,27-07-2010,No
EMP0247,50,Female,Married,Sales,Sales Director,Technical Degree,3,Travel_Frequently,63639,38,1320,23892,18,3,2,4,2,3,3,4,1,22,10,6,3,6,2,7,Yes,14,80,1,Y,19-01-2001,No
EMP0248,36,Female,Single,Finance,Accountant,Medical,4,Travel_Rarely,15992,37,480,3431,17,3,1,2,1,2,3,3,2,18,2,11,2,13,4,6,No,4,80,1,Y,01-01-2006,No
EMP0249,54,Male,Single,Finance,CFO,Human Resources,1,Travel_Frequently,87394,73,1333,14526,16,0,4,2,4,2,3,4,3,28,15,4,9,31,1,6,Yes,12,80,1,Y,02-01-1996,No
EMP0250,28,Female,Married,IT,IT Manager,Other,3,Non-Travel,82657,87,748,3775,11,3,2,1,4,1,2,4,2,19,5,6,12,16,0,5,No,16,80,1,Y,26-01-2004,No
EMP0251,33,Male,Married,Operations,Operations Manager,Medical,1,Travel_Frequently,42160,133,751,22591,18,2,1,4,3,1,3,1,1,28,10,5,4,36,6,5,Yes,10,80,1,Y,23-09-1995,No
EMP0252,51,Male,Single,Sales,Sales Manager,Human Resources,3,Travel_Frequently,60156,96,387,13351,11,2,4,1,1,2,2,1,1,23,7,12,12,13,2,0,No,23,80,1,Y,26-06-2000,No
EMP0253,42,Female,Single,Research & Development,Data Analyst,Life Sciences,5,Non-Travel,101442,42,951,16639,18,2,5,1,2,4,1,3,4,17,9,1,0,16,3,6,No,24,80,1,Y,14-03-2006,Yes
EMP0254,52,Female,Single,Human Resources,HR Director,Technical Degree,3,Travel_Rarely,132925,48,1069,6385,21,2,3,1,3,2,4,3,3,9,9,11,10,31,6,4,No,20,80,1,Y,13-11-2014,No
EMP0255,45,Female,Single,Marketing,Content Writer,Technical Degree,5,Travel_Frequently,19136,127,218,24735,12,0,1,1,3,4,4,3,3,7,2,6,2,1,2,6,No,24,80,1,Y,20-07-2016,No
EMP0256,41,Female,Divorced,Human Resources,HR Director,Life Sciences,1,Travel_Frequently,76868,125,1058,17203,18,0,5,1,2,1,2,4,4,25,13,4,16,38,1,5,No,17,80,1,Y,06-07-1998,No
EMP0257,58,Female,Married,Human Resources,Recruiter,Marketing,3,Travel_Rarely,97263,78,1484,5974,20,0,4,1,1,3,2,4,2,28,8,14,12,3,6,7,No,29,80,1,Y,01-03-1995,Yes
EMP0258,25,Male,Single,Research & Development,Research Scientist,Other,2,Travel_Rarely,47167,109,1184,7905,22,3,5,2,2,3,2,3,2,9,12,8,15,39,5,2,Yes,25,80,1,Y,24-08-2014,Yes
EMP0259,49,Male,Married,Human Resources,HR Director,Technical Degree,2,Travel_Frequently,125957,129,609,23061,14,0,2,3,4,1,1,3,1,16,8,12,5,29,1,7,Yes,7,80,1,Y,02-10-2007,No
EMP0260,41,Male,Single,Sales,Sales Director,Medical,4,Non-Travel,30479,111,683,6465,17,1,3,2,3,1,1,3,3,1,11,12,6,29,4,6,Yes,4,80,1,Y,27-03-2022,No
EMP0261,45,Female,Married,Sales,Sales Manager,Other,2,Travel_Rarely,134392,107,823,26795,15,1,1,1,4,3,3,2,1,5,13,10,14,32,2,0,No,24,80,1,Y,21-08-2018,No
EMP0262,53,Male,Married,Finance,CFO,Technical Degree,5,Travel_Rarely,34585,59,855,21686,18,1,4,3,3,4,3,2,4,4,4,0,4,0,1,2,No,12,80,1,Y,03-09-2019,No
EMP0263,57,Female,Single,IT,IT Manager,Marketing,2,Non-Travel,41619,95,967,8945,22,3,3,3,2,1,4,3,1,27,5,0,15,32,0,9,No,10,80,1,Y,23-08-1996,No
EMP0264,55,Female,Single,Operations,Logistics Executive,Medical,2,Travel_Frequently,90069,106,217,13058,16,3,4,4,1,4,3,4,2,4,12,14,5,35,0,3,No,2,80,1,Y,06-05-2019,No
EMP0265,57,Male,Married,Marketing,Marketing Executive,Other,2,Travel_Rarely,54895,120,383,14636,24,0,5,1,2,4,1,1,2,17,12,1,2,30,2,8,No,14,80,1,Y,26-02-2006,No
EMP0266,23,Male,Married,Human Resources,HR Manager,Medical,3,Travel_Frequently,18720,88,604,4302,15,2,4,1,4,3,1,4,4,25,5,7,11,36,6,5,No,8,80,1,Y,16-07-1998,No
EMP0267,36,Female,Married,Human Resources,HR Director,Life Sciences,4,Travel_Frequently,34267,82,998,24669,11,1,4,2,1,4,1,1,2,19,13,14,3,13,4,6,Yes,10,80,1,Y,02-07-2004,No
EMP0268,55,Male,Divorced,Research & Development,Research Scientist,Human Resources,1,Travel_Frequently,68364,81,1354,6966,13,3,5,3,1,3,1,3,4,26,10,10,2,5,5,4,No,6,80,1,Y,05-10-1997,No
EMP0269,57,Female,Single,IT,Data Engineer,Life Sciences,4,Non-Travel,66567,110,678,15447,20,1,5,3,3,1,4,2,3,11,12,8,15,6,2,2,No,23,80,1,Y,23-04-2012,No
EMP0270,27,Male,Divorced,Sales,Sales Director,Other,5,Travel_Frequently,106229,60,207,22110,19,0,3,1,1,2,4,2,4,6,11,10,15,39,4,4,No,23,80,1,Y,30-05-2017,Yes
EMP0271,33,Male,Divorced,Marketing,Content Writer,Human Resources,3,Travel_Frequently,93518,44,904,20426,24,3,1,4,3,2,1,1,4,2,15,10,14,23,0,6,No,2,80,1,Y,16-09-2021,No
EMP0272,24,Male,Single,Finance,Accountant,Life Sciences,3,Travel_Rarely,97844,49,1359,16162,19,2,5,1,1,2,2,3,4,9,5,11,8,3,1,8,No,14,80,1,Y,03-06-2014,No
EMP0273,39,Male,Single,Sales,Account Manager,Human Resources,2,Travel_Rarely,105697,34,730,18058,15,2,3,3,1,2,3,2,2,33,8,6,1,24,3,8,Yes,11,80,1,Y,16-01-1990,No
EMP0274,42,Male,Divorced,IT,System Admin,Technical Degree,2,Non-Travel,72196,36,1112,10714,13,3,4,4,3,2,4,3,3,24,16,0,5,2,1,7,No,2,80,1,Y,01-07-1999,No
EMP0275,36,Female,Single,Operations,Logistics Executive,Medical,5,Non-Travel,130600,47,888,12899,16,2,4,4,1,2,2,3,1,34,15,11,13,27,0,4,No,4,80,1,Y,07-07-1989,Yes
EMP0276,54,Male,Married,Finance,Finance Manager,Human Resources,3,Travel_Rarely,115625,85,1234,4998,15,0,2,3,2,4,3,1,3,15,11,6,8,22,5,6,Yes,6,80,1,Y,13-06-2008,Yes
EMP0277,56,Male,Married,Operations,Supply Chain Manager,Technical Degree,1,Travel_Rarely,146567,104,752,26355,11,2,5,1,1,4,2,3,2,1,17,12,9,35,6,3,Yes,4,80,1,Y,11-08-2022,Yes
EMP0278,47,Male,Divorced,Research & Development,R&D Manager,Marketing,4,Non-Travel,59755,125,645,2909,12,1,3,1,4,2,1,3,3,23,8,7,14,12,0,9,No,22,80,1,Y,21-05-2000,No
EMP0279,29,Female,Divorced,Research & Development,Lab Technician,Life Sciences,3,Travel_Frequently,48324,143,1337,14729,22,1,3,1,3,1,3,1,3,9,2,6,3,21,1,4,Yes,5,80,1,Y,03-10-2014,No
EMP0280,57,Female,Single,Human Resources,Recruiter,Marketing,1,Non-Travel,93929,120,905,22517,15,1,1,2,3,1,2,2,4,21,9,12,4,24,1,3,Yes,6,80,1,Y,20-03-2002,No
EMP0281,51,Female,Single,Operations,Supply Chain Manager,Other,1,Travel_Frequently,147624,119,395,3880,24,3,3,2,2,4,4,4,4,25,10,11,5,23,5,2,No,9,80,1,Y,01-11-1998,No
EMP0282,44,Female,Divorced,IT,IT Manager,Technical Degree,4,Travel_Rarely,66272,130,1059,14497,19,3,5,4,4,4,4,3,2,26,1,4,14,36,5,0,Yes,22,80,1,Y,19-03-1997,No
EMP0283,35,Female,Divorced,Marketing,Content Writer,Marketing,1,Travel_Rarely,89462,74,827,20944,22,3,3,1,1,2,4,1,4,28,7,11,1,32,0,4,No,22,80,1,Y,22-01-1995,No
EMP0284,35,Male,Married,Finance,Accountant,Marketing,5,Travel_Rarely,69675,57,1180,9527,14,3,2,2,2,1,3,2,2,19,10,6,15,13,1,1,Yes,16,80,1,Y,10-09-2004,No
EMP0285,23,Male,Married,Sales,Sales Director,Technical Degree,1,Travel_Frequently,88591,79,829,7696,19,3,4,4,1,3,1,3,1,26,17,9,4,23,6,5,No,11,80,1,Y,17-11-1997,No
EMP0286,58,Male,Single,IT,Data Engineer,Medical,5,Non-Travel,47363,31,1388,5072,13,0,4,3,2,2,1,4,3,19,6,10,3,21,3,4,No,11,80,1,Y,20-08-2004,No
EMP0287,26,Female,Married,IT,IT Manager,Human Resources,1,Travel_Frequently,92004,113,1475,14018,11,3,3,3,3,4,3,2,1,18,13,1,0,36,3,1,Yes,24,80,1,Y,07-09-2005,No
EMP0288,59,Female,Single,Research & Development,R&D Manager,Other,2,Non-Travel,55718,97,243,6476,16,2,3,1,4,4,3,1,1,19,6,8,7,22,2,7,Yes,21,80,1,Y,27-03-2004,Yes
EMP0289,35,Male,Single,Operations,Logistics Executive,Other,1,Non-Travel,128627,106,688,13067,20,0,3,3,3,4,1,3,3,34,0,1,9,5,3,4,No,21,80,1,Y,02-06-1989,No
EMP0290,46,Female,Single,Human Resources,HR Director,Life Sciences,5,Non-Travel,41870,53,380,6489,24,3,3,3,2,3,4,1,4,1,11,1,14,18,0,1,No,10,80,1,Y,20-06-2022,No
EMP0291,41,Female,Married,Human Resources,Recruiter,Human Resources,1,Travel_Rarely,52394,141,1300,22875,17,2,2,3,1,1,1,4,1,29,0,4,1,11,0,0,Yes,29,80,1,Y,30-09-1994,Yes
EMP0292,23,Female,Divorced,Finance,Accountant,Life Sciences,1,Non-Travel,67057,131,573,18219,14,0,5,4,4,4,1,4,3,33,2,13,11,25,2,1,No,27,80,1,Y,27-10-1990,No
EMP0293,27,Male,Divorced,Research & Development,Research Scientist,Other,1,Travel_Rarely,94795,133,827,16367,20,1,2,3,1,2,2,1,1,21,1,14,9,28,6,0,Yes,1,80,1,Y,22-10-2002,No
EMP0294,38,Male,Married,IT,IT Manager,Human Resources,5,Non-Travel,95409,77,1156,8855,15,0,2,3,3,3,4,3,1,2,2,7,11,13,4,9,Yes,22,80,1,Y,04-05-2021,No
EMP0295,46,Female,Divorced,Marketing,Marketing Manager,Marketing,1,Non-Travel,28016,74,266,25785,14,3,2,4,1,1,3,1,3,5,3,5,8,16,6,9,Yes,17,80,1,Y,29-12-2018,No
EMP0296,49,Female,Single,Research & Development,Research Scientist,Medical,4,Travel_Rarely,57137,148,1315,5097,13,0,4,2,2,2,1,2,4,14,13,11,7,29,2,2,No,27,80,1,Y,06-10-2009,No
EMP0297,23,Female,Divorced,Finance,CFO,Marketing,4,Travel_Rarely,146225,122,978,13817,11,0,2,4,4,2,4,1,2,26,17,8,1,6,4,2,No,8,80,1,Y,06-06-1997,No
EMP0298,56,Female,Married,Finance,Finance Manager,Medical,5,Travel_Frequently,27379,87,850,21889,23,1,3,2,4,3,3,4,3,9,4,5,6,20,4,9,Yes,26,80,1,Y,23-04-2014,Yes
EMP0299,58,Male,Divorced,Research & Development,Data Analyst,Technical Degree,2,Non-Travel,136169,65,1467,3084,16,0,2,4,4,3,2,3,2,8,14,4,3,0,1,0,Yes,16,80,1,Y,27-10-2015,Yes
EMP0300,26,Female,Single,Finance,Accountant,Life Sciences,4,Travel_Rarely,141082,31,540,2552,20,0,3,1,2,3,2,3,3,32,15,0,7,37,5,6,No,25,80,1,Y,21-02-1991,No
EMP0301,22,Male,Single,Research & Development,Research Scientist,Life Sciences,3,Travel_Frequently,128089,134,1102,23944,15,1,5,3,1,4,4,4,3,31,7,7,12,3,3,9,No,6,80,1,Y,19-04-1992,No
EMP0302,33,Male,Married,Sales,Account Manager,Technical Degree,4,Travel_Frequently,26049,47,597,3153,21,3,4,2,4,1,1,4,2,5,7,2,2,7,6,6,No,14,80,1,Y,04-04-2018,No
EMP0303,57,Male,Married,Research & Development,Data Analyst,Human Resources,3,Travel_Rarely,146858,78,902,23857,11,2,5,4,3,4,3,2,2,1,6,11,4,17,4,8,Yes,25,80,1,Y,24-07-2022,No
EMP0304,44,Female,Married,Operations,Operations Analyst,Technical Degree,5,Non-Travel,137784,37,296,20629,15,0,5,2,3,3,4,4,4,28,5,12,7,7,1,4,Yes,2,80,1,Y,04-05-1995,No
EMP0305,52,Male,Single,Research & Development,R&D Manager,Other,2,Travel_Frequently,62691,87,1428,20070,16,1,4,2,3,3,2,4,3,3,6,1,1,30,2,3,No,9,80,1,Y,01-08-2020,Yes
EMP0306,32,Male,Divorced,Finance,Finance Manager,Technical Degree,3,Non-Travel,72986,44,648,24219,20,0,3,3,3,3,3,4,3,0,0,6,9,30,2,4,Yes,4,80,1,Y,26-08-2023,Yes
EMP0307,31,Female,Divorced,Operations,Supply Chain Manager,Medical,3,Non-Travel,109774,134,276,19077,15,3,3,2,3,4,3,3,3,18,12,10,15,27,6,7,Yes,19,80,1,Y,24-03-2005,No
EMP0308,24,Female,Married,Finance,Finance Manager,Other,4,Travel_Frequently,120315,46,1095,25922,11,3,3,4,2,2,1,4,4,25,6,1,3,36,6,7,No,17,80,1,Y,23-03-1998,No
EMP0309,35,Female,Divorced,Human Resources,Recruiter,Technical Degree,3,Travel_Rarely,72204,52,748,26475,24,1,4,1,1,3,2,1,2,24,0,13,13,2,4,3,Yes,1,80,1,Y,14-12-1999,No
EMP0310,37,Male,Divorced,Human Resources,Recruiter,Life Sciences,5,Non-Travel,35085,95,997,24219,15,2,2,1,2,4,2,1,3,9,9,14,2,14,6,7,No,24,80,1,Y,14-06-2014,No
EMP0311,31,Female,Married,Operations,Operations Manager,Marketing,5,Travel_Rarely,48980,99,1014,10689,20,2,1,3,3,3,2,3,2,14,12,0,9,3,1,3,No,2,80,1,Y,15-11-2009,No
EMP0312,50,Male,Married,Sales,Account Manager,Medical,5,Travel_Frequently,71117,122,1221,25178,11,0,2,4,3,4,3,2,4,21,3,10,12,34,0,3,No,17,80,1,Y,18-01-2002,No
EMP0313,31,Male,Single,Human Resources,Recruiter,Medical,4,Non-Travel,30896,56,334,15483,21,1,2,4,4,1,2,2,1,20,6,14,4,33,6,7,No,2,80,1,Y,15-10-2003,No
EMP0314,33,Female,Single,Research & Development,Data Analyst,Human Resources,2,Travel_Rarely,104353,66,853,17034,13,2,5,1,4,1,4,3,2,21,5,14,16,35,5,1,Yes,3,80,1,Y,07-12-2002,Yes
EMP0315,51,Male,Single,Finance,CFO,Marketing,4,Travel_Rarely,44813,78,1477,14159,22,3,1,4,1,4,2,1,4,33,5,12,16,5,5,3,No,4,80,1,Y,21-09-1990,No
EMP0316,22,Male,Single,Human Resources,HR Executive,Medical,5,Non-Travel,80679,93,1478,26951,23,2,3,2,1,3,3,3,1,29,10,1,10,3,3,0,No,13,80,1,Y,31-08-1994,No
EMP0317,26,Male,Divorced,Human Resources,HR Director,Technical Degree,4,Travel_Rarely,18228,63,845,2805,12,1,2,3,1,4,2,4,3,24,8,5,16,29,4,0,No,27,80,1,Y,09-05-1999,No
EMP0318,41,Male,Divorced,Sales,Sales Executive,Medical,5,Travel_Rarely,26397,47,919,2920,23,3,4,1,2,1,2,3,3,27,6,1,10,38,0,7,Yes,25,80,1,Y,20-02-1996,No
EMP0319,29,Female,Single,Operations,Operations Manager,Medical,1,Travel_Frequently,52011,93,812,15162,11,0,2,3,4,4,3,2,2,0,8,0,14,17,3,3,Yes,23,80,1,Y,13-11-2023,Yes
EMP0320,33,Male,Single,Operations,Operations Analyst,Medical,1,Travel_Frequently,94183,135,683,21988,14,3,3,2,1,1,2,1,1,3,5,0,7,21,0,5,Yes,12,80,1,Y,16-05-2020,No
EMP0321,22,Female,Married,IT,System Admin,Human Resources,3,Travel_Rarely,108254,103,1269,3443,12,2,2,1,4,1,1,2,4,6,13,13,11,9,5,4,Yes,21,80,1,Y,15-07-2017,No
EMP0322,41,Male,Divorced,Sales,Sales Manager,Medical,2,Travel_Rarely,57317,131,847,9048,15,2,5,4,4,2,3,2,3,8,0,3,16,28,1,9,No,5,80,1,Y,23-08-2015,No
EMP0323,49,Male,Divorced,Research & Development,Research Scientist,Medical,1,Non-Travel,117489,73,991,15707,20,2,5,4,4,3,2,1,3,18,15,7,4,22,6,5,Yes,14,80,1,Y,05-07-2005,No
EMP0324,58,Female,Single,Operations,Logistics Executive,Human Resources,5,Travel_Frequently,55096,46,778,19929,11,0,2,2,4,4,1,4,1,0,8,5,3,3,4,3,Yes,6,80,1,Y,01-07-2023,No
EMP0325,58,Male,Divorced,Finance,Accountant,Other,4,Non-Travel,68785,88,1227,3210,22,2,5,1,4,3,4,1,4,9,14,3,10,18,0,3,Yes,1,80,1,Y,23-03-2014,Yes
EMP0326,33,Male,Married,Sales,Account Manager,Marketing,4,Travel_Rarely,67344,42,200,18004,20,1,4,3,4,3,3,1,3,8,9,5,7,25,0,6,No,16,80,1,Y,24-03-2015,No
EMP0327,58,Male,Married,Human Resources,HR Executive,Other,3,Non-Travel,135382,81,308,12272,11,0,1,1,2,1,2,3,3,31,15,5,15,6,0,0,No,6,80,1,Y,30-08-1992,No
EMP0328,49,Male,Divorced,Finance,Finance Analyst,Life Sciences,4,Travel_Rarely,125489,89,659,8212,21,3,2,4,3,1,3,1,2,31,2,8,15,12,5,8,No,13,80,1,Y,16-07-1992,No
EMP0329,36,Male,Single,Finance,Finance Analyst,Human Resources,1,Travel_Frequently,26549,141,465,23071,20,2,4,1,4,4,1,3,4,5,12,3,2,2,4,9,No,13,80,1,Y,23-12-2018,No
EMP0330,27,Male,Divorced,Human Resources,HR Director,Human Resources,4,Travel_Frequently,40739,71,1361,23694,14,1,4,1,2,4,3,2,3,16,13,5,11,39,1,2,Yes,11,80,1,Y,09-06-2007,No
EMP0331,41,Female,Married,Sales,Sales Manager,Medical,1,Travel_Rarely,36209,120,243,12340,17,1,4,4,1,4,4,1,1,9,6,14,12,10,1,3,Yes,16,80,1,Y,02-11-2014,No
EMP0332,35,Female,Single,Human Resources,HR Manager,Medical,1,Travel_Frequently,122051,93,1085,11700,24,0,3,4,2,1,2,4,3,26,1,9,0,15,0,8,Yes,22,80,1,Y,12-07-1997,No
EMP0333,23,Female,Divorced,IT,Data Engineer,Life Sciences,2,Travel_Rarely,30116,146,1143,19297,24,1,2,3,2,2,4,3,4,34,13,0,3,19,1,4,Yes,14,80,1,Y,27-01-1989,No
EMP0334,30,Male,Single,Finance,Accountant,Medical,3,Non-Travel,35045,95,1182,21164,12,0,2,1,2,4,1,3,2,20,16,6,5,22,3,3,Yes,11,80,1,Y,02-03-2003,Yes
EMP0335,58,Male,Single,Marketing,Content Writer,Technical Degree,5,Travel_Rarely,50709,63,461,10581,12,0,2,4,4,1,3,4,3,24,12,6,4,22,1,5,No,5,80,1,Y,28-09-1999,No
EMP0336,41,Male,Married,Marketing,Content Writer,Medical,1,Non-Travel,58617,124,927,26116,11,0,1,2,1,2,2,3,1,27,1,10,4,31,0,0,Yes,26,80,1,Y,18-03-1996,No
EMP0337,47,Female,Single,Research & Development,Lab Technician,Medical,3,Travel_Rarely,134779,116,832,23371,15,3,4,4,2,3,2,3,3,14,4,0,9,37,3,9,No,25,80,1,Y,16-03-2009,No
EMP0338,50,Male,Divorced,Operations,Supply Chain Manager,Technical Degree,5,Travel_Frequently,57919,100,351,22009,16,3,2,3,1,1,1,4,1,3,3,7,1,2,4,0,No,26,80,1,Y,04-02-2020,No
EMP0339,22,Female,Single,Human Resources,HR Executive,Life Sciences,4,Travel_Rarely,98521,131,412,25710,23,1,5,3,2,4,1,2,4,28,2,13,15,7,2,4,No,10,80,1,Y,10-02-1995,No
EMP0340,56,Male,Single,Human Resources,Recruiter,Technical Degree,3,Travel_Rarely,21447,93,1215,15045,16,3,3,2,4,4,3,1,2,8,13,4,14,37,5,4,Yes,21,80,1,Y,03-04-2015,No
EMP0341,27,Male,Divorced,Research & Development,Research Scientist,Human Resources,3,Travel_Rarely,20499,62,1457,4570,12,0,1,3,2,2,2,1,4,26,10,12,4,39,1,8,Yes,25,80,1,Y,10-10-1997,No
EMP0342,58,Male,Married,Research & Development,R&D Manager,Technical Degree,3,Travel_Frequently,54041,41,1062,22121,22,0,3,1,2,2,1,1,3,25,7,14,8,13,6,0,No,26,80,1,Y,15-08-1998,No
EMP0343,26,Female,Married,Research & Development,Data Analyst,Marketing,4,Travel_Rarely,46315,138,822,4779,22,3,4,3,1,1,2,1,3,18,8,14,4,7,3,2,Yes,15,80,1,Y,08-07-2005,Yes
EMP0344,54,Male,Divorced,Finance,Finance Analyst,Human Resources,4,Travel_Frequently,147371,105,560,26914,17,1,5,2,1,2,3,1,2,27,15,8,4,10,2,2,Yes,7,80,1,Y,25-07-1996,No
EMP0345,35,Female,Divorced,IT,Software Engineer,Medical,3,Travel_Rarely,135506,48,519,20360,16,0,4,3,1,1,4,1,1,16,2,7,8,32,4,3,Yes,3,80,1,Y,26-01-2007,No
EMP0346,33,Male,Married,Human Resources,HR Manager,Human Resources,2,Non-Travel,106647,38,421,13628,18,3,2,2,3,2,1,3,4,19,9,2,8,14,2,6,Yes,11,80,1,Y,19-04-2004,No
EMP0347,41,Male,Single,Finance,Accountant,Life Sciences,1,Travel_Rarely,47355,103,409,19178,16,2,3,3,1,3,3,1,1,22,0,0,1,36,4,6,No,9,80,1,Y,02-05-2001,No
EMP0348,45,Female,Divorced,Research & Development,R&D Manager,Life Sciences,4,Non-Travel,88805,46,1130,3722,19,1,5,4,2,4,4,3,3,31,8,2,6,13,0,9,Yes,10,80,1,Y,25-05-1992,No
EMP0349,55,Male,Single,Human Resources,HR Director,Technical Degree,2,Travel_Frequently,83367,79,688,15885,20,1,3,2,3,4,3,4,1,32,15,13,0,25,0,4,Yes,23,80,1,Y,30-11-1991,No
EMP0350,46,Male,Divorced,Finance,CFO,Human Resources,4,Travel_Frequently,124906,133,800,19282,12,1,1,3,1,3,1,2,4,4,8,1,1,7,5,8,Yes,4,80,1,Y,21-06-2019,No
EMP0351,50,Male,Married,IT,IT Manager,Medical,3,Travel_Rarely,132409,68,973,2102,17,2,5,1,4,4,3,3,1,33,11,1,11,3,5,6,No,28,80,1,Y,01-03-1990,No
EMP0352,52,Male,Single,Finance,CFO,Life Sciences,2,Travel_Frequently,92355,70,1077,15262,15,0,1,2,1,4,2,2,3,10,0,10,5,35,4,1,No,25,80,1,Y,10-08-2013,No
EMP0353,44,Female,Single,IT,System Admin,Other,5,Travel_Rarely,131220,39,899,9453,11,1,5,2,4,4,1,4,4,2,15,14,15,17,2,2,Yes,22,80,1,Y,09-05-2021,No
EMP0354,59,Female,Divorced,Research & Development,Data Analyst,Medical,1,Travel_Frequently,102173,41,651,11639,13,3,2,3,3,4,2,1,1,32,7,3,3,26,5,6,Yes,25,80,1,Y,20-02-1991,Yes
EMP0355,41,Male,Single,IT,Software Engineer,Other,1,Non-Travel,16996,108,612,14406,14,1,3,4,4,3,3,2,1,10,13,1,4,18,1,4,Yes,20,80,1,Y,21-10-2013,No
EMP0356,44,Male,Divorced,Human Resources,Recruiter,Marketing,4,Travel_Frequently,59387,124,675,20416,22,3,3,4,3,1,1,2,4,15,13,7,5,2,2,6,Yes,26,80,1,Y,11-10-2008,No
EMP0357,37,Female,Married,Research & Development,Data Analyst,Other,1,Non-Travel,18089,44,455,14224,12,1,4,3,4,4,2,4,3,17,9,4,13,8,5,8,No,18,80,1,Y,12-02-2006,No
EMP0358,29,Male,Single,Human Resources,HR Director,Life Sciences,5,Travel_Rarely,113827,57,1373,8172,17,3,5,3,1,3,2,4,4,29,0,0,16,38,2,8,No,29,80,1,Y,20-07-1994,No
EMP0359,42,Female,Divorced,Marketing,Marketing Executive,Technical Degree,2,Travel_Rarely,35659,33,326,13252,11,3,5,1,3,4,2,4,3,9,5,5,9,1,6,2,No,14,80,1,Y,02-06-2014,Yes
EMP0360,22,Male,Single,Sales,Sales Director,Marketing,2,Travel_Rarely,60178,65,591,19918,13,3,1,3,2,3,4,3,1,17,8,11,3,8,1,7,No,9,80,1,Y,16-02-2006,No
EMP0361,29,Female,Divorced,IT,Software Engineer,Human Resources,3,Non-Travel,110965,148,679,9197,22,2,5,2,2,3,2,3,4,18,15,6,14,5,2,5,No,26,80,1,Y,26-02-2005,No
EMP0362,50,Female,Divorced,Sales,Sales Executive,Medical,2,Travel_Rarely,96268,94,1192,15677,19,2,3,3,2,1,2,2,3,12,10,12,5,37,2,3,No,28,80,1,Y,18-03-2011,No
EMP0363,53,Female,Divorced,Sales,Sales Executive,Life Sciences,4,Travel_Rarely,100042,137,1122,13039,21,2,5,1,1,2,3,4,4,2,10,0,5,27,3,3,Yes,20,80,1,Y,08-06-2021,No
EMP0364,59,Female,Married,IT,System Admin,Marketing,5,Non-Travel,121471,127,601,6570,24,0,4,3,2,1,3,2,1,9,13,12,2,33,4,3,No,16,80,1,Y,28-11-2014,No
EMP0365,26,Male,Single,Research & Development,Research Scientist,Marketing,3,Travel_Frequently,85111,76,473,8706,12,3,4,3,3,1,3,1,4,0,6,11,8,28,0,6,No,27,80,1,Y,22-11-2023,No
EMP0366,43,Male,Married,Marketing,Marketing Manager,Life Sciences,4,Travel_Rarely,115435,110,1044,13655,15,0,3,2,2,4,3,4,1,26,11,2,10,2,5,5,No,2,80,1,Y,17-10-1997,No
EMP0367,55,Female,Divorced,Human Resources,HR Manager,Human Resources,4,Travel_Frequently,104242,68,338,2434,14,2,3,4,3,3,4,3,1,7,4,8,4,15,6,1,Yes,23,80,1,Y,11-07-2016,No
EMP0368,22,Female,Divorced,Finance,Finance Manager,Human Resources,4,Travel_Frequently,128204,67,302,17139,22,3,3,3,2,2,3,4,1,16,0,12,13,34,5,4,No,7,80,1,Y,11-09-2007,No
EMP0369,47,Female,Married,Human Resources,HR Manager,Technical Degree,1,Travel_Rarely,32199,73,1465,11449,13,0,5,1,4,3,3,2,3,8,10,13,1,10,5,4,No,5,80,1,Y,27-07-2015,Yes
EMP0370,31,Female,Married,Finance,Accountant,Other,4,Travel_Rarely,75038,80,1340,26630,15,2,5,3,3,4,3,3,3,5,14,6,7,22,4,5,No,21,80,1,Y,24-07-2018,No
EMP0371,51,Male,Single,Human Resources,Recruiter,Human Resources,1,Non-Travel,72786,126,1437,11122,16,0,2,3,2,3,2,1,2,24,9,13,12,29,2,6,No,24,80,1,Y,07-02-1999,No
EMP0372,39,Female,Divorced,IT,Data Engineer,Technical Degree,2,Non-Travel,124636,114,683,15603,11,0,1,2,2,4,4,1,3,27,14,12,4,4,1,7,Yes,22,80,1,Y,11-08-1996,No
EMP0373,38,Female,Married,Marketing,Marketing Manager,Other,1,Travel_Rarely,64294,55,728,12991,12,2,5,4,2,1,3,2,2,32,12,14,14,7,1,9,Yes,17,80,1,Y,11-01-1991,No
EMP0374,47,Female,Divorced,Finance,CFO,Marketing,4,Travel_Frequently,15534,139,423,26887,11,3,2,4,3,1,2,4,4,8,14,11,3,9,0,7,Yes,11,80,1,Y,20-08-2015,No
EMP0375,29,Female,Divorced,Operations,Operations Analyst,Life Sciences,5,Non-Travel,106828,65,1493,15859,13,1,2,4,3,4,1,1,1,17,1,3,3,27,0,4,No,28,80,1,Y,02-03-2006,No
EMP0376,33,Female,Single,Research & Development,Lab Technician,Human Resources,5,Non-Travel,51132,98,1357,25640,18,1,4,3,2,1,4,2,3,20,12,14,8,35,0,1,Yes,4,80,1,Y,10-02-2003,Yes
EMP0377,48,Female,Single,Human Resources,Recruiter,Technical Degree,2,Travel_Rarely,130720,126,313,17571,18,0,5,2,4,3,3,3,1,1,11,5,14,9,1,9,Yes,17,80,1,Y,13-06-2022,No
EMP0378,29,Female,Single,Human Resources,Recruiter,Marketing,4,Travel_Rarely,51110,30,843,8461,14,0,2,2,3,2,2,3,2,14,3,5,11,13,2,7,Yes,21,80,1,Y,19-08-2009,No
EMP0379,46,Male,Married,Finance,Finance Analyst,Human Resources,1,Travel_Rarely,78580,82,850,22467,16,0,4,3,3,2,1,2,3,27,11,14,3,37,0,5,Yes,5,80,1,Y,25-05-1996,No
EMP0380,25,Female,Divorced,Research & Development,Lab Technician,Medical,5,Travel_Rarely,79016,35,1455,7996,22,3,1,2,4,3,1,4,3,17,14,11,2,36,0,2,Yes,4,80,1,Y,04-07-2006,No
EMP0381,54,Female,Married,Research & Development,Data Analyst,Marketing,3,Non-Travel,61233,66,657,6852,19,0,4,4,1,2,2,4,3,33,12,2,4,4,6,3,No,25,80,1,Y,15-03-1990,No
EMP0382,22,Female,Married,IT,Data Engineer,Human Resources,4,Non-Travel,144863,31,574,4512,24,0,1,2,4,3,2,4,3,21,1,1,16,5,1,0,No,24,80,1,Y,15-04-2002,No
EMP0383,40,Male,Single,Operations,Logistics Executive,Marketing,4,Non-Travel,121311,146,810,17446,17,0,3,3,2,4,4,4,1,10,15,4,4,29,5,2,No,10,80,1,Y,18-05-2013,No
EMP0384,52,Male,Divorced,IT,Software Engineer,Life Sciences,3,Travel_Frequently,49409,98,406,23912,12,2,3,3,3,2,2,2,3,12,13,7,3,18,2,3,No,3,80,1,Y,07-06-2011,No
EMP0385,37,Male,Divorced,IT,IT Manager,Life Sciences,5,Non-Travel,39054,119,1116,3263,21,1,4,1,3,4,3,2,2,3,1,2,6,13,0,1,No,21,80,1,Y,08-10-2020,No
EMP0386,35,Female,Single,IT,IT Manager,Life Sciences,3,Non-Travel,44709,70,520,24335,12,1,3,1,3,4,1,3,3,21,16,4,6,10,2,5,No,6,80,1,Y,04-10-2002,No
EMP0387,26,Female,Divorced,IT,System Admin,Other,2,Travel_Rarely,124321,80,292,4747,13,2,5,2,3,3,3,3,2,6,15,13,6,4,3,7,Yes,21,80,1,Y,22-12-2017,Yes
EMP0388,47,Female,Single,IT,Software Engineer,Medical,1,Non-Travel,15363,146,1381,17416,18,3,4,2,1,2,3,4,2,23,3,2,16,30,5,5,Yes,8,80,1,Y,03-11-2000,No
EMP0389,49,Male,Married,Marketing,Marketing Executive,Life Sciences,1,Non-Travel,25358,76,1071,9280,20,3,2,3,3,1,3,1,1,3,10,13,14,31,5,9,No,5,80,1,Y,03-09-2020,No
EMP0390,23,Female,Married,Research & Development,Lab Technician,Medical,5,Non-Travel,149312,42,298,12974,19,3,5,1,3,1,1,1,3,27,12,6,6,23,0,2,No,8,80,1,Y,04-02-1996,No
EMP0391,27,Male,Single,IT,System Admin,Life Sciences,3,Travel_Rarely,60689,105,424,19477,23,2,4,1,1,1,1,3,2,14,5,14,14,9,0,8,No,10,80,1,Y,29-08-2009,No
EMP0392,30,Male,Married,Research & Development,R&D Manager,Other,4,Non-Travel,16936,98,1051,12978,24,1,1,4,2,1,1,3,3,0,16,5,3,12,6,3,No,26,80,1,Y,08-01-2023,No
EMP0393,54,Male,Married,Research & Development,Lab Technician,Marketing,4,Non-Travel,127272,95,640,13007,13,1,3,4,2,3,2,2,1,2,0,5,1,12,1,5,Yes,19,80,1,Y,22-11-2021,No
EMP0394,46,Male,Single,Sales,Account Manager,Human Resources,4,Travel_Frequently,106074,88,919,5763,19,0,3,3,1,4,3,3,1,13,8,0,12,35,5,3,Yes,21,80,1,Y,19-09-2010,No
EMP0395,34,Male,Married,Marketing,Marketing Executive,Human Resources,2,Travel_Frequently,15882,97,784,25735,22,1,3,3,2,2,4,3,3,0,17,1,11,21,6,3,No,4,80,1,Y,08-10-2023,Yes
EMP0396,30,Female,Divorced,IT,System Admin,Life Sciences,2,Travel_Frequently,120227,88,263,14227,22,3,4,3,2,3,2,4,2,20,10,5,9,8,3,1,No,29,80,1,Y,17-06-2003,No
EMP0397,34,Female,Married,Human Resources,Recruiter,Human Resources,4,Travel_Frequently,140865,120,967,15031,20,3,5,3,4,1,2,1,4,28,13,7,14,18,3,9,No,27,80,1,Y,17-11-1995,No
EMP0398,52,Male,Single,Finance,Accountant,Life Sciences,5,Travel_Rarely,138745,143,759,12515,22,0,1,1,4,2,4,1,4,4,1,4,16,6,3,1,No,6,80,1,Y,15-11-2019,No
EMP0399,32,Female,Divorced,Operations,Logistics Executive,Life Sciences,2,Travel_Frequently,43885,146,869,2232,18,0,3,3,4,3,3,2,1,9,10,11,5,14,4,1,No,3,80,1,Y,02-12-2014,No
EMP0400,25,Female,Divorced,Human Resources,Recruiter,Technical Degree,2,Non-Travel,149275,39,1471,20485,15,1,5,3,1,4,4,1,2,27,1,1,4,16,1,1,No,28,80,1,Y,10-05-1996,No
EMP0401,55,Male,Married,Marketing,Marketing Executive,Technical Degree,1,Travel_Frequently,148316,42,567,14544,21,0,2,1,3,1,1,4,4,20,3,4,12,13,1,7,Yes,26,80,1,Y,01-04-2003,No
EMP0402,59,Male,Divorced,Finance,Accountant,Technical Degree,1,Travel_Rarely,113322,137,943,4028,20,0,2,4,1,2,3,4,2,6,12,8,13,1,0,9,Yes,4,80,1,Y,06-12-2017,No
EMP0403,25,Female,Single,Marketing,Brand Manager,Medical,5,Travel_Frequently,83619,31,817,24617,13,2,1,3,1,2,2,2,3,2,5,5,13,13,1,3,Yes,27,80,1,Y,19-12-2021,No
EMP0404,59,Female,Divorced,Research & Development,Data Analyst,Technical Degree,2,Travel_Frequently,36584,119,1205,26310,21,1,3,4,1,1,1,3,1,19,6,12,14,3,0,3,Yes,4,80,1,Y,16-06-2004,No
EMP0405,40,Female,Married,Finance,Finance Manager,Life Sciences,2,Travel_Rarely,23521,44,1321,20313,17,3,2,1,1,4,1,3,3,18,2,12,15,2,6,9,No,5,80,1,Y,12-04-2005,No
EMP0406,27,Female,Married,Research & Development,R&D Manager,Other,3,Travel_Rarely,48541,75,1491,18022,19,2,5,4,4,1,2,4,3,34,3,4,9,2,0,9,Yes,27,80,1,Y,28-11-1989,Yes
EMP0407,55,Male,Divorced,Human Resources,HR Executive,Other,5,Travel_Rarely,44063,86,1283,11650,22,3,5,1,1,4,4,2,3,3,2,9,0,10,4,2,Yes,15,80,1,Y,09-11-2020,Yes
EMP0408,39,Female,Single,Human Resources,HR Manager,Marketing,5,Travel_Rarely,85268,39,699,26983,16,0,2,3,4,2,1,4,2,4,0,5,10,4,6,4,No,16,80,1,Y,21-08-2019,No
EMP0409,34,Male,Single,Finance,Accountant,Technical Degree,3,Travel_Rarely,141218,51,1206,21724,13,0,3,4,3,1,1,1,4,0,12,12,6,28,1,3,Yes,6,80,1,Y,19-02-2023,No
EMP0410,44,Male,Married,Finance,Finance Analyst,Other,3,Travel_Rarely,133206,133,610,20361,15,3,1,3,2,4,3,1,3,3,13,11,16,27,1,6,Yes,18,80,1,Y,14-10-2020,No
EMP0411,40,Female,Married,IT,IT Manager,Technical Degree,1,Non-Travel,148639,118,1217,4413,17,2,3,2,4,4,3,4,1,11,15,13,3,22,4,9,Yes,26,80,1,Y,21-11-2012,No
EMP0412,32,Female,Single,Marketing,Brand Manager,Marketing,5,Travel_Frequently,147746,108,1363,10026,18,2,4,2,1,3,2,3,2,26,3,10,6,29,4,6,No,12,80,1,Y,06-02-1997,No
EMP0413,22,Female,Divorced,IT,Software Engineer,Other,5,Travel_Frequently,91411,106,663,7418,23,2,2,4,3,4,2,1,4,22,16,11,2,22,6,5,No,24,80,1,Y,21-06-2001,No
EMP0414,45,Male,Divorced,Marketing,Marketing Manager,Life Sciences,3,Travel_Rarely,124876,37,901,24409,24,0,4,1,1,1,2,2,3,24,9,8,13,21,6,6,No,20,80,1,Y,02-08-1999,No
EMP0415,28,Male,Divorced,IT,System Admin,Medical,4,Travel_Rarely,38331,50,362,23321,22,1,2,4,3,1,4,3,1,20,6,6,0,11,1,6,No,7,80,1,Y,11-09-2003,Yes
EMP0416,46,Male,Divorced,Research & Development,Lab Technician,Technical Degree,4,Non-Travel,38004,114,259,11952,14,0,1,1,2,4,1,1,3,23,12,9,5,26,1,7,Yes,23,80,1,Y,02-09-2000,Yes
EMP0417,42,Male,Single,Finance,CFO,Other,1,Non-Travel,134243,51,1254,5597,12,3,3,2,3,1,2,4,4,24,12,2,8,39,6,0,No,12,80,1,Y,15-08-1999,No
EMP0418,36,Female,Married,Human Resources,Recruiter,Other,4,Travel_Rarely,78217,139,532,19762,20,2,3,1,3,2,3,3,4,31,13,9,1,14,0,2,No,14,80,1,Y,27-05-1992,No
EMP0419,22,Male,Married,Marketing,Marketing Manager,Marketing,4,Non-Travel,104044,126,275,2620,12,1,2,2,2,2,1,3,3,31,5,9,7,22,2,2,No,13,80,1,Y,23-02-1992,No
EMP0420,33,Male,Divorced,Marketing,Content Writer,Life Sciences,4,Non-Travel,24045,74,516,2929,22,2,5,4,2,1,2,1,3,4,15,4,3,18,5,4,Yes,26,80,1,Y,30-10-2019,Yes
EMP0421,28,Female,Single,Human Resources,Recruiter,Human Resources,2,Travel_Rarely,35116,120,389,24928,13,0,4,3,3,4,1,2,2,15,8,3,9,10,0,9,Yes,11,80,1,Y,29-10-2008,No
EMP0422,36,Male,Single,IT,IT Manager,Other,1,Travel_Rarely,33667,69,495,25956,18,1,3,3,1,2,1,1,4,32,15,10,0,37,3,6,Yes,11,80,1,Y,15-04-1991,No
EMP0423,42,Male,Divorced,Marketing,Content Writer,Medical,3,Travel_Rarely,90057,143,700,17455,11,1,3,3,4,4,1,1,4,20,11,4,10,39,3,9,Yes,2,80,1,Y,11-10-2003,No
EMP0424,40,Female,Divorced,Operations,Operations Analyst,Marketing,4,Travel_Rarely,89205,51,376,24210,24,0,2,1,1,1,2,1,3,8,15,7,8,2,2,5,No,14,80,1,Y,20-12-2015,No
EMP0425,50,Male,Divorced,Research & Development,Lab Technician,Other,2,Travel_Frequently,42302,59,999,16905,17,2,5,3,4,3,1,1,1,5,4,10,10,15,5,3,Yes,15,80,1,Y,16-12-2018,No
EMP0426,46,Male,Married,Finance,CFO,Other,4,Travel_Frequently,87534,91,1005,2974,16,2,4,1,2,2,1,1,3,34,10,13,3,31,4,5,No,23,80,1,Y,04-02-1989,No
EMP0427,54,Male,Divorced,Human Resources,HR Director,Marketing,2,Travel_Rarely,28440,102,1059,14679,24,2,5,3,1,1,1,4,3,21,0,5,4,37,3,6,Yes,28,80,1,Y,08-07-2002,No
EMP0428,53,Male,Married,Finance,Finance Manager,Marketing,1,Non-Travel,126001,74,414,20073,12,0,5,1,2,2,3,1,4,4,9,3,16,8,4,3,No,1,80,1,Y,20-07-2019,Yes
EMP0429,56,Female,Single,Operations,Operations Analyst,Technical Degree,4,Travel_Rarely,61501,64,852,6671,19,3,2,1,3,4,2,2,2,22,10,4,4,37,4,7,Yes,12,80,1,Y,08-05-2001,No
EMP0430,59,Male,Single,Marketing,Brand Manager,Other,2,Travel_Frequently,147341,111,796,25304,23,3,5,2,3,3,4,3,3,16,14,10,16,4,0,4,Yes,14,80,1,Y,11-05-2007,No
EMP0431,47,Female,Married,Marketing,Content Writer,Human Resources,5,Non-Travel,22868,71,327,25160,22,2,4,2,1,3,3,4,1,11,2,6,2,0,4,2,Yes,18,80,1,Y,02-04-2012,Yes
EMP0432,32,Male,Married,Operations,Operations Manager,Medical,5,Travel_Frequently,92909,34,1492,15599,15,1,1,4,2,1,1,2,1,22,14,13,10,34,2,1,Yes,21,80,1,Y,20-08-2001,No
EMP0433,56,Female,Married,Human Resources,HR Director,Life Sciences,2,Travel_Rarely,99523,56,750,14810,12,3,1,2,1,2,1,1,3,15,10,7,16,34,0,0,No,24,80,1,Y,30-03-2008,No
EMP0434,29,Female,Married,Research & Development,Research Scientist,Life Sciences,4,Travel_Frequently,30734,99,818,10917,13,2,4,1,1,3,4,2,1,2,8,4,7,11,2,3,Yes,28,80,1,Y,19-05-2021,No
EMP0435,35,Female,Divorced,Sales,Account Manager,Human Resources,4,Travel_Frequently,98600,91,547,10353,17,3,2,2,4,2,4,3,1,29,1,1,7,35,4,1,No,23,80,1,Y,31-10-1994,No
EMP0436,31,Male,Single,Human Resources,HR Manager,Marketing,1,Travel_Frequently,23433,61,341,9784,17,2,3,2,3,4,3,2,3,21,11,5,1,20,3,2,No,3,80,1,Y,14-01-2002,Yes
EMP0437,23,Male,Divorced,Sales,Sales Manager,Marketing,1,Non-Travel,118986,37,1368,16225,20,3,2,2,1,4,1,1,1,8,15,8,6,7,5,0,Yes,29,80,1,Y,02-04-2015,Yes
EMP0438,30,Male,Married,Operations,Logistics Executive,Marketing,3,Travel_Frequently,78753,149,991,2658,11,3,4,1,3,1,4,3,1,28,15,2,5,26,4,5,Yes,26,80,1,Y,10-10-1995,No
EMP0439,24,Female,Divorced,IT,Data Engineer,Other,1,Non-Travel,128783,132,444,4897,20,1,5,1,4,3,3,1,3,22,0,6,6,8,2,3,Yes,25,80,1,Y,10-03-2001,No
EMP0440,42,Male,Divorced,Sales,Account Manager,Marketing,4,Travel_Rarely,36751,114,902,24052,24,1,1,4,2,3,4,1,4,12,15,7,11,27,1,4,Yes,12,80,1,Y,05-03-2011,No
EMP0441,47,Male,Single,Research & Development,Data Analyst,Marketing,3,Travel_Rarely,63570,47,1335,24609,21,3,5,2,1,2,1,4,2,31,5,5,6,29,1,7,No,29,80,1,Y,20-05-1992,No
EMP0442,29,Male,Divorced,IT,Data Engineer,Other,1,Travel_Frequently,39503,107,413,14291,21,2,2,2,3,4,1,3,2,22,13,11,6,13,3,3,No,5,80,1,Y,17-02-2001,No
EMP0443,23,Male,Single,Sales,Account Manager,Other,2,Non-Travel,148851,44,399,20926,22,1,4,1,1,3,1,3,4,16,10,2,0,22,6,5,Yes,3,80,1,Y,14-02-2007,No
EMP0444,27,Female,Married,Operations,Logistics Executive,Human Resources,5,Travel_Rarely,101840,135,604,15572,14,0,1,4,2,1,1,1,3,20,0,0,9,28,5,2,No,7,80,1,Y,24-03-2003,No
EMP0445,49,Female,Divorced,IT,IT Manager,Technical Degree,1,Non-Travel,146827,55,620,5205,16,1,4,4,1,1,2,2,4,1,16,2,9,25,2,7,Yes,16,80,1,Y,24-05-2022,No
EMP0446,50,Male,Married,Operations,Operations Manager,Other,1,Non-Travel,54263,82,206,6044,18,3,1,1,1,3,2,3,2,5,1,10,11,21,3,2,No,20,80,1,Y,09-04-2018,No
EMP0447,47,Male,Single,Sales,Sales Executive,Medical,2,Travel_Frequently,123491,73,791,5433,13,3,1,2,3,1,2,2,2,17,13,5,2,14,0,6,Yes,17,80,1,Y,12-02-2006,No
EMP0448,46,Male,Married,Operations,Operations Analyst,Marketing,4,Travel_Frequently,70087,61,485,8711,24,0,1,4,2,3,3,2,2,29,7,10,2,8,4,6,No,21,80,1,Y,15-02-1994,No
EMP0449,33,Female,Married,Research & Development,R&D Manager,Technical Degree,2,Non-Travel,66482,132,870,9384,13,1,2,4,4,3,3,3,2,21,5,3,12,25,6,2,Yes,27,80,1,Y,08-04-2002,No
EMP0450,26,Male,Single,Sales,Sales Executive,Life Sciences,1,Non-Travel,137989,57,588,19261,18,3,4,2,2,3,4,2,3,32,8,0,12,16,0,2,Yes,8,80,1,Y,04-08-1991,No
EMP0451,55,Female,Married,Sales,Sales Director,Human Resources,4,Travel_Frequently,55115,68,615,19475,18,0,3,4,2,3,4,3,2,29,4,5,5,8,1,9,Yes,15,80,1,Y,15-07-1994,No
EMP0452,58,Female,Married,Sales,Sales Manager,Technical Degree,3,Non-Travel,29249,136,983,5059,18,0,3,2,4,2,3,4,2,16,4,0,2,2,4,9,Yes,28,80,1,Y,04-05-2007,No
EMP0453,36,Male,Married,Human Resources,HR Director,Other,1,Travel_Frequently,125361,61,1206,25391,11,2,3,4,1,3,4,3,3,31,17,11,14,15,0,7,No,20,80,1,Y,07-04-1992,No
EMP0454,57,Male,Divorced,Human Resources,HR Manager,Marketing,2,Non-Travel,39600,106,1373,17915,18,1,4,4,3,1,3,3,4,13,13,7,8,12,1,2,Yes,15,80,1,Y,10-09-2010,No
EMP0455,36,Male,Married,Human Resources,Recruiter,Marketing,3,Travel_Frequently,52706,108,1214,23646,18,1,5,1,1,4,2,3,3,9,11,2,5,25,5,1,Yes,23,80,1,Y,19-11-2014,No
EMP0456,44,Female,Single,Research & Development,Data Analyst,Marketing,5,Non-Travel,34222,47,627,9513,12,1,4,4,1,2,3,4,2,33,11,2,5,16,0,4,No,8,80,1,Y,28-05-1990,No
EMP0457,27,Female,Divorced,IT,Software Engineer,Technical Degree,3,Travel_Frequently,114041,132,1204,15865,22,3,1,2,4,4,3,2,1,8,5,13,7,31,4,6,No,25,80,1,Y,30-07-2015,No
EMP0458,42,Male,Divorced,Operations,Operations Manager,Marketing,2,Non-Travel,119504,99,533,3674,19,0,5,4,4,4,4,4,3,27,3,0,10,23,0,7,Yes,11,80,1,Y,04-07-1996,No
EMP0459,44,Female,Single,Marketing,Brand Manager,Other,3,Travel_Rarely,56139,148,471,11800,17,2,1,1,1,4,4,2,3,10,14,2,15,35,6,0,No,25,80,1,Y,06-06-2013,No
EMP0460,37,Male,Married,Sales,Sales Director,Technical Degree,2,Travel_Rarely,129919,40,1266,21210,18,1,1,4,2,4,3,3,4,13,14,6,8,21,6,1,No,21,80,1,Y,24-08-2010,No
EMP0461,36,Male,Divorced,Operations,Operations Manager,Marketing,1,Non-Travel,56302,61,518,21436,12,2,4,3,3,4,1,3,2,18,16,9,10,8,4,6,Yes,22,80,1,Y,18-10-2005,Yes
EMP0462,46,Female,Divorced,Sales,Account Manager,Life Sciences,4,Travel_Rarely,102838,133,726,15978,14,2,3,2,2,1,4,4,1,14,2,7,15,21,0,8,Yes,23,80,1,Y,02-08-2009,No
EMP0463,57,Female,Divorced,Research & Development,Lab Technician,Life Sciences,5,Non-Travel,93353,49,959,18697,17,0,5,3,1,3,3,4,3,27,9,10,5,19,3,2,Yes,10,80,1,Y,02-01-1997,No
EMP0464,32,Female,Married,Sales,Account Manager,Medical,4,Non-Travel,103992,126,1395,18767,16,1,2,1,1,1,4,4,3,23,7,14,16,2,5,7,Yes,18,80,1,Y,06-01-2001,No
EMP0465,36,Female,Divorced,Human Resources,HR Executive,Marketing,4,Travel_Rarely,66428,69,520,7884,17,2,3,3,3,2,1,4,3,7,8,7,15,35,0,9,Yes,9,80,1,Y,10-04-2016,No
EMP0466,25,Male,Single,Marketing,Marketing Manager,Marketing,4,Non-Travel,38777,37,938,20196,11,1,2,4,2,1,4,3,1,8,2,2,0,32,0,2,No,16,80,1,Y,26-10-2015,Yes
EMP0467,42,Male,Married,Finance,Accountant,Technical Degree,2,Travel_Frequently,72939,144,1267,20708,18,1,4,2,1,2,3,3,3,32,0,4,7,17,6,3,No,1,80,1,Y,17-07-1991,No
EMP0468,34,Male,Single,Sales,Sales Executive,Technical Degree,2,Non-Travel,101450,64,653,15383,23,1,5,3,1,3,3,1,3,32,10,0,9,35,6,1,Yes,22,80,1,Y,16-08-1991,No
EMP0469,43,Female,Single,Operations,Logistics Executive,Marketing,5,Non-Travel,38548,98,945,7248,17,2,4,4,4,4,1,4,1,18,12,8,1,9,3,8,Yes,6,80,1,Y,10-05-2005,No
EMP0470,40,Male,Divorced,Human Resources,HR Director,Medical,2,Travel_Rarely,140549,128,1128,5429,23,0,2,3,3,3,3,4,3,2,11,14,8,35,6,4,Yes,23,80,1,Y,03-04-2021,Yes
EMP0471,55,Female,Divorced,Finance,Accountant,Marketing,2,Travel_Frequently,46625,140,1047,21675,14,0,1,4,4,1,1,2,1,9,6,7,3,20,1,4,Yes,2,80,1,Y,30-12-2014,No
EMP0472,35,Female,Divorced,Marketing,Marketing Executive,Other,2,Non-Travel,39918,107,1067,25557,11,2,4,4,4,1,3,2,4,0,1,9,10,24,4,3,No,13,80,1,Y,14-01-2023,No
EMP0473,25,Female,Single,Finance,CFO,Technical Degree,2,Non-Travel,129826,50,973,23230,18,3,5,3,4,3,3,3,1,28,0,1,9,39,2,4,No,22,80,1,Y,02-05-1995,No
EMP0474,48,Male,Married,Human Resources,HR Executive,Marketing,1,Non-Travel,129881,140,282,25151,20,1,4,1,1,3,4,1,4,33,2,9,13,8,1,0,Yes,6,80,1,Y,10-05-1990,No
EMP0475,50,Female,Divorced,IT,IT Manager,Technical Degree,5,Non-Travel,30577,53,742,18611,17,1,3,2,2,1,4,4,1,12,3,0,6,26,4,9,No,9,80,1,Y,04-08-2011,No
EMP0476,49,Female,Divorced,IT,IT Manager,Marketing,2,Non-Travel,100155,46,521,24457,18,0,4,1,4,3,1,1,2,0,16,12,5,14,0,9,No,14,80,1,Y,28-12-2023,No
EMP0477,56,Female,Single,Finance,Accountant,Human Resources,5,Non-Travel,126776,47,985,12256,20,2,2,3,2,2,4,1,3,33,17,12,15,31,1,5,Yes,24,80,1,Y,03-06-1990,No
EMP0478,29,Female,Married,Research & Development,Data Analyst,Technical Degree,3,Travel_Frequently,114246,127,1457,24088,11,2,4,4,1,2,2,3,4,28,16,3,12,38,0,3,Yes,21,80,1,Y,12-08-1995,No
EMP0479,37,Female,Single,Operations,Operations Analyst,Medical,1,Travel_Frequently,109948,41,739,10203,15,3,5,3,4,1,1,1,3,12,3,8,11,15,1,3,No,7,80,1,Y,05-03-2011,No
EMP0480,57,Female,Divorced,Operations,Operations Analyst,Human Resources,2,Non-Travel,36341,45,451,9765,19,3,4,4,1,1,2,4,3,28,16,11,14,27,1,4,No,23,80,1,Y,12-09-1995,No
EMP0481,51,Female,Single,Finance,Finance Manager,Other,1,Non-Travel,112554,33,1035,3522,15,0,4,4,4,3,1,3,1,23,1,7,7,5,2,0,No,5,80,1,Y,03-01-2001,No
EMP0482,39,Female,Divorced,Sales,Sales Manager,Marketing,1,Travel_Rarely,122798,118,648,2691,23,3,5,1,4,3,2,1,2,25,9,2,3,5,3,3,No,7,80,1,Y,02-04-1998,Yes
EMP0483,23,Female,Married,Sales,Sales Executive,Other,3,Travel_Frequently,61330,63,1462,3739,24,3,4,1,1,4,4,3,1,16,11,9,7,37,1,9,Yes,3,80,1,Y,28-06-2007,No
EMP0484,34,Female,Single,Operations,Supply Chain Manager,Technical Degree,5,Travel_Frequently,102759,121,689,3525,24,2,5,3,3,2,4,3,3,6,12,11,15,1,6,2,No,23,80,1,Y,28-09-2017,No
EMP0485,25,Female,Divorced,Operations,Supply Chain Manager,Human Resources,1,Non-Travel,101807,75,663,18453,20,2,2,2,3,1,3,2,1,12,10,5,15,39,0,4,Yes,13,80,1,Y,08-06-2011,No
EMP0486,47,Female,Divorced,IT,IT Manager,Other,4,Travel_Frequently,48313,104,513,8251,22,3,5,1,2,1,2,3,4,4,7,11,1,6,2,9,No,22,80,1,Y,21-03-2019,No
EMP0487,46,Male,Divorced,Research & Development,R&D Manager,Medical,3,Travel_Frequently,61900,106,1398,12440,13,0,2,4,2,1,3,1,2,25,4,8,16,26,1,4,No,12,80,1,Y,29-05-1998,No
EMP0488,51,Male,Divorced,Human Resources,HR Director,Technical Degree,4,Travel_Rarely,93840,60,1403,21507,19,3,2,3,1,1,1,2,3,2,1,9,4,27,6,7,Yes,6,80,1,Y,13-06-2021,No
EMP0489,32,Female,Single,Sales,Sales Director,Human Resources,3,Travel_Rarely,101072,54,584,15860,23,0,5,3,1,4,2,4,1,6,11,7,4,15,3,0,Yes,2,80,1,Y,28-08-2017,No
EMP0490,28,Female,Divorced,Operations,Supply Chain Manager,Other,4,Travel_Frequently,111367,132,494,23108,19,3,4,2,1,2,3,4,4,0,1,9,11,8,0,2,No,15,80,1,Y,10-10-2023,No
EMP0491,52,Female,Single,IT,Software Engineer,Human Resources,4,Travel_Frequently,64156,103,1438,9649,14,2,3,3,3,4,1,4,2,16,5,4,6,14,2,4,No,15,80,1,Y,09-02-2007,No
EMP0492,31,Male,Divorced,Marketing,Marketing Manager,Human Resources,1,Travel_Frequently,102453,53,1185,3287,14,2,5,1,3,2,2,4,1,24,11,11,4,33,4,2,Yes,18,80,1,Y,22-06-1999,No
EMP0493,34,Male,Single,IT,Data Engineer,Other,1,Non-Travel,40938,94,961,15193,21,0,4,4,4,1,3,4,1,2,12,12,3,19,5,5,No,23,80,1,Y,22-06-2021,No
EMP0494,52,Male,Single,Sales,Sales Executive,Life Sciences,3,Travel_Rarely,74164,146,968,10767,18,3,2,3,4,2,2,1,3,14,16,11,16,13,3,9,Yes,17,80,1,Y,14-09-2009,Yes
EMP0495,28,Female,Divorced,Sales,Sales Director,Marketing,5,Non-Travel,75282,54,1298,17913,17,3,1,3,1,1,2,3,4,28,11,8,5,10,6,2,Yes,25,80,1,Y,27-08-1995,No
EMP0496,57,Female,Divorced,IT,IT Manager,Technical Degree,1,Travel_Rarely,62801,57,543,17629,21,0,3,4,1,4,3,2,2,31,2,8,13,29,4,5,No,3,80,1,Y,29-11-1992,No
EMP0497,41,Female,Divorced,Human Resources,HR Manager,Technical Degree,1,Travel_Rarely,18326,65,341,6954,15,3,4,3,2,2,4,3,1,25,7,2,8,2,4,7,No,22,80,1,Y,05-06-1998,No
EMP0498,25,Female,Divorced,Finance,Finance Manager,Technical Degree,2,Travel_Rarely,149731,111,917,2744,16,1,3,3,3,3,4,3,2,15,15,11,3,1,2,3,Yes,3,80,1,Y,19-02-2008,Yes
EMP0499,28,Male,Married,Sales,Sales Manager,Human Resources,1,Travel_Frequently,130819,35,1422,12719,13,2,1,2,1,2,3,1,4,24,3,7,10,13,2,7,Yes,28,80,1,Y,07-09-1999,No
EMP0500,22,Female,Divorced,IT,System Admin,Other,5,Travel_Rarely,19763,95,1394,24659,24,2,1,1,3,1,1,1,3,27,12,3,15,28,2,6,Yes,9,80,1,Y,18-04-1996,Yes
EMP0501,34,Male,Divorced,Operations,Operations Analyst,Marketing,2,Non-Travel,62588,96,605,14402,16,0,1,3,1,3,3,1,3,8,7,9,15,4,6,3,Yes,10,80,1,Y,24-02-2015,No
EMP0502,43,Male,Divorced,IT,Data Engineer,Medical,4,Travel_Rarely,26221,139,427,6576,23,3,5,1,4,1,3,2,3,0,0,6,15,5,6,2,Yes,12,80,1,Y,11-01-2023,Yes
EMP0503,42,Female,Single,Research & Development,Data Analyst,Technical Degree,4,Non-Travel,28569,101,610,23460,18,0,3,2,1,3,2,1,2,28,2,9,5,7,4,4,Yes,23,80,1,Y,23-01-1995,No
EMP0504,43,Male,Divorced,Finance,Finance Manager,Other,2,Travel_Rarely,52860,124,1151,11216,20,1,5,1,4,3,4,3,2,21,0,7,14,38,5,4,No,1,80,1,Y,20-08-2002,No
EMP0505,49,Male,Single,Marketing,Brand Manager,Marketing,2,Travel_Rarely,60337,77,1097,18363,24,3,1,2,2,2,4,2,1,15,14,6,2,38,0,6,No,4,80,1,Y,12-08-2008,Yes
EMP0506,30,Male,Single,Human Resources,Recruiter,Marketing,2,Travel_Frequently,86695,112,890,19325,23,1,4,1,2,2,4,1,4,6,17,4,8,28,2,0,Yes,21,80,1,Y,04-02-2017,No
EMP0507,47,Male,Single,Marketing,Content Writer,Life Sciences,3,Non-Travel,121749,143,1077,7050,21,0,1,1,2,3,4,1,4,13,2,10,0,38,3,8,No,23,80,1,Y,07-04-2010,Yes
EMP0508,30,Female,Single,Finance,CFO,Other,5,Travel_Rarely,58790,99,986,15948,19,2,5,3,1,3,3,1,4,28,14,0,10,26,2,1,Yes,23,80,1,Y,24-08-1995,No
EMP0509,36,Female,Married,Finance,Finance Analyst,Technical Degree,5,Travel_Rarely,83580,107,261,19151,13,1,1,1,2,3,2,3,2,18,4,11,5,15,5,8,Yes,5,80,1,Y,08-06-2005,Yes
EMP0510,31,Male,Divorced,Finance,Finance Analyst,Human Resources,4,Non-Travel,20636,96,1078,4438,18,3,1,3,1,1,4,1,3,18,9,7,4,26,2,8,Yes,28,80,1,Y,01-10-2005,No
EMP0511,45,Female,Single,Marketing,Content Writer,Marketing,4,Travel_Rarely,92129,77,1356,12382,22,0,5,3,3,2,4,3,4,1,6,4,11,38,5,2,No,17,80,1,Y,27-11-2022,Yes
EMP0512,29,Male,Divorced,Operations,Supply Chain Manager,Marketing,4,Travel_Frequently,148964,94,1412,16663,13,0,5,1,4,1,2,2,1,14,7,2,6,39,2,6,No,21,80,1,Y,03-10-2009,No
EMP0513,45,Female,Single,Finance,Accountant,Medical,1,Non-Travel,36672,73,555,16069,12,0,4,3,3,2,3,1,2,2,2,1,1,0,4,2,Yes,5,80,1,Y,24-10-2021,No
EMP0514,37,Female,Married,IT,Data Engineer,Life Sciences,4,Travel_Frequently,20812,123,270,10819,15,2,5,1,1,4,3,4,3,10,17,2,6,32,5,7,Yes,4,80,1,Y,08-08-2013,No
EMP0515,47,Female,Single,Marketing,Content Writer,Marketing,2,Non-Travel,15654,92,462,18760,24,0,4,4,2,1,3,4,4,29,16,12,8,38,0,7,No,29,80,1,Y,13-11-1994,No
EMP0516,48,Female,Divorced,Finance,Accountant,Marketing,4,Non-Travel,69633,75,505,14078,14,0,2,3,4,2,4,3,3,17,15,8,7,26,2,2,No,22,80,1,Y,13-02-2006,No
EMP0517,58,Female,Divorced,IT,Software Engineer,Human Resources,2,Non-Travel,32143,48,757,18473,23,2,2,4,2,3,4,1,1,1,12,1,8,16,4,4,Yes,15,80,1,Y,13-05-2022,No
EMP0518,25,Male,Married,Operations,Operations Manager,Human Resources,3,Travel_Rarely,70934,147,1447,13047,15,0,5,4,3,3,4,1,4,31,3,13,9,14,3,6,Yes,24,80,1,Y,27-02-1992,Yes
EMP0519,45,Female,Divorced,Research & Development,Data Analyst,Medical,1,Non-Travel,82334,93,961,11257,16,0,1,3,1,2,3,4,4,7,2,9,11,21,0,0,No,10,80,1,Y,16-05-2016,Yes
EMP0520,40,Male,Divorced,Operations,Supply Chain Manager,Other,1,Non-Travel,118463,112,787,24450,13,1,3,2,4,3,4,2,3,21,10,0,1,18,4,2,No,5,80,1,Y,20-08-2002,No
EMP0521,57,Male,Single,Finance,Finance Analyst,Medical,5,Non-Travel,140851,102,273,15805,11,0,1,2,4,3,1,2,2,5,1,14,9,27,5,0,Yes,14,80,1,Y,09-01-2018,No
EMP0522,31,Female,Divorced,Marketing,Content Writer,Medical,3,Travel_Frequently,44087,100,341,18212,14,2,5,4,1,4,2,3,3,11,17,1,2,22,1,1,Yes,24,80,1,Y,20-02-2012,No
EMP0523,46,Male,Single,Sales,Sales Manager,Human Resources,2,Non-Travel,23446,139,301,12296,16,1,4,4,1,4,1,4,1,14,3,12,0,35,3,6,Yes,28,80,1,Y,28-04-2009,No
EMP0524,39,Female,Married,Finance,CFO,Other,3,Travel_Rarely,117127,130,1288,23959,12,0,1,1,4,4,1,3,3,27,16,14,16,38,3,6,Yes,21,80,1,Y,03-10-1996,No
EMP0525,40,Male,Divorced,Sales,Sales Manager,Human Resources,1,Non-Travel,63867,79,392,16570,12,2,2,4,3,1,4,3,3,17,5,1,0,19,1,2,Yes,13,80,1,Y,25-07-2006,No
EMP0526,57,Male,Single,IT,Data Engineer,Life Sciences,2,Non-Travel,75101,92,1152,4655,11,3,5,3,3,4,2,2,4,1,9,11,4,8,4,5,Yes,19,80,1,Y,23-12-2022,No
EMP0527,31,Female,Divorced,Research & Development,R&D Manager,Technical Degree,3,Travel_Frequently,103074,70,1285,16727,19,0,1,2,2,4,1,4,2,12,10,10,13,22,4,5,No,8,80,1,Y,19-10-2011,No
EMP0528,54,Female,Single,Human Resources,HR Director,Technical Degree,1,Travel_Rarely,133422,146,1464,19899,13,3,1,2,4,4,3,3,2,14,4,14,5,6,6,1,No,12,80,1,Y,10-12-2009,No
EMP0529,26,Female,Married,Operations,Supply Chain Manager,Life Sciences,2,Travel_Rarely,102892,36,609,5017,12,1,4,2,1,2,3,2,2,19,17,4,8,30,5,8,No,20,80,1,Y,07-04-2004,Yes
EMP0530,56,Female,Single,Research & Development,R&D Manager,Technical Degree,2,Travel_Rarely,135044,38,499,16142,14,2,4,3,1,3,3,2,2,28,9,0,13,10,3,7,Yes,19,80,1,Y,28-12-1995,No
EMP0531,55,Male,Divorced,Finance,Finance Manager,Other,1,Non-Travel,54148,33,1418,26195,16,1,4,1,1,2,3,1,3,28,8,12,3,39,6,1,Yes,19,80,1,Y,05-10-1995,Yes
EMP0532,54,Female,Single,Sales,Account Manager,Human Resources,2,Non-Travel,97928,118,653,9343,11,3,3,3,1,4,2,4,4,2,15,11,0,16,4,3,No,6,80,1,Y,10-11-2021,No
EMP0533,42,Male,Divorced,Operations,Supply Chain Manager,Technical Degree,1,Travel_Rarely,66660,78,773,14339,19,3,5,3,4,1,3,4,4,18,9,14,5,35,1,8,No,8,80,1,Y,14-08-2005,No
EMP0534,38,Male,Married,Sales,Sales Executive,Other,4,Travel_Rarely,50450,105,818,3573,19,3,5,2,3,2,2,1,2,2,9,9,6,25,6,3,Yes,10,80,1,Y,17-08-2021,No
EMP0535,43,Male,Single,Marketing,Marketing Executive,Human Resources,4,Travel_Frequently,48757,35,836,7597,18,2,2,3,2,4,2,3,3,13,3,7,5,35,4,6,No,21,80,1,Y,01-11-2010,No
EMP0536,58,Male,Divorced,Sales,Sales Executive,Other,2,Travel_Rarely,93012,111,500,5926,16,3,2,4,3,1,2,2,2,3,13,1,0,17,3,4,No,17,80,1,Y,22-05-2020,No
EMP0537,36,Male,Divorced,Marketing,Content Writer,Life Sciences,2,Non-Travel,121750,133,978,12244,14,3,5,3,2,1,2,2,2,10,7,5,7,30,4,9,Yes,1,80,1,Y,30-12-2013,No
EMP0538,56,Male,Divorced,IT,Software Engineer,Medical,1,Non-Travel,142043,50,1188,5796,12,2,1,2,1,1,4,2,4,30,0,4,11,34,0,5,No,19,80,1,Y,11-09-1993,No
EMP0539,49,Female,Single,Operations,Operations Manager,Life Sciences,2,Non-Travel,71116,44,401,10823,18,3,5,2,1,3,1,1,4,31,15,1,10,27,1,0,No,12,80,1,Y,23-11-1992,No
EMP0540,28,Male,Single,Operations,Operations Analyst,Technical Degree,5,Travel_Frequently,47152,96,873,12053,17,0,3,3,4,1,4,2,2,26,16,9,1,25,1,3,No,28,80,1,Y,22-10-1997,Yes
EMP0541,53,Male,Single,Human Resources,Recruiter,Human Resources,4,Travel_Rarely,121379,95,501,19616,22,3,2,4,1,4,1,3,3,29,9,11,1,5,2,4,Yes,22,80,1,Y,01-01-1995,No
EMP0542,32,Male,Married,Finance,CFO,Other,2,Non-Travel,35836,85,536,20648,24,2,2,4,4,2,4,3,2,1,5,0,1,33,4,5,Yes,2,80,1,Y,24-04-2022,No
EMP0543,31,Female,Divorced,Marketing,Marketing Executive,Technical Degree,2,Travel_Frequently,84444,148,231,20431,14,3,2,2,4,2,3,1,4,8,6,5,7,27,5,5,No,17,80,1,Y,14-09-2015,Yes
EMP0544,30,Female,Divorced,Human Resources,Recruiter,Technical Degree,3,Travel_Frequently,108109,134,1321,2535,13,2,5,4,4,4,2,3,4,27,17,13,6,8,1,4,No,7,80,1,Y,16-07-1996,Yes
EMP0545,35,Male,Married,Sales,Sales Manager,Medical,2,Non-Travel,97018,133,972,17701,16,3,2,4,1,3,3,4,3,30,1,5,15,28,4,2,Yes,14,80,1,Y,07-06-1993,No
EMP0546,34,Female,Married,Sales,Sales Manager,Technical Degree,5,Travel_Frequently,138076,97,1414,9884,11,0,2,1,1,3,3,4,2,33,8,14,8,33,0,1,Yes,14,80,1,Y,03-08-1990,No
EMP0547,46,Male,Single,Human Resources,HR Director,Medical,4,Travel_Frequently,146949,61,1271,13725,12,2,5,1,3,1,3,2,2,14,4,2,15,11,6,6,Yes,12,80,1,Y,24-04-2009,No
EMP0548,23,Female,Single,Operations,Operations Analyst,Human Resources,3,Non-Travel,98788,95,1473,8881,17,2,1,4,2,4,4,2,1,24,7,12,1,15,3,0,Yes,16,80,1,Y,01-07-1999,No
EMP0549,56,Male,Single,Sales,Sales Director,Human Resources,1,Travel_Frequently,111870,139,1449,15017,21,2,2,4,3,1,3,4,2,7,4,7,2,6,3,4,Yes,18,80,1,Y,10-05-2016,No
EMP0550,28,Female,Single,IT,Software Engineer,Other,1,Non-Travel,98308,58,1495,25762,13,2,2,1,1,1,2,3,3,8,14,8,1,30,2,3,No,8,80,1,Y,12-01-2015,Yes
EMP0551,42,Female,Single,IT,System Admin,Medical,4,Non-Travel,72913,95,864,21481,24,3,2,1,2,4,2,1,4,31,7,2,16,32,2,6,Yes,2,80,1,Y,23-12-1992,No
EMP0552,39,Female,Single,Human Resources,HR Director,Life Sciences,1,Travel_Frequently,17637,63,527,11467,23,3,3,1,4,3,1,2,1,16,4,8,11,6,5,1,No,11,80,1,Y,20-07-2007,No
EMP0553,24,Male,Married,Marketing,Marketing Executive,Human Resources,5,Non-Travel,57025,56,996,5073,11,0,5,2,2,3,4,2,3,34,4,7,10,2,1,7,No,1,80,1,Y,29-11-1989,Yes
EMP0554,32,Male,Married,Marketing,Brand Manager,Other,2,Non-Travel,114508,89,1403,17963,12,0,2,2,4,2,2,4,3,18,16,4,5,19,5,8,Yes,10,80,1,Y,23-10-2005,No
EMP0555,45,Male,Married,Human Resources,HR Manager,Life Sciences,4,Travel_Rarely,97464,147,1013,3025,20,3,3,1,1,4,2,4,1,28,8,5,9,4,1,9,Yes,18,80,1,Y,11-12-1995,No
EMP0556,40,Female,Divorced,Marketing,Marketing Executive,Human Resources,3,Non-Travel,43742,68,864,4051,20,1,1,1,2,1,4,1,2,6,1,11,13,2,1,0,Yes,16,80,1,Y,19-08-2017,No
EMP0557,25,Female,Divorced,Operations,Logistics Executive,Human Resources,2,Travel_Rarely,26831,73,945,5621,24,2,1,1,4,4,3,2,1,27,0,11,0,37,0,4,No,2,80,1,Y,21-06-1996,Yes
EMP0558,47,Male,Single,Operations,Supply Chain Manager,Other,1,Travel_Rarely,128768,131,1246,22947,19,3,3,2,3,1,2,3,3,8,10,11,14,14,2,3,Yes,23,80,1,Y,28-11-2015,No
EMP0559,59,Female,Married,Marketing,Marketing Manager,Other,1,Travel_Rarely,100092,111,1129,16405,17,0,1,2,3,2,3,3,2,27,14,0,5,34,2,4,No,17,80,1,Y,04-04-1996,No
EMP0560,53,Male,Divorced,IT,Data Engineer,Marketing,3,Travel_Rarely,105879,65,1162,26776,17,2,4,4,4,2,2,4,4,5,0,4,12,22,3,8,Yes,16,80,1,Y,07-05-2018,No
EMP0561,57,Male,Divorced,Marketing,Marketing Executive,Technical Degree,5,Travel_Frequently,103370,48,1468,6403,24,0,1,3,3,2,1,1,1,28,6,9,13,32,2,2,No,19,80,1,Y,08-10-1995,No
EMP0562,58,Male,Married,Operations,Operations Manager,Technical Degree,3,Travel_Frequently,141537,120,1383,5323,20,1,4,4,3,2,3,4,3,16,14,9,12,1,2,0,No,5,80,1,Y,29-09-2007,No
EMP0563,54,Male,Divorced,Research & Development,Research Scientist,Life Sciences,4,Non-Travel,119824,74,572,21742,18,2,3,3,2,1,2,1,2,15,5,11,15,35,0,2,Yes,28,80,1,Y,29-08-2008,No
EMP0564,57,Female,Divorced,Finance,Finance Manager,Technical Degree,3,Non-Travel,103741,113,484,24525,22,1,4,3,3,3,4,3,3,22,9,6,0,20,5,3,Yes,23,80,1,Y,25-06-2001,No
EMP0565,24,Female,Married,Sales,Account Manager,Life Sciences,1,Non-Travel,33830,50,720,7017,22,1,1,3,2,1,4,1,2,30,11,0,13,13,1,1,No,6,80,1,Y,02-01-1994,No
EMP0566,30,Female,Divorced,Research & Development,Research Scientist,Human Resources,5,Travel_Frequently,70044,52,896,8435,18,1,2,4,1,2,4,3,2,2,12,9,12,13,5,0,No,24,80,1,Y,31-10-2021,No
EMP0567,29,Male,Married,Marketing,Marketing Manager,Marketing,5,Travel_Rarely,88948,123,1006,25705,19,3,4,2,3,3,2,1,1,20,14,8,9,10,6,0,Yes,17,80,1,Y,01-09-2003,Yes
EMP0568,54,Female,Divorced,IT,IT Manager,Marketing,3,Travel_Frequently,84202,118,846,21355,12,0,1,2,1,4,3,4,4,25,16,12,9,3,6,7,No,16,80,1,Y,24-06-1998,No
EMP0569,27,Male,Married,Human Resources,Recruiter,Human Resources,4,Travel_Frequently,52045,124,335,17492,24,2,2,2,3,1,1,3,2,21,12,6,3,29,0,3,No,16,80,1,Y,25-05-2002,No
EMP0570,25,Male,Divorced,Marketing,Marketing Executive,Other,1,Non-Travel,122509,56,295,15170,18,3,3,2,4,4,1,2,3,11,1,14,13,35,4,1,Yes,7,80,1,Y,30-08-2012,No
EMP0571,34,Male,Divorced,IT,Software Engineer,Medical,2,Non-Travel,30198,127,1342,21729,18,0,3,4,4,2,2,2,2,12,17,3,11,19,3,9,Yes,16,80,1,Y,18-12-2011,No
EMP0572,23,Male,Married,Finance,Accountant,Medical,5,Non-Travel,84521,101,473,7816,23,3,5,1,1,4,2,3,4,10,10,10,5,15,3,2,No,9,80,1,Y,24-09-2013,No
EMP0573,26,Male,Divorced,Marketing,Marketing Executive,Technical Degree,3,Travel_Rarely,121471,48,1077,6604,15,0,3,3,1,3,2,2,3,15,4,3,14,33,3,7,No,23,80,1,Y,14-05-2008,No
EMP0574,48,Male,Married,Operations,Logistics Executive,Other,4,Travel_Rarely,44475,70,1049,5424,15,2,5,2,1,3,3,3,2,7,3,10,4,7,5,5,Yes,6,80,1,Y,15-11-2016,No
EMP0575,53,Female,Married,Human Resources,HR Manager,Life Sciences,4,Travel_Frequently,34403,55,1400,22484,14,2,3,2,4,3,4,4,2,1,1,14,9,19,1,7,Yes,16,80,1,Y,10-04-2022,No
EMP0576,42,Female,Divorced,IT,Data Engineer,Marketing,1,Travel_Rarely,18681,57,983,16628,24,2,3,4,1,1,3,4,1,29,15,9,8,20,1,9,Yes,9,80,1,Y,02-02-1994,No
EMP0577,29,Female,Single,IT,Software Engineer,Technical Degree,5,Non-Travel,106555,93,1361,26935,15,2,3,3,4,4,3,1,4,29,6,6,9,39,1,4,No,29,80,1,Y,24-09-1994,No
EMP0578,59,Female,Divorced,IT,IT Manager,Human Resources,1,Travel_Rarely,133884,97,331,13861,12,0,5,2,1,4,2,2,2,11,7,5,11,29,3,2,Yes,4,80,1,Y,06-05-2012,No
EMP0579,29,Male,Single,Finance,CFO,Other,2,Travel_Rarely,108122,124,1267,14501,12,3,5,1,2,4,1,2,4,9,7,2,3,35,3,5,No,28,80,1,Y,18-06-2014,No
EMP0580,24,Male,Single,Marketing,Marketing Executive,Marketing,2,Travel_Rarely,130260,109,1346,21861,15,2,4,2,2,2,3,2,2,10,1,13,3,4,5,9,Yes,26,80,1,Y,20-01-2013,No
EMP0581,24,Female,Divorced,Finance,Finance Analyst,Life Sciences,2,Travel_Rarely,120386,80,1359,25566,21,2,1,3,3,1,1,3,3,14,14,8,12,20,5,7,Yes,22,80,1,Y,29-07-2009,No
EMP0582,43,Female,Single,Sales,Sales Executive,Life Sciences,4,Non-Travel,108246,103,572,25824,23,2,1,1,2,1,2,4,4,15,4,14,13,37,6,4,No,6,80,1,Y,23-07-2008,No
EMP0583,27,Female,Married,Sales,Sales Director,Medical,5,Non-Travel,110864,131,1349,23042,13,1,1,4,1,4,3,2,3,16,9,5,11,22,3,4,Yes,26,80,1,Y,16-10-2007,No
EMP0584,23,Female,Married,Marketing,Brand Manager,Technical Degree,1,Travel_Frequently,23417,77,1007,4812,11,2,3,1,2,1,4,1,4,25,8,10,12,18,4,2,No,14,80,1,Y,19-02-1998,Yes
EMP0585,44,Female,Single,Operations,Supply Chain Manager,Human Resources,1,Travel_Frequently,133888,39,943,2044,19,2,1,3,2,4,4,2,3,1,7,1,12,9,4,2,Yes,3,80,1,Y,11-12-2022,No
EMP0586,23,Female,Married,Finance,Finance Manager,Marketing,2,Travel_Frequently,89499,138,250,19017,12,0,5,3,1,4,3,1,2,11,4,9,1,26,6,7,Yes,23,80,1,Y,28-03-2012,Yes
EMP0587,59,Female,Divorced,Human Resources,Recruiter,Life Sciences,5,Travel_Rarely,145908,102,1360,11402,24,1,4,1,2,4,4,2,3,25,12,14,8,34,5,0,Yes,17,80,1,Y,16-04-1998,No
EMP0588,38,Female,Married,IT,IT Manager,Marketing,5,Travel_Rarely,42675,68,1381,25188,22,0,2,2,1,3,3,2,3,22,13,11,9,12,3,3,Yes,11,80,1,Y,05-11-2001,No
EMP0589,56,Male,Single,IT,IT Manager,Human Resources,3,Non-Travel,26332,129,255,21152,24,3,4,3,2,2,4,4,2,17,7,1,16,8,1,8,Yes,24,80,1,Y,29-08-2006,No
EMP0590,55,Male,Divorced,Marketing,Marketing Executive,Marketing,5,Travel_Frequently,34177,144,943,10785,20,1,1,1,1,1,2,1,4,31,15,0,9,16,1,5,No,8,80,1,Y,07-05-1992,Yes
EMP0591,44,Male,Married,Operations,Operations Manager,Technical Degree,5,Non-Travel,145560,129,627,26259,12,0,1,3,4,2,4,2,3,2,4,10,12,30,4,5,No,8,80,1,Y,09-02-2021,No
EMP0592,51,Male,Divorced,Sales,Sales Manager,Medical,1,Travel_Frequently,72104,48,642,16581,24,0,5,2,4,3,4,1,1,2,0,4,0,23,4,9,No,25,80,1,Y,02-08-2021,No
EMP0593,29,Female,Single,Sales,Account Manager,Marketing,5,Travel_Frequently,99335,93,525,3926,14,3,4,2,3,1,2,1,1,29,16,9,1,18,3,6,Yes,4,80,1,Y,29-09-1994,Yes
EMP0594,43,Male,Married,IT,System Admin,Other,5,Travel_Frequently,129938,48,839,2856,12,3,5,1,2,4,2,4,3,0,9,5,16,29,3,6,Yes,15,80,1,Y,01-07-2023,No
EMP0595,57,Female,Divorced,Marketing,Marketing Manager,Medical,1,Travel_Rarely,95730,105,1028,7988,17,2,5,4,3,2,4,4,3,29,4,2,12,4,1,5,Yes,16,80,1,Y,13-12-1994,No
EMP0596,26,Male,Divorced,Finance,Finance Manager,Human Resources,5,Travel_Frequently,43333,91,279,10743,22,2,2,4,1,3,1,1,3,31,6,3,16,7,5,8,Yes,22,80,1,Y,02-02-1992,No
EMP0597,34,Female,Married,Sales,Account Manager,Medical,1,Travel_Frequently,36673,42,673,26231,20,1,5,2,4,1,1,4,4,27,15,4,12,36,2,7,No,11,80,1,Y,18-09-1996,No
EMP0598,50,Female,Divorced,Finance,CFO,Marketing,3,Travel_Rarely,129421,54,576,6138,11,1,5,4,1,1,3,2,2,20,2,3,16,35,5,7,No,28,80,1,Y,10-11-2003,No
EMP0599,52,Male,Divorced,Operations,Operations Analyst,Marketing,4,Travel_Frequently,55870,129,1118,13080,21,3,2,2,3,2,4,2,1,12,11,8,13,24,6,1,Yes,7,80,1,Y,06-09-2011,Yes
EMP0600,37,Male,Single,Sales,Sales Executive,Other,1,Travel_Rarely,142536,118,532,18082,12,1,3,4,1,2,3,4,1,26,13,11,9,4,1,6,No,18,80,1,Y,17-02-1997,No
EMP0601,51,Female,Single,Sales,Sales Executive,Life Sciences,1,Travel_Rarely,86101,121,1398,22658,21,2,3,2,1,1,2,1,4,6,0,2,1,32,5,0,Yes,6,80,1,Y,25-05-2017,Yes
EMP0602,37,Female,Single,Research & Development,Lab Technician,Other,5,Non-Travel,37821,71,640,16870,15,3,2,3,1,1,4,2,3,21,6,4,13,21,1,9,Yes,24,80,1,Y,24-07-2002,No
EMP0603,33,Female,Single,Sales,Sales Executive,Marketing,1,Travel_Rarely,40494,146,325,2606,12,0,5,1,1,3,2,3,3,9,17,6,16,24,3,7,Yes,4,80,1,Y,27-12-2014,No
EMP0604,38,Male,Single,Human Resources,Recruiter,Medical,2,Travel_Rarely,114477,68,418,10863,19,3,1,1,4,4,4,1,2,14,3,11,4,28,2,2,No,5,80,1,Y,11-10-2009,No
EMP0605,37,Male,Single,Marketing,Brand Manager,Other,2,Travel_Rarely,141083,59,1147,7022,14,1,4,4,1,4,4,1,2,14,15,11,2,29,2,8,Yes,24,80,1,Y,16-08-2009,No
EMP0606,33,Female,Married,Marketing,Content Writer,Other,3,Travel_Frequently,127698,34,477,18400,19,2,1,1,1,3,2,3,1,3,10,6,15,29,6,4,No,3,80,1,Y,08-03-2020,No
EMP0607,29,Male,Single,Finance,Accountant,Life Sciences,1,Non-Travel,126560,110,794,24118,21,2,1,4,4,1,4,3,2,31,17,13,4,30,3,6,No,6,80,1,Y,08-11-1992,No
EMP0608,41,Female,Divorced,Operations,Operations Analyst,Marketing,5,Travel_Frequently,146907,47,1134,21257,22,0,5,2,1,2,4,1,1,22,15,5,7,33,0,6,Yes,14,80,1,Y,18-06-2001,No
EMP0609,24,Male,Married,Sales,Sales Manager,Marketing,5,Travel_Rarely,33646,136,340,26149,11,0,4,3,1,2,3,3,4,5,6,8,5,27,3,8,No,1,80,1,Y,31-08-2018,Yes
EMP0610,37,Male,Divorced,Human Resources,HR Director,Human Resources,4,Travel_Rarely,138777,140,1045,7149,11,3,4,1,3,1,2,4,3,23,2,14,14,9,4,1,Yes,20,80,1,Y,02-01-2001,No
EMP0611,51,Male,Single,Finance,Finance Analyst,Life Sciences,3,Non-Travel,92360,50,1207,7311,11,2,3,3,4,3,1,4,3,19,4,6,2,3,5,3,No,14,80,1,Y,15-12-2004,No
EMP0612,44,Male,Single,Research & Development,Lab Technician,Human Resources,5,Non-Travel,52335,115,1076,4484,24,0,2,1,2,1,1,1,1,19,17,10,8,32,2,7,Yes,6,80,1,Y,14-03-2004,No
EMP0613,49,Male,Divorced,Finance,Accountant,Human Resources,4,Travel_Rarely,84351,132,309,24706,14,0,5,2,1,2,4,4,3,11,16,3,10,16,6,4,Yes,3,80,1,Y,16-01-2012,No
EMP0614,26,Female,Divorced,Finance,Finance Analyst,Human Resources,5,Travel_Rarely,129934,79,1275,17012,19,3,4,1,3,1,3,2,4,32,0,10,13,10,3,4,Yes,17,80,1,Y,11-05-1991,No
EMP0615,41,Female,Divorced,Sales,Sales Director,Technical Degree,4,Travel_Frequently,148501,35,812,17833,18,3,5,1,4,1,4,4,2,27,15,9,8,6,1,2,Yes,22,80,1,Y,21-01-1996,No
EMP0616,22,Male,Married,Research & Development,Lab Technician,Human Resources,2,Travel_Rarely,56950,79,912,25161,17,2,3,2,1,3,3,4,4,7,14,8,9,16,1,4,Yes,14,80,1,Y,03-03-2016,No
EMP0617,51,Female,Single,Finance,Finance Manager,Other,2,Travel_Frequently,75654,109,1422,21589,11,1,1,4,2,4,4,3,3,0,12,5,14,27,5,6,No,19,80,1,Y,14-10-2023,No
EMP0618,42,Female,Divorced,Human Resources,Recruiter,Medical,5,Non-Travel,122422,95,995,13041,13,1,4,4,1,2,1,4,4,21,6,14,6,16,1,3,Yes,24,80,1,Y,30-06-2002,No
EMP0619,41,Male,Single,Human Resources,HR Director,Other,3,Travel_Frequently,124934,144,928,22791,19,2,3,2,3,2,2,1,3,5,2,0,4,9,6,7,Yes,7,80,1,Y,18-11-2018,No
EMP0620,27,Female,Divorced,Marketing,Marketing Executive,Other,1,Travel_Rarely,134975,30,1269,5807,19,1,5,4,4,1,3,4,1,20,12,8,0,25,3,5,No,11,80,1,Y,01-09-2003,No
EMP0621,43,Male,Single,Research & Development,Lab Technician,Marketing,3,Travel_Frequently,106186,86,704,5173,15,2,3,1,3,2,4,4,2,31,15,10,11,5,0,5,Yes,7,80,1,Y,20-10-1992,No
EMP0622,39,Female,Married,Research & Development,Data Analyst,Technical Degree,3,Travel_Frequently,119234,59,1240,19857,22,2,3,3,4,2,4,1,2,34,0,6,5,16,6,5,Yes,13,80,1,Y,29-04-1989,Yes
EMP0623,29,Female,Single,Marketing,Content Writer,Human Resources,1,Non-Travel,117326,87,514,16212,23,0,3,2,2,4,3,1,3,14,0,5,12,15,4,3,No,28,80,1,Y,19-11-2009,Yes
EMP0624,53,Female,Divorced,Finance,Finance Analyst,Marketing,2,Travel_Frequently,92527,136,276,21722,16,1,3,1,1,2,3,3,3,4,15,5,16,38,1,2,Yes,24,80,1,Y,16-01-2019,Yes
EMP0625,54,Female,Single,Research & Development,Lab Technician,Life Sciences,2,Travel_Rarely,101704,81,1177,12199,21,2,3,2,3,2,1,2,2,5,1,3,8,25,3,9,No,23,80,1,Y,20-02-2018,No
EMP0626,37,Female,Married,Human Resources,Recruiter,Life Sciences,1,Travel_Frequently,111952,66,1098,22941,23,1,3,3,2,3,3,4,4,24,17,3,0,3,0,5,No,21,80,1,Y,18-07-1999,No
EMP0627,33,Female,Married,Human Resources,HR Executive,Marketing,4,Travel_Frequently,75782,77,1388,4412,16,1,2,1,2,3,4,2,4,28,17,10,11,19,2,5,No,26,80,1,Y,22-02-1995,No
EMP0628,59,Female,Single,Sales,Sales Executive,Medical,3,Travel_Frequently,86116,116,1247,18093,20,3,5,1,1,3,1,3,4,6,4,2,0,10,6,1,Yes,24,80,1,Y,03-12-2017,No
EMP0629,55,Male,Divorced,Research & Development,R&D Manager,Marketing,5,Travel_Rarely,104626,30,911,20535,14,1,1,3,3,3,1,1,2,12,4,7,3,22,6,9,No,14,80,1,Y,05-12-2011,No
EMP0630,35,Male,Married,Finance,Accountant,Marketing,2,Travel_Frequently,61015,48,1258,5182,11,2,5,3,1,3,2,1,1,17,7,7,6,32,6,8,Yes,24,80,1,Y,07-07-2006,No
EMP0631,57,Male,Married,Marketing,Marketing Manager,Technical Degree,5,Travel_Rarely,117877,75,1053,26546,15,0,4,4,1,4,2,1,3,1,8,1,4,30,6,3,No,11,80,1,Y,05-02-2022,No
EMP0632,54,Male,Single,Marketing,Content Writer,Life Sciences,1,Travel_Frequently,30339,96,1361,22948,23,1,4,1,4,2,2,3,3,7,13,4,4,6,2,3,No,8,80,1,Y,16-10-2016,No
EMP0633,44,Female,Married,Finance,CFO,Life Sciences,5,Non-Travel,149563,31,908,3014,11,2,5,3,4,1,3,4,2,10,12,12,6,21,5,9,No,12,80,1,Y,09-01-2013,No
EMP0634,23,Female,Married,Operations,Supply Chain Manager,Human Resources,5,Non-Travel,146778,85,464,19988,11,3,3,3,1,4,1,3,1,32,17,8,16,4,4,7,Yes,15,80,1,Y,10-04-1991,Yes
EMP0635,42,Female,Divorced,IT,IT Manager,Other,3,Non-Travel,112493,130,532,19253,21,1,2,1,4,1,3,1,2,26,3,11,11,36,3,2,No,10,80,1,Y,14-11-1997,No
EMP0636,23,Male,Divorced,Sales,Account Manager,Marketing,1,Travel_Rarely,144526,46,387,8913,15,0,1,4,3,3,1,4,4,19,17,13,14,0,3,9,Yes,22,80,1,Y,02-11-2004,Yes
EMP0637,48,Male,Divorced,Marketing,Marketing Executive,Marketing,5,Travel_Rarely,136648,121,1286,4727,15,1,3,2,4,2,4,1,4,11,14,14,2,5,1,6,No,2,80,1,Y,29-04-2012,No
EMP0638,30,Male,Single,Research & Development,Research Scientist,Medical,2,Travel_Rarely,40163,111,1019,4852,17,2,5,4,2,3,3,1,3,30,6,8,16,3,0,6,No,24,80,1,Y,11-09-1993,Yes
EMP0639,22,Female,Married,Sales,Sales Executive,Life Sciences,1,Travel_Frequently,102508,126,1394,11077,12,1,5,3,1,4,1,3,3,26,12,6,13,29,4,1,Yes,13,80,1,Y,29-07-1997,No
EMP0640,32,Male,Single,Research & Development,Research Scientist,Medical,2,Travel_Rarely,54619,108,498,20992,16,1,2,2,1,1,2,3,3,31,1,13,14,29,0,2,No,10,80,1,Y,29-03-1992,No
EMP0641,24,Female,Married,Operations,Supply Chain Manager,Technical Degree,4,Travel_Rarely,27126,51,400,3273,12,3,2,2,3,2,2,2,3,9,8,3,14,16,6,3,No,17,80,1,Y,07-02-2014,No
EMP0642,44,Male,Married,Human Resources,HR Manager,Human Resources,5,Travel_Rarely,79926,134,1358,9649,23,1,5,4,1,4,4,1,4,2,4,3,14,23,6,1,Yes,25,80,1,Y,08-07-2021,No
EMP0643,47,Female,Married,Sales,Sales Executive,Medical,1,Travel_Rarely,55633,56,471,3955,20,0,3,2,4,4,3,4,4,26,0,9,10,30,6,8,Yes,25,80,1,Y,28-05-1997,No
EMP0644,25,Male,Divorced,Marketing,Marketing Executive,Life Sciences,2,Non-Travel,18317,84,734,10778,15,1,3,3,2,2,1,1,1,34,12,10,9,27,4,9,No,22,80,1,Y,03-10-1989,Yes
EMP0645,39,Female,Single,Sales,Account Manager,Technical Degree,5,Travel_Frequently,59980,130,1310,26776,14,3,3,1,1,2,2,4,3,30,5,6,8,3,3,5,No,10,80,1,Y,29-12-1993,No
EMP0646,27,Male,Single,Sales,Sales Director,Marketing,3,Non-Travel,59115,61,230,6549,21,2,1,1,4,4,1,2,2,14,9,2,2,38,3,0,No,22,80,1,Y,17-01-2009,No
EMP0647,56,Male,Married,Sales,Account Manager,Technical Degree,2,Travel_Frequently,58158,89,1344,17863,20,1,1,1,2,1,3,1,1,15,10,2,0,18,4,0,Yes,6,80,1,Y,25-06-2008,No
EMP0648,43,Female,Single,IT,Data Engineer,Other,2,Travel_Frequently,120364,138,268,13809,15,1,3,4,1,1,2,4,1,12,15,4,10,23,0,7,Yes,27,80,1,Y,05-07-2011,No
EMP0649,36,Female,Divorced,Sales,Account Manager,Medical,4,Non-Travel,30504,112,1082,10302,12,3,5,1,1,4,4,4,4,34,0,10,15,6,5,5,No,20,80,1,Y,02-11-1989,No
EMP0650,43,Male,Single,Research & Development,Research Scientist,Life Sciences,3,Travel_Rarely,52196,57,1160,10100,18,3,2,1,1,4,4,2,3,10,4,12,2,8,2,9,Yes,1,80,1,Y,28-08-2013,No
EMP0651,58,Female,Married,Human Resources,HR Manager,Medical,4,Non-Travel,80938,57,1026,4911,18,3,4,1,2,3,3,3,1,20,5,5,8,21,2,6,Yes,17,80,1,Y,17-12-2003,No
EMP0652,33,Male,Divorced,Operations,Supply Chain Manager,Marketing,3,Travel_Frequently,72388,149,1123,14091,16,1,2,2,1,3,3,2,3,10,5,7,10,1,6,5,No,1,80,1,Y,30-04-2013,Yes
EMP0653,59,Female,Divorced,Finance,Finance Analyst,Marketing,2,Travel_Frequently,70501,103,1369,11099,13,0,2,2,1,1,1,4,4,29,4,0,16,26,1,1,Yes,5,80,1,Y,12-01-1994,No
EMP0654,39,Male,Married,Sales,Sales Director,Life Sciences,4,Travel_Rarely,42043,113,1183,24252,14,3,4,2,4,3,4,2,1,34,5,6,0,15,1,2,Yes,29,80,1,Y,30-05-1989,No
EMP0655,56,Female,Single,Marketing,Marketing Executive,Other,5,Non-Travel,48635,54,680,7663,11,2,3,3,4,1,3,3,1,21,12,7,8,4,5,7,Yes,15,80,1,Y,26-03-2002,No
EMP0656,51,Male,Married,Sales,Sales Manager,Human Resources,3,Travel_Frequently,95691,114,1486,13881,19,1,2,3,4,2,3,1,2,30,0,4,2,11,0,3,Yes,23,80,1,Y,11-08-1993,No
EMP0657,45,Male,Single,Marketing,Marketing Manager,Technical Degree,2,Non-Travel,48132,107,492,16368,20,2,4,3,4,3,4,2,4,13,0,11,9,25,5,7,Yes,1,80,1,Y,02-04-2010,Yes
EMP0658,51,Male,Single,Research & Development,R&D Manager,Technical Degree,1,Travel_Rarely,30366,115,285,18938,15,2,5,1,1,1,1,2,2,23,13,9,4,14,3,2,No,17,80,1,Y,16-01-2000,No
EMP0659,35,Female,Divorced,Marketing,Content Writer,Marketing,3,Travel_Rarely,108944,146,1239,10298,24,0,5,2,2,1,1,1,4,31,7,14,10,2,0,1,Yes,14,80,1,Y,03-05-1992,Yes
EMP0660,27,Male,Married,Finance,Finance Analyst,Medical,3,Travel_Frequently,130267,55,927,5336,18,2,5,3,1,4,4,2,2,31,8,1,4,8,4,6,Yes,13,80,1,Y,03-10-1992,Yes
EMP0661,24,Female,Divorced,Human Resources,HR Director,Medical,5,Travel_Rarely,54236,137,827,8369,13,3,3,4,3,1,4,3,4,14,9,3,11,27,6,0,Yes,28,80,1,Y,20-03-2009,No
EMP0662,37,Female,Married,Marketing,Content Writer,Other,3,Travel_Frequently,19150,104,317,4534,14,3,2,2,2,3,4,4,4,34,5,5,13,38,2,2,Yes,11,80,1,Y,06-10-1989,No
EMP0663,28,Female,Married,Marketing,Marketing Manager,Human Resources,3,Travel_Frequently,126369,148,469,4226,14,1,2,1,3,4,4,2,1,2,8,14,11,35,1,1,No,12,80,1,Y,29-03-2021,No
EMP0664,35,Male,Divorced,Human Resources,HR Executive,Medical,5,Travel_Rarely,34423,100,1178,21677,18,0,1,2,1,4,4,1,2,15,17,8,8,24,0,4,No,6,80,1,Y,10-07-2008,Yes
EMP0665,30,Female,Married,Finance,Finance Manager,Technical Degree,5,Travel_Rarely,19137,46,1054,11585,22,0,5,1,2,3,3,1,2,4,14,1,6,27,0,1,Yes,11,80,1,Y,21-07-2019,No
EMP0666,36,Female,Married,Sales,Sales Executive,Medical,4,Non-Travel,44992,111,361,2166,19,2,3,3,2,2,2,2,2,20,3,14,15,20,4,9,No,2,80,1,Y,12-05-2003,No
EMP0667,42,Female,Single,Marketing,Content Writer,Human Resources,2,Non-Travel,125540,36,899,12902,13,0,4,1,4,3,4,1,1,9,1,3,6,28,6,4,Yes,18,80,1,Y,16-08-2014,No
EMP0668,56,Male,Married,Human Resources,HR Executive,Technical Degree,2,Travel_Frequently,130140,85,1327,5624,17,2,3,1,1,3,2,4,3,18,5,9,13,24,6,2,No,12,80,1,Y,05-03-2005,No
EMP0669,23,Female,Married,Research & Development,Data Analyst,Medical,4,Non-Travel,136225,93,366,20731,19,2,2,4,3,4,1,4,4,24,16,4,7,29,3,8,Yes,29,80,1,Y,30-03-1999,No
EMP0670,48,Female,Divorced,Human Resources,HR Executive,Technical Degree,2,Travel_Frequently,81917,49,499,19788,12,0,5,2,2,3,3,1,2,3,6,13,2,38,6,9,Yes,23,80,1,Y,11-10-2020,No
EMP0671,23,Female,Divorced,Research & Development,R&D Manager,Marketing,3,Travel_Rarely,88690,67,227,24562,14,1,1,1,2,2,2,2,4,28,14,7,1,10,3,8,No,15,80,1,Y,04-12-1995,No
EMP0672,56,Female,Married,Finance,Finance Manager,Marketing,4,Travel_Rarely,49235,104,761,11717,13,2,3,4,4,2,1,2,1,18,1,7,4,18,6,7,Yes,9,80,1,Y,09-04-2005,No
EMP0673,39,Male,Single,Sales,Sales Executive,Other,4,Non-Travel,34122,137,1082,14601,18,3,1,4,2,2,1,1,4,1,11,1,7,10,6,4,No,8,80,1,Y,14-10-2022,No
EMP0674,35,Male,Single,Human Resources,HR Executive,Marketing,2,Travel_Frequently,38956,87,355,15103,14,3,2,4,4,4,1,4,1,9,9,5,8,24,2,9,Yes,18,80,1,Y,18-05-2014,No
EMP0675,41,Female,Divorced,Operations,Operations Analyst,Medical,1,Travel_Frequently,78879,45,1344,15030,19,0,4,3,2,3,4,4,3,24,16,5,1,0,5,6,No,16,80,1,Y,09-08-1999,No
EMP0676,39,Female,Married,Operations,Operations Manager,Human Resources,2,Non-Travel,73560,80,851,4774,11,0,3,3,2,1,3,2,2,19,17,12,14,31,5,1,No,23,80,1,Y,24-08-2004,No
EMP0677,31,Female,Married,IT,IT Manager,Technical Degree,1,Travel_Frequently,125310,148,1020,11017,11,2,2,1,1,3,1,4,1,18,15,14,7,20,1,2,No,21,80,1,Y,03-04-2005,No
EMP0678,46,Female,Single,Marketing,Content Writer,Life Sciences,4,Travel_Frequently,16168,56,760,12150,14,2,5,2,2,2,4,3,4,22,9,13,9,12,3,1,No,29,80,1,Y,03-07-2001,No
EMP0679,23,Male,Single,Finance,Accountant,Marketing,1,Travel_Rarely,60124,80,1387,5739,13,3,3,3,4,3,2,4,1,23,7,4,6,33,3,9,Yes,27,80,1,Y,19-05-2000,Yes
EMP0680,46,Male,Single,Human Resources,HR Director,Marketing,3,Travel_Frequently,67797,104,1285,16911,13,2,1,3,4,4,3,2,1,10,12,7,0,16,3,0,Yes,10,80,1,Y,03-01-2014,No
EMP0681,54,Male,Divorced,Operations,Operations Analyst,Life Sciences,5,Travel_Frequently,50294,45,511,26402,20,3,3,1,4,3,2,4,3,33,15,9,1,18,5,2,No,12,80,1,Y,17-02-1990,No
EMP0682,57,Male,Married,Marketing,Brand Manager,Life Sciences,1,Travel_Frequently,18516,116,575,6464,22,2,2,1,3,4,2,4,2,27,7,1,2,9,0,3,Yes,29,80,1,Y,23-04-1996,Yes
EMP0683,52,Female,Divorced,Operations,Operations Analyst,Medical,5,Non-Travel,45373,89,349,26125,12,1,2,3,2,1,4,1,1,4,11,13,13,8,6,8,Yes,20,80,1,Y,22-06-2019,No
EMP0684,35,Female,Married,Human Resources,HR Director,Technical Degree,3,Non-Travel,137026,105,784,14381,24,1,1,1,1,1,2,3,1,4,16,12,14,10,6,1,Yes,12,80,1,Y,30-09-2019,Yes
EMP0685,22,Male,Divorced,Research & Development,Research Scientist,Marketing,5,Non-Travel,45270,69,780,26020,20,3,2,4,1,4,3,1,4,20,15,1,13,37,3,8,No,10,80,1,Y,28-12-2003,Yes
EMP0686,37,Male,Married,Human Resources,HR Executive,Human Resources,3,Travel_Frequently,80184,96,1176,26404,20,1,3,1,3,3,2,4,1,11,8,13,7,30,5,0,No,14,80,1,Y,21-02-2012,No
EMP0687,24,Female,Single,IT,System Admin,Medical,5,Travel_Frequently,52879,31,376,15746,12,1,1,4,2,2,4,4,1,3,16,6,16,1,4,8,Yes,4,80,1,Y,29-06-2020,No
EMP0688,56,Female,Single,Human Resources,Recruiter,Medical,5,Non-Travel,64597,131,553,25672,18,0,2,3,4,4,1,1,2,19,7,8,6,23,5,5,Yes,15,80,1,Y,23-02-2004,No
EMP0689,27,Female,Single,Human Resources,HR Director,Human Resources,2,Non-Travel,18626,77,713,6094,11,2,2,2,3,3,4,3,2,24,11,2,0,4,2,7,No,20,80,1,Y,07-09-1999,Yes
EMP0690,46,Female,Divorced,IT,Software Engineer,Human Resources,1,Travel_Frequently,100936,81,508,4930,24,0,3,4,3,3,1,2,4,13,8,14,8,29,3,2,Yes,9,80,1,Y,24-07-2010,No
EMP0691,34,Female,Single,Finance,Accountant,Other,5,Travel_Frequently,96515,53,318,2763,18,3,2,2,4,3,2,1,1,10,5,6,8,38,1,7,Yes,7,80,1,Y,02-12-2013,No
EMP0692,55,Male,Married,Human Resources,HR Executive,Human Resources,4,Travel_Rarely,70390,122,966,13552,20,0,3,3,3,2,1,4,1,31,9,2,10,34,0,8,Yes,7,80,1,Y,06-02-1992,No
EMP0693,29,Male,Divorced,IT,Data Engineer,Life Sciences,2,Non-Travel,69144,140,1195,5450,13,3,5,1,3,2,4,4,1,10,8,11,5,16,6,6,No,20,80,1,Y,03-04-2013,No
EMP0694,42,Female,Married,Marketing,Content Writer,Marketing,1,Travel_Frequently,19025,139,1172,21779,12,1,3,4,4,2,4,2,3,17,3,5,6,30,4,3,No,9,80,1,Y,21-06-2006,No
EMP0695,55,Female,Divorced,Research & Development,R&D Manager,Other,2,Non-Travel,94380,127,1115,22103,19,0,4,4,2,4,3,4,3,26,10,2,14,1,5,5,No,24,80,1,Y,02-10-1997,No
EMP0696,25,Male,Married,Research & Development,Research Scientist,Life Sciences,1,Non-Travel,133910,113,677,23185,15,1,2,3,1,4,3,4,4,17,5,0,5,15,2,5,Yes,10,80,1,Y,12-04-2006,No
EMP0697,46,Female,Married,Human Resources,Recruiter,Other,3,Non-Travel,111055,111,786,26796,24,2,5,3,1,2,1,2,3,22,17,5,8,20,0,1,Yes,20,80,1,Y,22-01-2001,No
EMP0698,36,Male,Divorced,Finance,Finance Manager,Marketing,5,Travel_Rarely,141189,107,550,16102,15,1,1,1,4,4,1,4,4,10,3,10,14,29,4,1,Yes,13,80,1,Y,24-04-2013,No
EMP0699,25,Male,Divorced,Finance,Accountant,Other,4,Travel_Frequently,149515,111,394,3861,23,2,4,2,4,2,3,4,1,20,11,2,5,0,0,4,No,6,80,1,Y,30-03-2003,No
EMP0700,33,Male,Single,Marketing,Marketing Manager,Life Sciences,2,Travel_Frequently,36395,31,1410,12806,16,1,1,4,2,4,2,3,3,4,8,0,6,13,2,0,No,4,80,1,Y,16-10-2019,No
EMP0701,53,Male,Single,Human Resources,HR Director,Technical Degree,2,Non-Travel,25725,94,695,15283,14,0,4,2,3,3,3,1,2,22,14,4,16,15,2,4,No,17,80,1,Y,27-02-2001,No
EMP0702,53,Female,Married,Research & Development,Research Scientist,Marketing,2,Travel_Frequently,48461,49,714,18493,17,0,5,4,2,2,2,3,3,24,8,7,5,8,3,9,Yes,21,80,1,Y,16-08-1999,No
EMP0703,49,Female,Married,Finance,Finance Analyst,Medical,2,Travel_Rarely,56115,63,895,14436,17,1,5,4,3,4,1,3,1,9,5,7,8,7,1,2,No,26,80,1,Y,22-07-2014,No
EMP0704,34,Male,Married,Human Resources,HR Manager,Marketing,5,Non-Travel,125084,70,472,24933,21,3,5,1,3,3,1,4,2,21,10,7,2,8,3,2,Yes,14,80,1,Y,11-06-2002,Yes
EMP0705,52,Female,Divorced,Operations,Operations Manager,Marketing,1,Travel_Rarely,98732,70,1079,10890,19,3,4,4,2,3,4,1,4,18,6,2,13,33,5,7,Yes,27,80,1,Y,11-02-2005,No
EMP0706,35,Female,Divorced,Finance,Finance Analyst,Marketing,5,Travel_Rarely,94557,141,251,17352,16,2,3,4,4,4,4,1,1,0,13,14,5,32,6,2,No,3,80,1,Y,21-07-2023,No
EMP0707,41,Female,Single,IT,Software Engineer,Technical Degree,3,Travel_Frequently,86260,104,462,7529,23,2,1,3,4,3,2,4,2,6,15,7,3,21,0,2,Yes,1,80,1,Y,07-11-2017,No
EMP0708,39,Female,Married,Operations,Operations Analyst,Life Sciences,5,Travel_Frequently,16407,120,332,17843,11,1,3,1,2,1,2,3,3,3,14,3,15,29,3,0,Yes,18,80,1,Y,13-11-2020,No
EMP0709,50,Male,Single,Finance,Finance Analyst,Medical,5,Travel_Rarely,88568,52,1193,10299,19,0,3,3,3,2,3,3,4,0,8,14,15,6,2,7,No,2,80,1,Y,09-04-2023,No
EMP0710,27,Female,Divorced,Research & Development,Data Analyst,Life Sciences,3,Travel_Frequently,73560,67,1448,10580,22,2,2,4,3,2,2,3,3,14,11,7,8,17,2,9,Yes,8,80,1,Y,01-02-2009,Yes
EMP0711,53,Male,Divorced,Sales,Sales Director,Other,5,Travel_Rarely,106288,73,509,10616,23,1,1,1,3,3,1,1,2,11,10,2,3,20,2,9,No,16,80,1,Y,30-11-2012,No
EMP0712,50,Male,Divorced,Operations,Logistics Executive,Other,1,Travel_Rarely,134020,96,215,20878,20,2,4,4,3,4,1,4,2,21,7,2,7,4,3,5,No,4,80,1,Y,15-12-2002,No
EMP0713,23,Female,Single,Marketing,Marketing Manager,Other,4,Non-Travel,114301,91,394,13157,19,0,2,1,2,1,1,1,1,21,2,0,7,6,6,7,No,19,80,1,Y,01-11-2002,No
EMP0714,44,Male,Divorced,Marketing,Marketing Manager,Life Sciences,3,Travel_Rarely,29390,41,502,12191,15,2,2,2,1,4,4,3,4,16,2,7,5,11,5,2,Yes,20,80,1,Y,06-10-2007,No
EMP0715,40,Female,Married,Research & Development,Research Scientist,Human Resources,2,Travel_Rarely,42307,59,1271,26116,17,1,5,2,4,2,2,1,4,28,2,7,7,16,5,5,No,10,80,1,Y,23-12-1995,No
EMP0716,52,Female,Single,Finance,CFO,Technical Degree,1,Travel_Frequently,39502,124,1344,24143,11,2,4,1,4,3,2,1,2,13,5,8,5,23,4,1,No,17,80,1,Y,23-09-2010,Yes
EMP0717,26,Male,Divorced,Human Resources,HR Manager,Human Resources,4,Non-Travel,37486,116,1031,13767,14,3,3,4,1,1,4,4,1,19,10,5,13,36,3,2,No,17,80,1,Y,12-11-2004,Yes
EMP0718,40,Female,Single,Finance,Accountant,Other,1,Travel_Frequently,126813,94,761,19911,22,2,3,1,3,3,4,4,2,32,13,11,13,18,3,3,Yes,21,80,1,Y,06-05-1991,No
EMP0719,55,Male,Single,Research & Development,Lab Technician,Technical Degree,1,Non-Travel,118920,70,240,4026,20,0,3,4,1,1,4,1,2,14,1,1,12,15,3,8,Yes,7,80,1,Y,28-09-2009,No
EMP0720,31,Male,Divorced,Marketing,Content Writer,Life Sciences,2,Travel_Frequently,97768,49,733,12958,14,0,5,2,1,3,1,2,4,11,11,0,14,24,3,3,Yes,9,80,1,Y,14-11-2012,No
EMP0721,46,Female,Divorced,Finance,Accountant,Other,4,Travel_Rarely,77785,147,570,3855,15,0,3,4,1,4,2,4,3,19,15,7,2,26,2,6,No,7,80,1,Y,20-12-2004,Yes
EMP0722,23,Female,Single,Marketing,Brand Manager,Life Sciences,1,Non-Travel,91050,35,1405,17063,16,0,1,3,4,2,3,2,3,29,2,9,5,6,6,7,No,27,80,1,Y,22-03-1994,No
EMP0723,32,Female,Single,Operations,Operations Manager,Technical Degree,2,Non-Travel,37738,104,716,16915,14,1,3,2,4,3,3,4,4,2,15,3,16,7,1,4,No,21,80,1,Y,07-02-2021,No
EMP0724,52,Male,Divorced,Human Resources,HR Director,Life Sciences,3,Non-Travel,89231,128,856,19981,16,2,3,3,1,3,2,3,1,27,9,10,15,14,3,1,Yes,3,80,1,Y,23-06-1996,No
EMP0725,36,Female,Married,Operations,Operations Manager,Life Sciences,2,Non-Travel,88606,33,789,26785,20,2,1,2,1,1,2,2,4,25,4,13,5,15,3,7,No,24,80,1,Y,05-02-1998,No
EMP0726,30,Male,Single,Marketing,Marketing Executive,Medical,5,Travel_Frequently,56662,122,430,19232,17,2,5,2,1,4,4,3,1,29,12,10,7,7,1,4,No,12,80,1,Y,03-05-1994,No
EMP0727,44,Male,Single,Marketing,Marketing Manager,Human Resources,2,Travel_Frequently,133313,39,1008,7958,13,2,2,3,3,4,4,3,4,12,11,6,12,35,3,4,Yes,23,80,1,Y,10-04-2011,No
EMP0728,40,Female,Married,Sales,Sales Manager,Human Resources,2,Non-Travel,30123,80,678,16705,19,1,4,1,3,1,1,1,1,12,0,13,12,31,6,6,Yes,4,80,1,Y,19-02-2011,No
EMP0729,30,Female,Divorced,Sales,Sales Executive,Human Resources,2,Non-Travel,26182,122,1432,12108,18,0,5,4,3,4,4,3,2,1,10,9,16,16,1,5,No,17,80,1,Y,07-01-2022,Yes
EMP0730,56,Female,Divorced,Operations,Logistics Executive,Marketing,1,Non-Travel,105369,67,874,21913,11,2,3,2,4,2,2,3,2,1,14,14,2,35,2,2,No,29,80,1,Y,05-03-2022,No
EMP0731,42,Male,Married,IT,Software Engineer,Medical,4,Travel_Frequently,41128,30,477,20302,23,2,2,4,2,3,1,3,1,25,17,11,12,21,4,6,No,3,80,1,Y,29-08-1998,No
EMP0732,30,Female,Divorced,Operations,Logistics Executive,Other,2,Non-Travel,46556,133,252,7761,12,0,4,2,1,1,3,3,4,10,15,3,6,31,3,0,Yes,11,80,1,Y,09-12-2013,No
EMP0733,49,Male,Divorced,Sales,Sales Director,Other,2,Non-Travel,66962,37,1233,2688,12,3,4,4,1,4,2,1,2,7,6,0,4,10,4,3,Yes,8,80,1,Y,29-06-2016,No
EMP0734,28,Female,Single,Marketing,Brand Manager,Other,5,Non-Travel,105054,131,947,8306,20,3,4,2,2,2,3,1,4,21,9,7,10,5,3,3,No,2,80,1,Y,15-09-2002,Yes
EMP0735,37,Female,Single,Research & Development,R&D Manager,Human Resources,5,Travel_Frequently,39099,110,663,7072,19,0,1,1,1,2,2,3,3,19,15,9,3,21,0,5,Yes,25,80,1,Y,01-03-2004,No
EMP0736,37,Male,Single,Operations,Operations Manager,Human Resources,3,Travel_Rarely,68144,112,953,19739,22,2,1,2,3,4,2,2,2,7,16,13,6,13,6,5,Yes,14,80,1,Y,27-11-2016,No
EMP0737,54,Male,Married,Marketing,Content Writer,Medical,3,Travel_Rarely,22837,92,782,20071,19,0,2,1,3,4,1,4,4,28,6,8,3,27,5,9,No,4,80,1,Y,02-01-1996,No
EMP0738,25,Female,Divorced,Research & Development,Research Scientist,Life Sciences,5,Travel_Frequently,140212,62,357,26925,19,2,3,2,2,1,1,2,4,25,10,9,9,38,0,7,No,16,80,1,Y,23-09-1998,Yes
EMP0739,25,Female,Divorced,Research & Development,R&D Manager,Human Resources,4,Travel_Rarely,131680,44,218,12909,11,2,2,4,3,4,4,3,3,29,16,14,0,11,2,0,Yes,14,80,1,Y,07-02-1994,No
EMP0740,38,Female,Single,Sales,Sales Manager,Other,3,Non-Travel,121802,138,254,14713,17,3,3,3,2,1,2,1,4,16,4,8,16,26,4,6,Yes,7,80,1,Y,29-04-2007,No
EMP0741,58,Female,Single,Operations,Supply Chain Manager,Life Sciences,4,Non-Travel,117413,60,920,14614,22,3,5,2,3,3,2,3,1,19,0,8,4,0,4,3,Yes,10,80,1,Y,26-11-2004,No
EMP0742,50,Female,Married,Finance,Accountant,Human Resources,5,Travel_Frequently,66012,50,1244,11321,21,2,4,2,1,2,1,3,2,15,2,11,16,9,1,5,Yes,12,80,1,Y,10-05-2008,No
EMP0743,57,Male,Divorced,Human Resources,HR Manager,Technical Degree,3,Travel_Frequently,145193,32,960,22734,23,2,4,1,4,1,3,1,1,6,15,11,2,32,6,9,No,23,80,1,Y,09-02-2017,No
EMP0744,59,Male,Married,Sales,Account Manager,Marketing,2,Travel_Rarely,73123,95,1218,24885,13,2,1,4,3,2,4,2,3,15,14,10,8,15,1,8,Yes,28,80,1,Y,04-12-2008,No
EMP0745,58,Male,Divorced,Sales,Sales Director,Human Resources,5,Travel_Rarely,126825,64,1007,8086,21,3,5,1,2,3,2,4,1,26,3,10,2,38,3,2,No,8,80,1,Y,07-07-1997,No
EMP0746,56,Male,Married,Finance,CFO,Technical Degree,3,Non-Travel,23720,70,922,14731,19,2,5,4,4,4,1,3,4,22,11,11,2,5,1,7,Yes,23,80,1,Y,27-03-2001,No
EMP0747,28,Female,Single,Human Resources,HR Manager,Medical,4,Travel_Frequently,73655,88,484,22592,18,0,3,4,1,1,2,1,3,23,0,3,8,24,1,2,No,11,80,1,Y,08-06-2000,No
EMP0748,48,Male,Married,Marketing,Marketing Manager,Technical Degree,4,Travel_Rarely,108448,45,710,15341,13,1,5,1,4,4,1,4,3,8,16,14,4,19,4,5,Yes,20,80,1,Y,29-06-2015,No
EMP0749,49,Male,Married,IT,IT Manager,Medical,3,Travel_Rarely,135507,85,1221,8667,11,1,1,3,2,2,4,4,1,34,14,8,9,35,0,1,No,13,80,1,Y,12-01-1989,No
EMP0750,43,Male,Single,Operations,Operations Manager,Human Resources,4,Non-Travel,49812,74,319,14976,19,2,3,4,1,1,3,4,3,19,9,10,14,22,4,8,No,12,80,1,Y,07-12-2004,No
EMP0751,35,Female,Divorced,IT,Data Engineer,Medical,3,Non-Travel,64570,144,296,19374,23,0,2,3,1,3,2,1,1,16,10,3,11,15,6,1,No,7,80,1,Y,24-02-2007,No
EMP0752,28,Male,Divorced,Marketing,Marketing Executive,Technical Degree,3,Non-Travel,65901,88,319,14333,20,2,3,1,3,3,2,3,1,30,17,1,5,0,1,4,Yes,21,80,1,Y,25-08-1993,No
EMP0753,58,Female,Single,Sales,Sales Manager,Marketing,4,Non-Travel,75186,79,1376,7290,11,0,2,3,4,4,4,1,1,7,1,9,6,29,3,5,Yes,12,80,1,Y,07-04-2016,No
EMP0754,43,Male,Married,Human Resources,HR Director,Life Sciences,1,Travel_Rarely,137066,114,1468,15044,13,3,3,4,3,3,3,3,3,14,5,2,6,26,0,3,Yes,10,80,1,Y,15-12-2009,No
EMP0755,26,Female,Married,Sales,Sales Executive,Life Sciences,2,Travel_Frequently,143364,41,592,19760,23,3,4,1,1,3,2,2,3,30,15,1,3,1,1,6,Yes,7,80,1,Y,03-12-1993,No
EMP0756,23,Male,Married,Research & Development,R&D Manager,Marketing,5,Travel_Frequently,51160,121,1366,15537,16,2,2,3,3,4,4,4,2,29,6,13,12,20,1,6,No,19,80,1,Y,06-08-1994,No
EMP0757,48,Female,Divorced,Sales,Sales Executive,Other,2,Non-Travel,34156,41,993,25631,16,3,1,1,3,4,2,3,1,19,11,0,14,8,5,6,Yes,26,80,1,Y,27-11-2004,No
EMP0758,42,Male,Married,Sales,Account Manager,Life Sciences,5,Non-Travel,91208,62,419,17669,24,2,2,1,2,1,2,2,1,11,17,10,6,23,3,6,No,27,80,1,Y,15-09-2012,No
EMP0759,59,Female,Divorced,Marketing,Brand Manager,Human Resources,5,Travel_Rarely,110377,113,1038,25586,21,1,2,3,3,1,4,1,1,16,9,5,9,38,3,9,No,7,80,1,Y,15-04-2007,No
EMP0760,36,Female,Married,Marketing,Marketing Executive,Other,2,Non-Travel,57863,133,359,24688,20,0,3,4,1,4,4,4,1,29,6,3,15,6,1,9,Yes,23,80,1,Y,20-11-1994,No
EMP0761,42,Male,Single,Marketing,Marketing Manager,Human Resources,3,Travel_Frequently,80439,78,1299,18340,14,0,4,4,3,2,1,3,1,28,3,6,7,29,1,8,No,18,80,1,Y,18-11-1995,No
EMP0762,31,Female,Single,IT,IT Manager,Technical Degree,4,Non-Travel,136361,50,810,17955,12,1,3,4,1,2,1,4,1,18,16,6,10,1,4,1,No,24,80,1,Y,09-09-2005,No
EMP0763,44,Female,Divorced,Research & Development,Data Analyst,Technical Degree,1,Travel_Frequently,111176,89,838,4887,23,1,3,4,1,1,2,4,1,10,16,13,5,11,2,4,Yes,23,80,1,Y,06-04-2013,No
EMP0764,26,Male,Divorced,Marketing,Content Writer,Other,1,Non-Travel,44777,81,1255,17794,20,1,4,2,2,1,4,4,2,33,3,9,9,12,3,9,Yes,25,80,1,Y,26-06-1990,Yes
EMP0765,22,Male,Single,Human Resources,HR Executive,Other,1,Non-Travel,102201,83,976,25065,16,1,3,1,1,4,3,1,2,6,4,0,13,2,6,8,No,12,80,1,Y,27-09-2017,No
EMP0766,34,Female,Single,IT,IT Manager,Other,2,Travel_Frequently,30867,68,533,16560,20,3,4,1,1,2,3,4,4,33,0,11,5,39,3,1,Yes,4,80,1,Y,03-10-1990,No
EMP0767,42,Male,Married,Finance,Accountant,Other,2,Travel_Rarely,77501,134,1091,25997,15,0,1,2,2,4,2,3,1,19,10,12,3,17,6,2,No,25,80,1,Y,11-04-2004,No
EMP0768,47,Male,Single,Human Resources,HR Executive,Medical,3,Travel_Rarely,54422,78,1139,3340,23,0,4,1,1,1,1,1,1,23,0,8,14,38,6,6,Yes,1,80,1,Y,05-02-2000,No
EMP0769,42,Male,Divorced,Operations,Operations Manager,Other,1,Non-Travel,136544,135,551,13929,16,1,5,1,2,3,4,2,2,9,7,7,4,5,5,8,Yes,5,80,1,Y,29-08-2014,Yes
EMP0770,39,Female,Single,Operations,Operations Analyst,Other,3,Non-Travel,50362,93,1125,26356,17,2,4,3,4,3,4,3,2,31,3,9,15,26,4,2,No,10,80,1,Y,23-03-1992,No
EMP0771,58,Female,Divorced,Human Resources,Recruiter,Technical Degree,1,Travel_Frequently,66588,129,595,2094,21,2,4,2,4,3,1,1,1,14,14,0,6,14,0,9,Yes,7,80,1,Y,18-02-2009,No
EMP0772,53,Female,Divorced,Marketing,Brand Manager,Human Resources,2,Travel_Frequently,141683,115,1425,21680,19,2,5,1,4,4,4,3,1,19,16,14,1,14,5,7,Yes,20,80,1,Y,06-10-2004,No
EMP0773,57,Female,Married,Finance,CFO,Technical Degree,4,Non-Travel,51307,55,729,24282,22,2,4,1,1,2,2,3,2,2,17,12,12,18,5,7,Yes,29,80,1,Y,22-03-2021,No
EMP0774,38,Female,Married,Finance,Finance Analyst,Life Sciences,4,Travel_Frequently,95280,100,1316,14840,22,3,2,2,3,1,4,2,2,7,2,7,1,37,0,3,No,7,80,1,Y,23-03-2016,No
EMP0775,56,Female,Married,IT,Software Engineer,Medical,4,Travel_Rarely,71523,36,557,21076,24,0,3,2,2,2,4,1,4,22,17,4,8,19,0,5,No,28,80,1,Y,08-06-2001,No
EMP0776,32,Female,Married,Finance,Finance Manager,Medical,4,Travel_Rarely,122669,101,1027,22545,17,0,3,3,4,2,1,4,4,10,6,0,4,19,3,7,Yes,25,80,1,Y,10-11-2013,Yes
EMP0777,42,Male,Single,Operations,Logistics Executive,Human Resources,5,Travel_Frequently,118215,91,259,17756,14,0,1,3,2,1,1,3,1,7,16,14,2,17,2,8,No,13,80,1,Y,11-02-2016,No
EMP0778,47,Female,Married,Research & Development,Research Scientist,Other,1,Travel_Frequently,113707,119,676,10126,20,2,1,4,4,2,3,3,2,28,17,3,1,33,2,1,No,14,80,1,Y,19-03-1995,No
EMP0779,25,Female,Single,Marketing,Marketing Executive,Technical Degree,4,Travel_Frequently,107837,117,811,21665,15,1,5,4,4,3,2,3,4,29,7,6,13,38,6,0,No,5,80,1,Y,09-07-1994,No
EMP0780,55,Male,Married,Finance,CFO,Life Sciences,5,Travel_Rarely,133070,53,200,19881,23,2,2,3,1,1,1,3,1,9,10,13,7,36,4,4,Yes,21,80,1,Y,23-01-2014,Yes
EMP0781,39,Male,Married,IT,IT Manager,Technical Degree,5,Non-Travel,94872,69,510,12923,16,0,1,1,2,3,1,3,4,27,2,11,11,34,6,9,Yes,2,80,1,Y,18-05-1996,No
EMP0782,56,Male,Divorced,Operations,Operations Analyst,Other,5,Travel_Frequently,102736,141,367,9053,23,2,3,2,1,4,1,1,4,12,6,4,16,37,0,2,Yes,14,80,1,Y,10-01-2011,No
EMP0783,50,Female,Single,Research & Development,R&D Manager,Other,3,Travel_Frequently,20470,105,391,17172,19,1,1,3,2,3,4,3,4,31,14,10,15,37,0,5,No,21,80,1,Y,03-02-1992,No
EMP0784,50,Male,Divorced,Sales,Sales Director,Marketing,3,Travel_Frequently,107969,76,1257,25098,15,1,1,4,2,4,2,3,3,25,9,2,5,0,1,0,No,8,80,1,Y,03-06-1998,No
EMP0785,59,Female,Married,Sales,Sales Director,Technical Degree,5,Non-Travel,106493,37,1257,12935,15,2,4,2,3,4,2,3,1,21,11,11,5,11,4,3,Yes,20,80,1,Y,14-11-2002,No
EMP0786,42,Female,Single,Research & Development,Data Analyst,Human Resources,4,Travel_Frequently,21523,83,907,26041,17,0,1,4,4,1,4,4,4,3,11,10,1,4,5,5,Yes,2,80,1,Y,08-10-2020,No
EMP0787,34,Female,Married,Operations,Supply Chain Manager,Technical Degree,1,Travel_Frequently,46169,38,1381,14467,12,3,5,1,1,3,4,4,1,30,14,3,7,26,5,1,Yes,8,80,1,Y,08-10-1993,No
EMP0788,38,Male,Divorced,IT,System Admin,Medical,2,Travel_Rarely,60641,32,565,13073,13,0,3,1,3,3,1,1,1,17,4,1,13,38,4,7,Yes,20,80,1,Y,30-03-2006,No
EMP0789,30,Male,Single,Research & Development,Data Analyst,Life Sciences,3,Travel_Frequently,44661,83,1057,26387,22,3,5,4,2,3,3,3,2,23,12,7,1,19,3,3,No,29,80,1,Y,15-06-2000,No
EMP0790,22,Female,Divorced,Marketing,Brand Manager,Human Resources,4,Travel_Rarely,29457,50,526,9691,12,0,5,2,4,1,3,3,1,22,8,11,16,39,3,1,Yes,5,80,1,Y,23-04-2001,Yes
EMP0791,23,Female,Married,Marketing,Marketing Manager,Marketing,4,Non-Travel,82600,124,313,15770,20,2,2,4,1,4,2,2,4,21,9,1,15,18,4,0,No,12,80,1,Y,18-07-2002,No
EMP0792,50,Female,Married,Sales,Sales Executive,Life Sciences,2,Travel_Frequently,118619,77,996,26490,20,3,4,2,3,4,3,4,1,1,7,13,5,37,2,7,Yes,7,80,1,Y,30-01-2022,No
EMP0793,54,Male,Married,Finance,Finance Manager,Life Sciences,2,Travel_Frequently,91102,76,1118,17688,22,0,5,3,2,4,1,2,2,30,8,12,16,14,4,9,Yes,27,80,1,Y,20-10-1993,No
EMP0794,31,Female,Single,IT,IT Manager,Medical,4,Travel_Rarely,48085,117,1366,2201,24,2,2,4,3,1,4,3,3,10,5,10,13,5,2,0,No,21,80,1,Y,05-04-2013,No
EMP0795,42,Male,Divorced,Sales,Sales Executive,Medical,2,Non-Travel,112064,97,808,19882,12,0,3,4,2,1,2,3,3,27,17,5,9,8,3,6,Yes,13,80,1,Y,06-03-1996,No
EMP0796,49,Female,Divorced,Finance,Finance Manager,Medical,4,Non-Travel,120723,113,508,15829,13,1,3,2,2,2,2,2,2,31,9,13,3,35,6,6,Yes,15,80,1,Y,27-05-1992,No
EMP0797,32,Male,Married,Finance,Finance Analyst,Human Resources,2,Travel_Rarely,148114,92,600,5086,16,1,2,3,4,3,4,1,4,4,14,6,10,22,4,5,No,10,80,1,Y,06-07-2019,No
EMP0798,55,Female,Divorced,Marketing,Marketing Manager,Technical Degree,2,Non-Travel,85134,45,411,13305,15,0,5,2,1,4,3,1,4,9,12,6,15,9,2,7,No,4,80,1,Y,26-07-2014,No
EMP0799,29,Male,Single,Operations,Logistics Executive,Life Sciences,4,Non-Travel,57982,103,516,4590,21,2,5,2,4,2,2,2,4,23,10,12,3,0,1,9,Yes,16,80,1,Y,31-03-2000,No
EMP0800,43,Male,Married,Human Resources,Recruiter,Technical Degree,5,Non-Travel,80185,136,384,9125,24,0,4,4,1,2,4,3,1,34,1,0,5,10,1,0,No,7,80,1,Y,27-07-1989,No
EMP0801,29,Male,Married,Operations,Supply Chain Manager,Technical Degree,4,Non-Travel,48477,119,1428,9860,23,2,4,4,1,3,4,2,3,22,7,7,7,19,4,0,No,13,80,1,Y,30-06-2001,No
EMP0802,36,Male,Married,Human Resources,Recruiter,Medical,1,Non-Travel,129161,122,1439,7408,15,3,3,2,2,1,3,4,4,16,17,8,15,27,0,0,Yes,4,80,1,Y,08-06-2007,No
EMP0803,38,Male,Single,Research & Development,Research Scientist,Technical Degree,2,Non-Travel,67709,34,445,3948,12,1,4,1,3,2,3,1,3,0,2,13,6,21,4,5,Yes,26,80,1,Y,11-02-2023,No
EMP0804,44,Male,Married,Marketing,Brand Manager,Life Sciences,3,Non-Travel,93137,40,438,5963,12,3,2,1,1,1,1,2,2,30,2,13,16,19,3,6,Yes,12,80,1,Y,02-06-1993,No
EMP0805,45,Female,Married,Finance,Finance Manager,Life Sciences,2,Non-Travel,51018,58,719,2693,22,2,3,1,1,1,3,1,3,30,6,6,2,37,3,9,No,20,80,1,Y,27-07-1993,No
EMP0806,40,Female,Married,IT,Data Engineer,Other,1,Travel_Frequently,50371,138,476,7363,11,0,5,4,1,3,3,4,4,33,17,12,14,15,1,8,No,2,80,1,Y,04-03-1990,Yes
EMP0807,26,Female,Married,Human Resources,HR Director,Marketing,3,Travel_Rarely,98021,108,1205,14125,13,1,3,4,1,2,4,3,3,8,8,7,3,1,2,9,Yes,5,80,1,Y,02-09-2015,No
EMP0808,53,Female,Divorced,Operations,Logistics Executive,Human Resources,3,Non-Travel,22857,99,401,13924,22,2,1,3,2,4,2,3,2,21,17,3,15,24,1,4,Yes,8,80,1,Y,24-03-2002,No
EMP0809,22,Male,Married,Finance,Accountant,Technical Degree,4,Travel_Rarely,23177,77,413,7887,22,2,3,4,4,2,4,3,3,12,0,11,13,26,2,0,Yes,4,80,1,Y,31-03-2011,No
EMP0810,44,Female,Single,Human Resources,HR Executive,Human Resources,5,Non-Travel,103578,44,805,12851,21,1,4,3,3,4,1,1,1,24,3,7,16,2,6,8,Yes,27,80,1,Y,20-09-1999,No
EMP0811,58,Male,Married,Human Resources,HR Executive,Human Resources,4,Non-Travel,104941,136,677,9734,24,0,2,4,2,4,4,4,2,17,3,2,8,22,4,4,No,29,80,1,Y,27-06-2006,No
EMP0812,29,Male,Married,Human Resources,HR Manager,Human Resources,3,Travel_Frequently,26826,113,707,11913,17,1,5,1,2,1,1,2,1,11,16,12,6,31,0,5,Yes,2,80,1,Y,28-03-2012,Yes
EMP0813,34,Male,Divorced,IT,System Admin,Other,3,Travel_Rarely,97428,63,1298,18191,21,0,5,1,2,4,3,3,1,16,1,0,13,16,3,8,No,25,80,1,Y,28-08-2007,No
EMP0814,29,Female,Married,Marketing,Marketing Executive,Human Resources,5,Travel_Rarely,141044,89,868,24101,15,0,4,2,1,3,2,1,4,14,14,12,11,39,4,1,No,6,80,1,Y,04-07-2009,No
EMP0815,44,Male,Divorced,IT,IT Manager,Other,2,Travel_Frequently,90020,91,864,7293,17,2,4,2,3,2,2,3,4,14,12,12,16,19,1,2,Yes,3,80,1,Y,18-05-2009,No
EMP0816,22,Female,Single,Sales,Sales Director,Life Sciences,5,Travel_Frequently,20495,31,341,22435,19,0,4,3,2,1,4,4,2,14,8,7,8,29,5,6,No,29,80,1,Y,20-05-2009,Yes
EMP0817,45,Female,Divorced,Finance,Finance Manager,Technical Degree,4,Travel_Rarely,43481,137,521,15845,16,0,1,3,2,1,2,2,4,12,6,14,11,27,5,2,No,14,80,1,Y,15-06-2011,No
EMP0818,56,Female,Married,Marketing,Marketing Executive,Other,2,Non-Travel,132897,109,660,15820,12,1,2,2,2,4,1,3,3,16,11,10,11,22,4,1,No,10,80,1,Y,05-01-2008,Yes
EMP0819,45,Female,Single,Marketing,Marketing Manager,Marketing,4,Non-Travel,118475,48,906,4291,11,1,1,3,1,1,1,4,2,31,11,11,7,18,0,6,Yes,11,80,1,Y,22-12-1992,No
EMP0820,38,Female,Married,Marketing,Brand Manager,Human Resources,5,Travel_Rarely,72042,127,869,16395,11,0,4,4,1,3,3,1,4,8,13,5,9,24,2,7,Yes,5,80,1,Y,11-08-2015,No
EMP0821,26,Male,Divorced,Operations,Logistics Executive,Marketing,2,Non-Travel,64476,78,1369,14391,20,2,2,1,2,3,4,4,4,19,14,8,11,23,6,8,Yes,22,80,1,Y,06-03-2004,No
EMP0822,41,Male,Single,Marketing,Marketing Executive,Life Sciences,5,Travel_Frequently,43552,107,253,4698,19,1,4,2,1,1,3,1,3,25,0,2,4,0,0,1,Yes,16,80,1,Y,30-12-1998,No
EMP0823,42,Female,Single,IT,System Admin,Life Sciences,1,Travel_Frequently,84093,117,476,13566,24,3,2,2,3,1,2,3,1,26,8,7,0,27,1,1,Yes,9,80,1,Y,17-04-1997,No
EMP0824,52,Male,Divorced,Marketing,Brand Manager,Medical,3,Travel_Frequently,84123,57,599,11202,16,2,5,4,1,3,3,3,3,20,15,8,8,28,0,6,Yes,21,80,1,Y,29-10-2003,No
EMP0825,57,Female,Divorced,Research & Development,Lab Technician,Human Resources,2,Travel_Rarely,31535,77,867,16055,16,1,1,3,2,4,2,4,1,17,8,8,14,34,3,3,No,16,80,1,Y,04-08-2006,No
EMP0826,32,Male,Single,Finance,Finance Analyst,Medical,3,Travel_Rarely,81490,125,715,3041,14,1,4,2,3,1,1,1,4,12,15,11,1,16,5,4,No,9,80,1,Y,01-01-2012,No
EMP0827,36,Male,Single,Marketing,Content Writer,Marketing,1,Travel_Rarely,61562,66,1494,19941,22,3,4,2,1,4,4,4,1,15,1,13,3,10,0,0,No,17,80,1,Y,04-08-2008,Yes
EMP0828,40,Male,Divorced,Finance,CFO,Technical Degree,2,Non-Travel,134042,103,775,19591,24,0,3,4,2,1,4,4,1,8,9,13,3,36,4,5,No,12,80,1,Y,12-09-2015,No
EMP0829,28,Male,Married,Research & Development,Lab Technician,Medical,3,Travel_Rarely,104080,78,311,11872,12,1,5,1,4,3,3,3,4,11,17,6,2,6,2,9,No,15,80,1,Y,16-09-2012,No
EMP0830,49,Male,Single,Research & Development,Research Scientist,Life Sciences,3,Travel_Rarely,56269,138,438,5621,20,3,4,2,4,1,2,3,2,18,12,11,15,25,3,7,No,10,80,1,Y,28-07-2005,No
EMP0831,26,Male,Divorced,Finance,CFO,Human Resources,2,Travel_Frequently,95674,77,1367,5352,13,3,1,2,3,1,1,3,3,6,1,10,7,22,3,0,No,4,80,1,Y,22-12-2017,No
EMP0832,26,Male,Married,Human Resources,HR Executive,Marketing,3,Non-Travel,57462,102,1243,25839,13,1,5,4,3,1,2,4,4,34,12,9,6,17,3,1,No,17,80,1,Y,21-01-1989,No
EMP0833,51,Male,Single,Sales,Sales Manager,Other,3,Non-Travel,149199,117,396,20062,18,2,4,2,3,3,3,4,3,17,2,2,11,28,1,6,Yes,18,80,1,Y,17-08-2006,No
EMP0834,53,Male,Single,Operations,Operations Manager,Life Sciences,2,Travel_Frequently,38147,129,581,12937,16,1,1,2,1,3,2,2,3,15,14,2,11,38,1,1,Yes,18,80,1,Y,27-03-2008,No
EMP0835,29,Male,Divorced,Human Resources,HR Executive,Other,3,Non-Travel,92095,149,363,16602,17,3,3,1,3,3,1,2,1,3,2,1,3,33,4,8,No,10,80,1,Y,15-04-2020,No
EMP0836,31,Male,Married,Human Resources,HR Executive,Technical Degree,3,Travel_Rarely,105925,58,805,10972,19,1,3,2,1,2,3,4,4,24,9,0,14,37,2,5,No,11,80,1,Y,29-03-1999,No
EMP0837,59,Male,Single,IT,IT Manager,Human Resources,4,Non-Travel,81381,89,1472,25136,11,2,1,4,2,2,1,2,2,31,5,12,5,7,0,4,Yes,21,80,1,Y,22-03-1992,No
EMP0838,53,Male,Married,Operations,Operations Analyst,Technical Degree,4,Travel_Frequently,114468,58,1291,2945,12,0,5,1,1,2,3,4,3,12,13,1,2,20,4,6,Yes,1,80,1,Y,18-03-2011,No
EMP0839,49,Female,Married,Operations,Operations Analyst,Technical Degree,1,Non-Travel,78749,87,1054,21812,19,0,1,1,1,2,4,3,3,16,8,4,6,20,1,9,Yes,10,80,1,Y,18-10-2007,No
EMP0840,38,Male,Single,Human Resources,Recruiter,Human Resources,4,Travel_Frequently,28731,77,1244,9973,15,1,1,1,2,3,2,1,2,5,17,0,5,35,4,7,No,3,80,1,Y,15-11-2018,No
EMP0841,52,Male,Married,Marketing,Brand Manager,Human Resources,4,Travel_Rarely,139647,52,1030,25552,14,1,3,3,4,1,1,3,3,18,7,9,0,16,2,8,No,27,80,1,Y,17-12-2005,No
EMP0842,29,Male,Single,IT,Software Engineer,Other,1,Travel_Rarely,66024,56,796,16118,11,3,3,4,1,3,1,4,4,12,5,3,7,15,4,5,Yes,6,80,1,Y,14-05-2011,No
EMP0843,46,Male,Married,IT,System Admin,Technical Degree,3,Travel_Frequently,131712,124,735,13290,19,2,3,3,1,2,2,3,2,25,14,10,0,14,6,4,No,17,80,1,Y,09-07-1998,No
EMP0844,30,Male,Single,Research & Development,Research Scientist,Marketing,3,Travel_Rarely,116121,136,310,18383,21,3,4,2,2,4,1,4,4,13,13,9,15,14,5,6,No,12,80,1,Y,17-10-2010,No
EMP0845,23,Male,Divorced,Operations,Operations Manager,Other,4,Travel_Rarely,18832,36,1148,21368,23,3,4,1,3,4,1,4,2,30,14,9,2,39,5,1,Yes,11,80,1,Y,30-10-1993,No
EMP0846,36,Female,Single,Human Resources,HR Executive,Human Resources,1,Non-Travel,47332,78,1062,20974,19,0,2,3,2,3,1,2,3,3,5,0,1,16,3,7,Yes,17,80,1,Y,19-08-2020,No
EMP0847,24,Female,Single,Research & Development,Lab Technician,Life Sciences,3,Travel_Rarely,27467,83,794,12366,14,3,4,2,4,1,4,4,2,7,11,11,5,0,0,3,Yes,3,80,1,Y,29-06-2016,Yes
EMP0848,57,Female,Single,Finance,CFO,Other,5,Travel_Frequently,56025,138,1221,3797,19,3,5,3,3,2,1,1,4,24,9,9,7,12,6,0,No,9,80,1,Y,15-03-1999,No
EMP0849,25,Male,Married,Sales,Sales Manager,Medical,2,Travel_Rarely,92994,97,659,13248,20,0,5,1,4,1,4,2,2,12,7,7,6,37,1,2,Yes,18,80,1,Y,30-08-2011,No
EMP0850,35,Male,Divorced,IT,Software Engineer,Marketing,2,Non-Travel,109202,107,1301,23427,23,0,3,2,1,1,2,1,3,31,4,11,6,9,6,8,Yes,28,80,1,Y,11-09-1992,No
EMP0851,46,Male,Married,Finance,Accountant,Other,2,Travel_Frequently,58481,135,633,4257,11,2,1,1,4,1,4,4,1,27,9,4,2,32,1,3,Yes,6,80,1,Y,29-08-1996,No
EMP0852,31,Female,Married,Finance,Finance Analyst,Human Resources,4,Travel_Rarely,148653,71,1087,4197,15,2,3,1,4,2,1,3,3,29,10,9,10,25,5,9,No,3,80,1,Y,08-08-1994,Yes
EMP0853,42,Male,Single,Marketing,Marketing Executive,Human Resources,2,Travel_Rarely,90118,103,982,10222,11,2,1,3,2,3,1,4,3,2,13,3,10,11,2,9,No,6,80,1,Y,15-11-2021,Yes
EMP0854,57,Male,Married,Sales,Account Manager,Marketing,2,Travel_Rarely,139010,88,1187,16152,14,1,3,4,3,2,1,4,1,27,13,2,2,18,2,2,No,11,80,1,Y,21-03-1996,No
EMP0855,33,Female,Single,Finance,Finance Analyst,Medical,5,Travel_Frequently,138714,73,368,22781,22,0,3,2,1,2,4,3,2,2,1,8,0,14,2,3,Yes,11,80,1,Y,11-06-2021,No
EMP0856,48,Female,Divorced,Finance,Finance Manager,Other,3,Non-Travel,99363,127,908,4912,15,1,5,2,1,3,3,3,3,33,16,5,9,4,1,2,No,7,80,1,Y,24-03-1990,No
EMP0857,23,Male,Married,Sales,Account Manager,Other,5,Travel_Frequently,138607,55,1164,13004,24,1,1,4,1,3,3,1,1,15,14,11,1,1,3,2,No,13,80,1,Y,15-09-2008,No
EMP0858,34,Male,Married,Sales,Account Manager,Technical Degree,4,Travel_Frequently,78044,52,1485,10874,21,2,2,2,3,3,2,2,4,21,2,0,16,13,6,1,Yes,13,80,1,Y,28-11-2002,No
EMP0859,53,Male,Married,Finance,CFO,Life Sciences,2,Non-Travel,26814,102,926,26832,13,0,2,3,3,4,2,2,1,31,2,13,8,28,0,5,No,7,80,1,Y,26-07-1992,Yes
EMP0860,52,Male,Single,Sales,Sales Executive,Human Resources,3,Travel_Frequently,114340,130,428,17416,12,1,3,2,4,4,2,2,3,7,2,7,8,0,2,9,No,14,80,1,Y,30-04-2016,No
EMP0861,37,Female,Single,Finance,CFO,Other,2,Travel_Frequently,25024,37,1384,8152,16,3,3,3,4,3,1,1,4,7,2,9,10,12,1,5,No,2,80,1,Y,06-10-2016,No
EMP0862,53,Male,Married,Finance,CFO,Other,2,Travel_Rarely,124236,82,626,9172,21,3,5,2,3,1,3,1,3,5,17,1,16,31,3,9,No,3,80,1,Y,28-04-2018,No
EMP0863,53,Male,Married,Marketing,Marketing Manager,Other,4,Travel_Frequently,72836,43,321,21278,23,0,1,3,1,4,3,3,1,13,5,12,13,33,2,3,No,4,80,1,Y,16-01-2010,No
EMP0864,55,Female,Divorced,Human Resources,HR Director,Medical,2,Travel_Rarely,22435,100,348,5185,13,1,3,4,3,2,2,2,4,31,13,8,11,13,6,7,No,8,80,1,Y,15-01-1992,No
EMP0865,32,Male,Divorced,Finance,Finance Manager,Life Sciences,1,Travel_Frequently,85601,36,1051,21116,20,2,2,2,2,2,3,4,3,34,2,10,7,37,2,5,No,21,80,1,Y,20-03-1989,Yes
EMP0866,31,Male,Divorced,Research & Development,Lab Technician,Other,3,Travel_Rarely,135871,38,904,23708,11,1,1,3,3,4,2,1,1,9,0,6,7,37,0,7,No,1,80,1,Y,16-11-2014,No
EMP0867,36,Female,Divorced,IT,System Admin,Marketing,3,Travel_Rarely,149479,32,310,11161,21,3,3,1,3,2,1,4,4,2,9,2,7,14,5,5,Yes,9,80,1,Y,03-03-2021,No
EMP0868,38,Female,Divorced,Operations,Supply Chain Manager,Human Resources,1,Travel_Rarely,113943,107,1444,26233,23,3,1,1,1,3,3,2,3,11,12,3,14,38,0,8,Yes,17,80,1,Y,10-02-2012,No
EMP0869,39,Male,Single,Human Resources,Recruiter,Technical Degree,4,Non-Travel,47940,46,263,17765,15,2,5,1,4,2,1,2,1,30,8,2,7,5,4,2,Yes,18,80,1,Y,08-08-1993,Yes
EMP0870,30,Female,Divorced,Human Resources,HR Manager,Marketing,2,Travel_Frequently,20666,143,837,26678,12,0,2,2,2,4,1,1,3,28,1,5,13,28,5,2,Yes,7,80,1,Y,20-12-1995,No
EMP0871,46,Female,Divorced,Human Resources,HR Executive,Human Resources,2,Travel_Frequently,52122,73,1108,19467,12,1,1,3,2,1,3,1,3,4,9,8,12,36,5,1,Yes,27,80,1,Y,13-03-2019,No
EMP0872,35,Male,Married,Marketing,Marketing Manager,Medical,3,Travel_Frequently,133647,115,212,23589,14,3,2,1,2,2,4,3,3,24,11,9,7,18,6,9,Yes,3,80,1,Y,26-06-1999,No
EMP0873,46,Female,Single,Finance,Accountant,Life Sciences,4,Non-Travel,144753,75,1133,6862,14,1,3,2,3,2,2,4,2,30,2,8,16,0,5,5,Yes,22,80,1,Y,29-11-1993,No
EMP0874,43,Male,Divorced,Marketing,Content Writer,Life Sciences,4,Travel_Rarely,138402,119,1376,5070,14,2,4,3,1,1,3,3,3,20,0,0,5,20,2,6,No,16,80,1,Y,09-12-2003,Yes
EMP0875,51,Male,Divorced,Finance,CFO,Human Resources,4,Travel_Frequently,116190,87,438,13940,17,2,1,1,3,4,1,3,4,19,14,9,16,38,4,6,No,8,80,1,Y,18-07-2004,No
EMP0876,41,Male,Divorced,Marketing,Content Writer,Marketing,2,Non-Travel,115468,57,1413,10563,11,0,2,1,4,1,2,4,1,21,12,5,3,17,6,4,No,5,80,1,Y,12-07-2002,No
EMP0877,42,Male,Married,Marketing,Marketing Executive,Technical Degree,4,Non-Travel,144207,138,862,16931,23,2,1,2,1,2,1,2,1,3,6,0,6,26,1,5,No,17,80,1,Y,24-05-2020,No
EMP0878,53,Female,Married,IT,Software Engineer,Medical,1,Travel_Frequently,41505,43,1309,18585,18,0,3,3,2,4,2,4,2,12,1,10,16,27,6,6,No,26,80,1,Y,05-06-2011,No
EMP0879,42,Male,Married,Research & Development,R&D Manager,Human Resources,5,Travel_Rarely,51713,38,1244,18472,22,1,3,2,3,3,3,2,2,19,10,3,5,7,0,1,Yes,28,80,1,Y,05-11-2004,Yes
EMP0880,56,Male,Divorced,Marketing,Content Writer,Medical,4,Non-Travel,58169,144,893,16772,23,3,2,1,1,4,1,3,2,12,15,6,9,30,5,9,Yes,19,80,1,Y,10-09-2011,No
EMP0881,53,Male,Married,IT,IT Manager,Life Sciences,5,Travel_Frequently,92511,55,1381,16455,20,3,5,2,3,4,2,2,3,16,13,3,6,11,5,6,No,27,80,1,Y,05-02-2007,No
EMP0882,51,Male,Divorced,Sales,Account Manager,Other,2,Travel_Rarely,55522,31,1170,8299,19,0,1,2,1,3,2,2,3,32,14,8,13,5,3,0,No,18,80,1,Y,07-03-1991,No
EMP0883,33,Female,Single,Research & Development,Lab Technician,Other,4,Non-Travel,114397,104,1163,12188,20,3,1,1,2,4,3,2,4,0,6,13,13,25,2,5,No,22,80,1,Y,27-12-2023,Yes
EMP0884,39,Female,Divorced,Marketing,Marketing Manager,Technical Degree,3,Non-Travel,18880,110,275,14686,23,0,3,1,4,2,2,4,1,14,8,9,9,15,6,7,Yes,5,80,1,Y,14-02-2009,No
EMP0885,42,Female,Married,Operations,Operations Manager,Medical,2,Travel_Frequently,58539,63,528,16011,24,0,1,3,4,2,2,2,1,12,3,4,8,29,2,0,Yes,7,80,1,Y,15-02-2011,No
EMP0886,34,Male,Single,Human Resources,Recruiter,Human Resources,1,Travel_Frequently,29799,48,1426,26763,16,1,2,3,3,2,1,4,3,16,5,13,9,18,4,0,No,18,80,1,Y,24-06-2007,No
EMP0887,42,Female,Divorced,Sales,Sales Director,Technical Degree,1,Travel_Rarely,119843,68,1452,23555,14,1,4,1,2,2,3,1,1,23,9,8,1,17,0,5,Yes,13,80,1,Y,10-12-2000,No
EMP0888,29,Female,Single,Sales,Account Manager,Marketing,5,Travel_Frequently,63784,111,351,19938,16,2,3,1,3,3,3,1,3,7,2,0,2,23,5,4,No,22,80,1,Y,30-07-2016,No
EMP0889,28,Male,Single,IT,Data Engineer,Other,5,Travel_Frequently,128034,42,271,23983,20,0,4,4,3,2,1,3,2,26,0,12,15,19,5,2,No,11,80,1,Y,14-04-1997,No
EMP0890,44,Female,Single,Sales,Sales Director,Human Resources,3,Travel_Rarely,69362,34,424,14874,17,1,1,4,1,4,4,3,3,22,5,11,9,6,4,9,Yes,5,80,1,Y,16-12-2001,No
EMP0891,53,Male,Divorced,Research & Development,R&D Manager,Medical,3,Travel_Frequently,68997,79,672,26805,16,0,5,3,1,1,1,4,4,7,4,13,10,6,6,9,No,22,80,1,Y,23-07-2016,No
EMP0892,32,Female,Married,Marketing,Content Writer,Technical Degree,1,Travel_Rarely,117399,52,559,15441,21,0,2,2,1,3,1,2,3,7,14,3,9,15,2,6,Yes,15,80,1,Y,01-04-2016,No
EMP0893,43,Female,Divorced,Marketing,Brand Manager,Human Resources,4,Travel_Rarely,29549,149,739,2054,11,0,1,1,2,3,4,2,3,25,10,6,11,13,0,6,No,21,80,1,Y,24-03-1998,Yes
EMP0894,43,Female,Married,Operations,Operations Analyst,Technical Degree,1,Travel_Rarely,71920,117,1010,22750,15,1,2,1,2,1,2,1,1,12,12,12,13,11,2,6,No,7,80,1,Y,20-10-2011,No
EMP0895,46,Female,Divorced,Human Resources,HR Executive,Technical Degree,1,Travel_Frequently,108860,58,808,6031,18,0,1,2,3,2,3,4,3,27,5,1,8,28,0,5,Yes,5,80,1,Y,24-07-1996,No
EMP0896,43,Male,Divorced,IT,System Admin,Technical Degree,3,Travel_Rarely,39624,141,1269,11315,18,0,1,3,1,2,3,2,4,24,4,14,12,14,6,3,Yes,29,80,1,Y,25-04-1999,No
EMP0897,49,Male,Divorced,Human Resources,HR Manager,Medical,5,Travel_Frequently,61705,140,200,21524,22,2,1,4,2,4,4,2,3,15,1,8,5,7,2,8,Yes,7,80,1,Y,13-01-2008,No
EMP0898,50,Female,Married,Sales,Sales Executive,Human Resources,3,Travel_Rarely,104326,101,877,26462,20,0,3,3,3,2,3,4,3,1,16,2,10,38,3,8,No,17,80,1,Y,10-09-2022,Yes
EMP0899,34,Male,Divorced,Operations,Supply Chain Manager,Life Sciences,3,Travel_Frequently,75390,55,1468,3552,19,2,4,2,2,2,4,3,2,17,11,3,0,8,5,6,No,9,80,1,Y,19-10-2006,No
EMP0900,39,Female,Single,Human Resources,HR Executive,Life Sciences,3,Travel_Rarely,83369,108,1442,9795,14,0,5,1,3,4,2,4,3,16,11,11,14,27,6,6,No,6,80,1,Y,11-12-2007,No
EMP0901,23,Female,Divorced,Research & Development,Data Analyst,Medical,1,Non-Travel,24589,86,490,7271,20,2,4,4,4,2,4,4,3,29,13,13,6,26,6,7,No,9,80,1,Y,29-01-1994,No
EMP0902,50,Female,Single,Marketing,Brand Manager,Medical,4,Non-Travel,128012,30,403,16665,16,1,4,2,1,1,3,2,3,12,6,14,10,6,4,4,No,17,80,1,Y,17-06-2011,No
EMP0903,42,Female,Married,Sales,Sales Manager,Other,1,Non-Travel,88181,57,1425,2115,17,1,2,1,4,2,3,1,4,31,13,14,16,13,0,8,Yes,2,80,1,Y,25-05-1992,No
EMP0904,36,Female,Married,Operations,Operations Analyst,Technical Degree,2,Travel_Rarely,138711,142,765,5613,15,3,3,3,3,1,4,2,1,28,6,3,4,10,4,5,Yes,23,80,1,Y,10-03-1995,No
EMP0905,48,Female,Divorced,Human Resources,HR Executive,Human Resources,3,Travel_Frequently,91425,91,681,8372,21,0,3,4,3,1,3,2,2,29,8,7,8,31,0,6,No,20,80,1,Y,20-03-1994,No
EMP0906,52,Male,Divorced,IT,IT Manager,Human Resources,3,Travel_Rarely,30994,76,710,18130,18,3,1,1,1,1,4,2,2,17,13,1,15,27,6,6,Yes,13,80,1,Y,22-04-2006,No
EMP0907,36,Male,Divorced,Research & Development,Lab Technician,Marketing,2,Travel_Rarely,126915,139,1123,26935,13,3,4,1,1,2,3,4,3,12,16,4,10,5,0,8,Yes,26,80,1,Y,19-11-2011,No
EMP0908,44,Female,Single,Research & Development,R&D Manager,Marketing,3,Travel_Rarely,137961,107,477,26603,18,2,5,1,3,2,1,4,3,20,16,1,16,34,5,6,No,17,80,1,Y,15-09-2003,No
EMP0909,45,Male,Married,Human Resources,HR Executive,Life Sciences,3,Travel_Rarely,119672,135,1204,5837,24,1,2,1,2,3,2,2,1,29,12,11,5,5,0,2,Yes,21,80,1,Y,01-06-1994,Yes
EMP0910,34,Female,Single,Marketing,Marketing Manager,Marketing,3,Travel_Frequently,41639,127,215,5533,15,0,3,1,1,4,3,2,3,20,17,5,14,23,2,5,No,20,80,1,Y,11-08-2003,No
EMP0911,43,Male,Single,Human Resources,Recruiter,Marketing,2,Travel_Rarely,32205,88,555,11610,11,0,1,3,3,4,3,1,4,16,16,8,2,8,1,5,No,6,80,1,Y,18-06-2007,No
EMP0912,58,Male,Divorced,Sales,Sales Director,Life Sciences,1,Non-Travel,71677,60,555,13108,23,2,5,2,1,3,3,3,1,18,5,11,8,1,2,6,Yes,29,80,1,Y,22-10-2005,No
EMP0913,54,Male,Divorced,Human Resources,HR Manager,Other,3,Non-Travel,47930,99,1029,7831,16,3,4,4,1,1,4,2,3,14,11,8,11,37,1,5,Yes,23,80,1,Y,29-10-2009,No
EMP0914,24,Female,Single,Research & Development,Lab Technician,Life Sciences,4,Non-Travel,88313,78,798,24347,12,2,5,3,4,4,3,4,1,8,5,13,15,13,5,3,No,27,80,1,Y,15-07-2015,No
EMP0915,40,Male,Single,Operations,Operations Analyst,Marketing,2,Travel_Rarely,128153,34,1301,3294,17,3,3,4,4,3,4,3,2,9,2,0,7,30,5,5,No,19,80,1,Y,22-11-2014,No
EMP0916,44,Female,Divorced,Human Resources,HR Director,Human Resources,5,Travel_Frequently,33316,60,1127,24354,19,0,2,1,2,1,3,3,3,30,14,3,4,29,2,2,No,6,80,1,Y,10-05-1993,No
EMP0917,50,Female,Divorced,Marketing,Brand Manager,Marketing,2,Travel_Frequently,111058,66,1290,17663,13,2,4,2,1,3,1,1,1,22,2,3,11,26,1,0,Yes,2,80,1,Y,20-03-2001,No
EMP0918,51,Female,Single,Operations,Operations Manager,Technical Degree,1,Travel_Frequently,102876,108,1058,9550,24,3,2,1,3,2,1,3,1,29,14,0,5,35,6,0,No,28,80,1,Y,14-12-1994,No
EMP0919,46,Male,Divorced,IT,System Admin,Technical Degree,2,Travel_Rarely,100366,44,413,20459,20,2,5,3,3,2,2,2,3,32,0,9,11,30,5,4,No,26,80,1,Y,04-04-1991,No
EMP0920,58,Male,Divorced,Finance,Finance Manager,Technical Degree,5,Travel_Frequently,28403,81,648,15830,24,1,5,3,1,1,4,2,1,8,2,1,14,5,0,7,No,13,80,1,Y,13-06-2015,No
EMP0921,29,Male,Single,Human Resources,HR Manager,Other,4,Non-Travel,95052,136,1164,15031,14,2,1,4,1,1,2,4,3,0,4,5,9,17,0,2,No,20,80,1,Y,20-08-2023,No
EMP0922,37,Female,Single,Marketing,Content Writer,Medical,5,Travel_Frequently,88495,98,1338,25750,14,0,4,1,2,2,3,2,3,34,13,9,16,13,1,1,Yes,10,80,1,Y,27-11-1989,No
EMP0923,29,Female,Married,Operations,Supply Chain Manager,Technical Degree,2,Travel_Rarely,111090,121,986,13869,14,2,5,1,2,4,3,2,4,10,3,14,6,19,1,7,No,29,80,1,Y,13-06-2013,No
EMP0924,22,Male,Single,Marketing,Marketing Manager,Human Resources,5,Travel_Rarely,51701,126,698,23591,13,0,3,2,2,4,1,1,4,33,8,2,6,10,4,8,Yes,9,80,1,Y,28-04-1990,No
EMP0925,26,Female,Divorced,IT,Data Engineer,Other,2,Travel_Frequently,149457,40,909,7817,15,0,3,2,3,2,2,3,1,15,17,8,10,36,0,8,No,13,80,1,Y,27-05-2008,No
EMP0926,24,Male,Single,Research & Development,Research Scientist,Medical,4,Travel_Rarely,72241,72,579,20162,19,2,2,1,4,4,3,1,1,8,9,2,1,39,2,1,No,7,80,1,Y,11-01-2015,No
EMP0927,22,Male,Single,Marketing,Marketing Executive,Medical,4,Travel_Frequently,80030,99,1366,14867,21,2,3,4,2,2,3,3,1,31,7,2,1,3,4,7,No,18,80,1,Y,03-11-1992,No
EMP0928,25,Male,Single,Operations,Operations Manager,Technical Degree,1,Travel_Frequently,120185,52,939,14086,18,2,5,2,3,3,4,1,2,14,12,14,13,5,6,1,No,22,80,1,Y,27-10-2009,No
EMP0929,56,Male,Married,Marketing,Marketing Manager,Marketing,4,Non-Travel,51404,69,831,12690,20,1,3,1,2,3,3,4,3,11,1,8,15,22,1,6,Yes,14,80,1,Y,02-05-2012,No
EMP0930,53,Female,Married,Marketing,Marketing Manager,Life Sciences,3,Travel_Rarely,70182,92,1247,18757,12,1,4,1,3,3,2,1,3,32,6,2,10,7,6,7,Yes,4,80,1,Y,29-03-1991,Yes
EMP0931,55,Male,Divorced,Marketing,Marketing Executive,Marketing,5,Non-Travel,47991,31,738,16770,22,3,2,1,1,4,1,1,2,13,10,5,8,29,5,0,Yes,8,80,1,Y,25-09-2010,No
EMP0932,46,Male,Married,Sales,Account Manager,Marketing,5,Travel_Rarely,119601,108,1144,16329,19,2,4,3,3,3,1,4,2,7,4,5,6,35,2,7,No,12,80,1,Y,28-04-2016,No
EMP0933,31,Male,Single,Sales,Sales Executive,Medical,2,Travel_Frequently,80886,116,1298,25941,22,3,5,4,1,1,3,2,1,7,17,0,3,10,3,2,No,8,80,1,Y,14-06-2016,No
EMP0934,42,Male,Married,Research & Development,R&D Manager,Medical,4,Travel_Rarely,137002,115,952,12457,20,3,5,1,3,1,3,2,3,26,7,12,15,4,3,0,Yes,16,80,1,Y,08-02-1997,Yes
EMP0935,48,Male,Single,Human Resources,HR Manager,Other,1,Travel_Frequently,98848,102,734,12034,12,0,3,1,4,3,3,4,4,11,9,12,13,2,6,6,Yes,1,80,1,Y,17-03-2012,No
EMP0936,48,Male,Married,Marketing,Marketing Manager,Other,1,Travel_Rarely,72692,76,872,19957,17,3,1,1,3,1,4,4,4,0,1,6,10,14,6,9,Yes,24,80,1,Y,23-09-2023,No
EMP0937,23,Male,Married,IT,System Admin,Medical,1,Non-Travel,52500,133,1264,24410,15,2,1,2,1,3,3,1,2,10,2,8,7,1,5,2,No,10,80,1,Y,22-03-2013,No
EMP0938,34,Female,Married,Human Resources,HR Manager,Human Resources,3,Non-Travel,48785,59,767,22828,23,1,5,1,4,3,3,4,2,30,4,8,10,1,3,7,No,7,80,1,Y,27-02-1993,No
EMP0939,30,Female,Single,IT,System Admin,Human Resources,4,Travel_Frequently,99146,45,614,19171,17,3,5,3,3,2,4,4,3,16,15,8,16,7,5,8,Yes,14,80,1,Y,12-04-2007,No
EMP0940,57,Female,Married,Human Resources,HR Executive,Life Sciences,1,Non-Travel,62997,88,648,3545,15,3,2,3,3,3,2,3,3,32,9,1,9,29,2,1,Yes,17,80,1,Y,05-09-1991,No
EMP0941,43,Female,Single,Research & Development,Research Scientist,Medical,3,Travel_Frequently,22170,139,809,15359,22,1,5,4,2,1,4,3,4,31,10,0,11,4,5,0,Yes,19,80,1,Y,06-09-1992,No
EMP0942,47,Male,Single,Marketing,Marketing Manager,Technical Degree,5,Travel_Frequently,86743,76,857,15146,16,3,5,1,4,4,1,2,3,28,15,5,0,29,6,7,No,5,80,1,Y,03-12-1995,No
EMP0943,33,Female,Divorced,Marketing,Marketing Manager,Other,2,Travel_Frequently,50187,145,635,26945,18,2,2,1,1,3,4,4,1,20,11,5,1,9,1,9,No,19,80,1,Y,23-08-2003,No
EMP0944,38,Female,Married,Finance,Finance Analyst,Medical,4,Travel_Rarely,147965,59,904,15498,11,3,4,1,4,2,4,1,2,20,1,3,6,32,2,5,No,3,80,1,Y,31-05-2003,No
EMP0945,35,Female,Divorced,IT,System Admin,Human Resources,4,Travel_Frequently,53090,138,438,15171,23,0,4,3,1,1,2,2,4,22,10,12,15,23,4,9,No,1,80,1,Y,25-07-2001,No
EMP0946,35,Male,Divorced,Human Resources,HR Executive,Medical,5,Non-Travel,74412,38,1265,16202,21,3,2,2,2,2,2,2,4,5,0,7,12,18,4,0,No,8,80,1,Y,17-01-2018,Yes
EMP0947,55,Female,Single,Human Resources,HR Director,Human Resources,4,Travel_Rarely,71030,94,933,6374,23,0,2,2,2,3,3,2,1,21,4,4,3,29,3,2,Yes,9,80,1,Y,18-03-2002,No
EMP0948,41,Female,Married,Sales,Account Manager,Medical,4,Non-Travel,32509,88,999,23831,22,1,4,1,1,3,4,4,3,7,13,6,9,24,6,8,Yes,5,80,1,Y,18-11-2016,Yes
EMP0949,32,Male,Single,Finance,Finance Analyst,Technical Degree,4,Travel_Frequently,83653,131,209,11849,11,1,4,2,1,3,2,4,3,34,17,8,8,10,1,8,No,1,80,1,Y,13-11-1989,No
EMP0950,37,Female,Single,Operations,Supply Chain Manager,Life Sciences,4,Travel_Frequently,144626,93,946,22439,15,3,4,4,1,3,1,1,2,10,6,12,8,34,6,5,Yes,17,80,1,Y,25-01-2013,No
EMP0951,52,Male,Married,Operations,Supply Chain Manager,Technical Degree,3,Non-Travel,19042,37,1488,18990,11,3,4,3,2,1,3,1,1,23,4,0,9,0,4,2,No,25,80,1,Y,09-06-2000,No
EMP0952,27,Female,Single,Sales,Sales Director,Human Resources,3,Travel_Rarely,52201,81,338,15336,13,1,3,1,4,4,4,2,4,20,7,8,7,16,0,7,Yes,14,80,1,Y,04-06-2003,No
EMP0953,40,Male,Married,Sales,Sales Manager,Other,2,Non-Travel,29016,47,930,4576,20,0,2,2,2,3,1,4,1,1,14,12,10,30,6,5,Yes,17,80,1,Y,28-06-2022,No
EMP0954,58,Female,Married,Sales,Sales Manager,Other,4,Travel_Frequently,40022,120,395,24953,19,1,1,1,3,2,2,1,4,18,4,12,12,5,0,0,Yes,9,80,1,Y,11-07-2005,No
EMP0955,25,Female,Single,IT,Data Engineer,Marketing,5,Travel_Rarely,42938,111,1297,22508,24,1,3,1,2,1,3,3,1,27,12,3,12,12,3,5,No,3,80,1,Y,02-10-1996,No
EMP0956,25,Female,Single,IT,Data Engineer,Technical Degree,1,Travel_Frequently,133171,125,1448,7051,23,0,1,3,3,1,1,3,3,16,1,6,15,25,6,4,Yes,3,80,1,Y,25-07-2007,No
EMP0957,41,Male,Divorced,Research & Development,R&D Manager,Medical,2,Travel_Frequently,76720,87,1325,18706,17,1,1,3,3,1,4,2,4,5,4,10,12,35,3,7,No,13,80,1,Y,10-07-2018,Yes
EMP0958,31,Female,Single,Research & Development,Lab Technician,Life Sciences,1,Non-Travel,120514,78,463,12068,22,3,5,2,2,2,1,3,2,18,4,3,11,4,3,1,Yes,20,80,1,Y,07-03-2005,No
EMP0959,45,Male,Married,Sales,Sales Director,Medical,1,Travel_Frequently,148058,61,1144,18967,16,3,2,3,2,4,3,2,1,27,5,3,14,13,4,6,Yes,5,80,1,Y,07-02-1996,No
EMP0960,56,Male,Divorced,Finance,Finance Manager,Medical,4,Non-Travel,91478,146,1119,23773,18,1,3,4,2,2,4,4,3,1,15,12,15,14,1,5,Yes,6,80,1,Y,20-12-2022,No
EMP0961,47,Male,Married,Human Resources,HR Manager,Technical Degree,5,Travel_Rarely,142101,77,360,13001,18,3,2,1,4,2,4,2,4,3,1,14,7,11,5,0,Yes,14,80,1,Y,29-07-2020,No
EMP0962,58,Male,Divorced,IT,Data Engineer,Life Sciences,1,Travel_Frequently,109699,74,1456,10847,16,2,4,3,2,2,1,2,3,21,4,13,5,7,5,7,Yes,6,80,1,Y,12-10-2002,No
EMP0963,59,Female,Single,Finance,Accountant,Marketing,1,Travel_Frequently,114273,83,690,6881,14,1,2,2,1,3,3,4,1,25,14,14,7,30,3,5,Yes,26,80,1,Y,12-07-1998,No
EMP0964,42,Female,Single,Marketing,Brand Manager,Medical,2,Travel_Rarely,78745,129,969,10414,14,2,1,2,2,3,4,1,2,12,0,3,1,25,2,2,No,29,80,1,Y,23-02-2011,No
EMP0965,42,Female,Single,IT,IT Manager,Life Sciences,5,Non-Travel,147283,129,510,20506,14,1,4,2,3,2,3,1,2,31,2,5,10,28,3,4,No,29,80,1,Y,27-05-1992,Yes
EMP0966,31,Male,Married,IT,IT Manager,Marketing,5,Travel_Frequently,146301,114,426,9699,16,1,2,4,4,2,2,1,1,16,14,4,16,3,6,6,No,25,80,1,Y,20-02-2007,No
EMP0967,59,Female,Divorced,Research & Development,Research Scientist,Medical,1,Travel_Rarely,133972,75,472,26180,11,2,2,3,4,3,1,1,4,18,2,1,9,27,5,8,No,17,80,1,Y,23-10-2005,Yes
EMP0968,25,Male,Married,Human Resources,Recruiter,Life Sciences,5,Travel_Frequently,116489,125,1137,18045,22,1,1,3,3,3,3,2,3,34,7,8,1,24,5,3,No,9,80,1,Y,29-05-1989,No
EMP0969,41,Male,Divorced,Human Resources,HR Executive,Technical Degree,2,Non-Travel,46819,60,516,20604,12,3,4,4,4,4,2,1,3,27,14,10,1,39,5,1,No,4,80,1,Y,16-12-1996,No
EMP0970,38,Male,Single,Operations,Operations Analyst,Other,2,Non-Travel,62779,66,1309,7123,16,2,1,3,4,2,2,3,4,0,0,5,5,31,4,2,Yes,23,80,1,Y,04-09-2023,No
EMP0971,28,Female,Married,Operations,Supply Chain Manager,Other,2,Non-Travel,107244,45,490,18211,24,1,2,3,1,1,3,3,1,17,5,9,16,35,1,6,Yes,15,80,1,Y,25-09-2006,Yes
EMP0972,25,Female,Single,Operations,Operations Analyst,Medical,4,Non-Travel,80584,75,928,5550,24,3,3,3,1,4,3,1,3,32,16,5,11,10,3,7,Yes,22,80,1,Y,24-01-1991,Yes
EMP0973,50,Male,Married,Operations,Operations Manager,Medical,1,Travel_Rarely,73032,75,574,24163,21,2,3,4,4,1,1,3,3,11,15,8,4,36,0,4,No,25,80,1,Y,26-06-2012,No
EMP0974,35,Female,Single,Marketing,Content Writer,Life Sciences,5,Travel_Frequently,130074,107,766,12634,11,2,5,4,2,4,1,3,1,7,12,0,1,9,3,2,No,18,80,1,Y,15-10-2016,No
EMP0975,24,Female,Married,Marketing,Marketing Manager,Other,2,Travel_Rarely,114273,117,1067,23312,19,3,3,2,4,2,4,4,3,23,0,6,8,37,3,0,Yes,15,80,1,Y,24-11-2000,No
EMP0976,45,Male,Married,IT,System Admin,Medical,1,Non-Travel,43036,118,954,14177,22,1,4,4,1,1,1,4,4,15,2,2,1,35,1,9,Yes,27,80,1,Y,08-11-2008,No
EMP0977,58,Male,Divorced,Sales,Sales Executive,Marketing,1,Non-Travel,86356,90,451,2166,16,1,5,4,4,3,3,1,4,3,5,3,13,26,2,0,Yes,18,80,1,Y,05-12-2020,Yes
EMP0978,37,Female,Single,Research & Development,Lab Technician,Medical,4,Non-Travel,18052,75,506,24827,17,2,4,2,2,4,4,2,1,26,2,0,14,16,3,1,Yes,7,80,1,Y,05-09-1997,No
EMP0979,25,Male,Divorced,Research & Development,R&D Manager,Other,5,Non-Travel,59377,80,874,10309,24,0,3,4,2,1,2,2,1,8,14,2,1,6,3,4,No,15,80,1,Y,20-02-2015,No
EMP0980,45,Male,Divorced,Operations,Supply Chain Manager,Human Resources,5,Travel_Frequently,82819,91,1067,25039,22,1,3,3,1,4,2,4,4,15,14,13,11,8,5,2,Yes,28,80,1,Y,21-10-2008,No
EMP0981,55,Female,Single,IT,IT Manager,Other,2,Non-Travel,128689,64,463,12001,11,1,2,1,4,2,3,4,1,11,10,13,6,34,4,6,No,25,80,1,Y,09-08-2012,Yes
EMP0982,51,Female,Married,Finance,Finance Analyst,Marketing,2,Travel_Frequently,45461,110,267,25726,18,3,4,2,1,1,4,2,4,30,5,13,15,8,1,1,No,5,80,1,Y,01-01-1994,No
EMP0983,39,Male,Divorced,Sales,Sales Director,Life Sciences,1,Non-Travel,35750,139,1330,4206,22,0,1,1,3,1,4,1,4,23,5,6,2,35,4,1,Yes,23,80,1,Y,15-07-2000,Yes
EMP0984,40,Female,Single,IT,Data Engineer,Marketing,5,Travel_Frequently,24472,71,1422,3250,22,0,2,1,1,1,1,2,4,13,8,13,14,29,5,2,No,11,80,1,Y,14-01-2010,No
EMP0985,52,Male,Married,Sales,Sales Executive,Human Resources,5,Travel_Frequently,84263,74,1415,22390,22,2,4,2,1,4,2,2,3,24,13,5,14,30,3,0,No,24,80,1,Y,12-11-1999,No
EMP0986,40,Male,Divorced,Sales,Sales Director,Human Resources,2,Non-Travel,127036,147,713,6558,22,3,5,1,1,3,2,3,1,33,10,12,6,18,3,1,Yes,14,80,1,Y,06-08-1990,No
EMP0987,40,Female,Divorced,Sales,Sales Manager,Medical,3,Travel_Rarely,40523,97,968,11863,22,3,4,1,4,3,1,2,3,2,5,0,7,22,0,4,No,8,80,1,Y,16-05-2021,No
EMP0988,43,Male,Divorced,IT,IT Manager,Medical,1,Travel_Rarely,118262,104,641,4151,15,1,5,2,3,3,2,4,1,23,17,14,6,19,4,2,No,4,80,1,Y,10-05-2000,No
EMP0989,45,Male,Married,Operations,Operations Manager,Other,5,Travel_Rarely,81060,76,200,7077,15,2,5,2,4,2,1,1,2,8,14,8,2,5,5,9,Yes,10,80,1,Y,23-12-2015,No
EMP0990,33,Male,Divorced,Research & Development,R&D Manager,Technical Degree,4,Travel_Rarely,24079,108,557,17552,24,1,3,3,2,1,2,2,3,25,8,3,6,23,1,5,Yes,7,80,1,Y,22-07-1998,Yes
EMP0991,51,Female,Married,Research & Development,R&D Manager,Marketing,4,Travel_Rarely,75726,59,1338,4297,16,0,1,2,3,3,2,3,3,19,10,6,4,21,6,1,Yes,1,80,1,Y,20-09-2004,No
EMP0992,59,Female,Divorced,Operations,Operations Manager,Other,3,Non-Travel,107906,53,1102,11228,17,3,4,4,1,3,2,4,3,9,1,3,12,5,6,7,Yes,20,80,1,Y,03-04-2014,Yes
EMP0993,52,Female,Single,Sales,Sales Executive,Technical Degree,2,Non-Travel,31532,95,1420,4614,17,2,1,1,1,1,1,4,2,18,5,6,1,23,6,3,Yes,12,80,1,Y,19-09-2005,No
EMP0994,57,Male,Divorced,Finance,Finance Analyst,Other,2,Non-Travel,137689,72,473,3879,15,1,5,2,1,2,2,3,1,2,13,4,3,21,3,2,No,13,80,1,Y,19-09-2021,No
EMP0995,40,Male,Single,Human Resources,Recruiter,Human Resources,2,Non-Travel,58162,63,1055,2620,11,1,3,3,4,4,2,4,2,23,13,0,3,17,0,4,Yes,16,80,1,Y,02-04-2000,No
EMP0996,57,Female,Single,IT,Data Engineer,Medical,4,Non-Travel,149821,52,1217,25082,21,0,1,2,2,4,4,3,1,4,12,14,7,15,0,7,Yes,14,80,1,Y,10-04-2019,Yes
EMP0997,51,Female,Single,Human Resources,Recruiter,Medical,2,Non-Travel,26353,90,1383,23891,19,3,2,1,3,4,2,4,1,2,4,3,10,35,6,8,No,13,80,1,Y,22-08-2021,No
EMP0998,54,Female,Married,Operations,Operations Analyst,Other,4,Travel_Frequently,127313,124,372,10262,16,0,5,2,3,1,3,4,1,26,8,14,0,12,2,0,No,5,80,1,Y,02-04-1997,No
EMP0999,39,Male,Single,Finance,CFO,Medical,3,Travel_Frequently,43477,66,784,20187,23,1,2,1,4,2,2,4,1,15,10,2,8,36,1,3,No,14,80,1,Y,02-05-2008,No
EMP1000,49,Female,Divorced,IT,Data Engineer,Life Sciences,1,Non-Travel,101373,42,1128,25500,19,3,1,2,2,1,2,4,1,14,6,5,5,23,6,5,Yes,26,80,1,Y,20-02-2009,No
EMP1001,32,Male,Married,Operations,Logistics Executive,Other,5,Non-Travel,19551,126,680,22917,21,3,1,3,3,4,4,3,2,34,1,5,3,18,0,5,Yes,13,80,1,Y,29-10-1989,Yes
EMP1002,54,Female,Single,Sales,Sales Director,Human Resources,3,Travel_Frequently,83359,100,654,3925,14,0,1,4,4,3,4,2,3,11,11,0,5,19,1,8,Yes,14,80,1,Y,14-01-2012,No
EMP1003,38,Male,Married,Research & Development,Data Analyst,Other,4,Travel_Frequently,141150,125,395,19421,12,3,4,3,2,3,1,4,2,25,4,13,12,26,6,0,No,12,80,1,Y,15-01-1998,No
EMP1004,27,Male,Married,Human Resources,HR Executive,Other,3,Non-Travel,62636,36,995,21567,23,0,5,2,2,3,1,3,3,33,1,13,8,16,3,4,Yes,23,80,1,Y,01-02-1990,No
EMP1005,25,Female,Married,Marketing,Content Writer,Medical,5,Travel_Frequently,44685,71,798,12553,23,3,5,1,3,4,3,3,3,22,13,10,13,15,6,9,No,28,80,1,Y,28-12-2001,No
EMP1006,41,Male,Divorced,Marketing,Marketing Manager,Human Resources,1,Travel_Rarely,66134,67,755,11630,13,3,5,3,3,2,4,3,4,30,6,1,11,0,2,0,No,22,80,1,Y,30-06-1993,No
EMP1007,48,Female,Single,Finance,Finance Manager,Other,5,Travel_Rarely,103916,81,1047,14003,22,2,4,4,2,4,1,2,3,19,4,12,3,20,5,5,No,20,80,1,Y,13-03-2004,No
EMP1008,36,Male,Married,Sales,Account Manager,Medical,4,Travel_Rarely,122967,73,638,10676,14,3,1,4,3,1,1,1,2,11,3,11,7,26,1,8,No,15,80,1,Y,30-01-2012,Yes
EMP1009,27,Male,Married,Human Resources,HR Executive,Marketing,5,Travel_Frequently,109455,93,849,22648,20,1,1,1,4,2,1,3,4,22,9,1,16,0,5,3,No,19,80,1,Y,12-04-2001,No
EMP1010,35,Female,Married,Sales,Sales Executive,Human Resources,3,Non-Travel,64756,42,558,6898,22,2,2,2,2,3,4,3,1,3,15,11,4,29,2,9,No,11,80,1,Y,10-12-2020,No
EMP1011,32,Male,Single,Human Resources,HR Director,Technical Degree,2,Non-Travel,137863,117,1259,26821,18,0,4,3,3,2,4,3,1,22,5,9,2,19,5,9,Yes,22,80,1,Y,29-08-2001,No
EMP1012,30,Female,Married,Finance,Finance Analyst,Life Sciences,3,Non-Travel,76192,57,1257,16601,13,1,3,3,3,2,3,2,3,0,5,13,3,23,1,8,No,26,80,1,Y,06-10-2023,No
EMP1013,47,Female,Married,Finance,Accountant,Technical Degree,4,Travel_Frequently,63733,125,1311,15136,18,0,4,1,4,4,4,4,1,24,8,3,7,1,5,2,Yes,15,80,1,Y,08-12-1999,No
EMP1014,37,Female,Divorced,Marketing,Brand Manager,Human Resources,1,Travel_Frequently,40993,136,857,16578,16,0,2,3,3,2,4,2,1,1,0,12,15,14,1,6,No,29,80,1,Y,09-08-2022,Yes
EMP1015,26,Male,Single,Sales,Sales Executive,Other,5,Travel_Rarely,39143,111,215,8121,14,1,2,1,3,4,4,3,4,29,15,8,10,28,4,4,No,28,80,1,Y,28-09-1994,No
EMP1016,31,Male,Divorced,IT,Software Engineer,Medical,1,Travel_Frequently,122044,127,944,7789,24,0,2,1,3,1,3,1,2,2,16,10,1,34,2,9,No,21,80,1,Y,10-01-2021,No
EMP1017,24,Male,Single,Marketing,Brand Manager,Human Resources,4,Travel_Rarely,143406,141,620,21755,17,2,1,2,1,2,2,3,1,20,12,1,7,12,1,0,No,12,80,1,Y,24-02-2003,Yes
EMP1018,34,Female,Single,Sales,Sales Manager,Life Sciences,5,Travel_Rarely,84351,127,752,18310,24,1,3,1,4,2,2,4,1,24,5,10,6,18,4,6,No,19,80,1,Y,22-08-1999,No
EMP1019,51,Female,Single,Marketing,Content Writer,Human Resources,3,Non-Travel,85309,144,966,19734,21,0,2,3,4,2,1,1,2,19,1,7,0,0,4,7,No,16,80,1,Y,09-12-2004,Yes
EMP1020,27,Male,Divorced,IT,IT Manager,Medical,3,Travel_Frequently,134156,131,992,24098,23,0,5,1,1,3,2,1,4,21,7,10,1,15,2,5,No,4,80,1,Y,13-05-2002,No
EMP1021,38,Male,Divorced,Research & Development,Research Scientist,Technical Degree,4,Non-Travel,91000,30,1349,15134,15,3,1,3,4,4,2,2,4,20,3,11,12,2,3,0,Yes,18,80,1,Y,05-02-2003,No
EMP1022,40,Female,Divorced,Research & Development,Research Scientist,Marketing,5,Non-Travel,36576,72,1231,22198,15,3,3,1,3,4,3,2,1,32,8,0,10,39,2,8,No,9,80,1,Y,05-01-1992,No
EMP1023,56,Male,Divorced,Research & Development,R&D Manager,Technical Degree,3,Travel_Frequently,18320,143,1079,25531,19,0,5,2,3,3,3,4,3,14,6,11,2,5,1,6,Yes,16,80,1,Y,01-12-2009,No
EMP1024,47,Female,Married,Research & Development,Data Analyst,Medical,4,Travel_Frequently,118002,71,1051,8485,23,1,3,2,3,4,2,2,2,14,0,7,1,30,3,5,No,7,80,1,Y,20-06-2009,No
EMP1025,26,Male,Married,Operations,Operations Manager,Medical,4,Travel_Rarely,41572,124,709,11980,13,2,3,1,4,1,2,4,4,24,13,2,15,4,2,3,No,28,80,1,Y,03-02-1999,Yes
EMP1026,50,Female,Married,Human Resources,Recruiter,Life Sciences,1,Travel_Rarely,32948,79,1399,5625,20,0,5,1,4,3,2,1,1,20,1,13,0,25,2,2,Yes,26,80,1,Y,21-08-2003,No
EMP1027,58,Male,Single,Operations,Operations Analyst,Human Resources,3,Travel_Rarely,131528,89,1165,13512,14,0,4,1,2,4,1,1,4,23,7,14,6,27,2,3,Yes,19,80,1,Y,02-02-2000,Yes
EMP1028,41,Male,Married,Operations,Logistics Executive,Human Resources,5,Travel_Rarely,104051,30,1113,10951,15,0,3,2,1,1,3,1,1,4,10,4,2,14,2,0,No,24,80,1,Y,30-01-2019,No
EMP1029,42,Female,Single,Operations,Operations Analyst,Technical Degree,3,Non-Travel,42867,80,217,10117,11,3,4,4,4,4,2,4,2,5,4,0,15,8,3,8,Yes,24,80,1,Y,02-07-2018,Yes
EMP1030,31,Female,Divorced,Research & Development,Research Scientist,Marketing,3,Non-Travel,59678,45,255,10989,17,1,3,1,2,3,4,2,3,22,17,0,5,21,1,1,No,11,80,1,Y,12-11-2001,Yes
EMP1031,26,Female,Single,IT,Software Engineer,Marketing,3,Travel_Frequently,122561,68,1118,18915,18,0,5,4,1,4,2,2,2,3,11,5,13,36,4,1,Yes,17,80,1,Y,23-12-2020,No
EMP1032,57,Male,Single,Finance,Accountant,Life Sciences,4,Travel_Rarely,27963,44,1258,22521,16,3,3,1,1,1,4,2,4,26,4,2,10,20,2,2,Yes,21,80,1,Y,11-08-1997,Yes
EMP1033,27,Female,Married,Finance,Finance Manager,Medical,2,Travel_Rarely,64434,62,1101,13608,19,0,2,3,3,1,1,3,4,17,6,7,0,28,4,0,Yes,5,80,1,Y,07-02-2006,No
EMP1034,47,Female,Divorced,Human Resources,HR Manager,Life Sciences,2,Travel_Rarely,81617,116,829,2598,13,0,2,2,3,1,4,1,4,20,1,3,12,25,4,9,Yes,12,80,1,Y,23-06-2003,Yes
EMP1035,25,Male,Divorced,Research & Development,Data Analyst,Human Resources,1,Non-Travel,132569,82,993,9428,12,1,3,4,2,4,3,1,3,27,16,5,8,5,4,2,Yes,19,80,1,Y,11-09-1996,Yes
EMP1036,56,Female,Married,Research & Development,R&D Manager,Other,3,Travel_Frequently,112352,134,546,26881,15,3,5,4,2,3,1,3,2,34,12,12,10,10,2,3,No,2,80,1,Y,29-06-1989,No
EMP1037,22,Female,Divorced,Research & Development,R&D Manager,Other,2,Non-Travel,94732,127,1255,6904,23,2,5,2,3,4,1,1,1,21,10,9,0,35,2,8,Yes,1,80,1,Y,21-04-2002,Yes
EMP1038,45,Female,Divorced,Marketing,Brand Manager,Other,1,Travel_Frequently,122648,46,1107,4909,19,1,1,4,3,2,2,1,2,22,4,11,12,19,5,4,Yes,29,80,1,Y,08-01-2001,No
EMP1039,57,Male,Divorced,Sales,Sales Manager,Medical,4,Travel_Frequently,96494,118,1223,15551,21,2,5,1,1,3,1,3,2,2,12,8,0,19,2,5,Yes,4,80,1,Y,12-11-2021,No
EMP1040,27,Male,Married,Marketing,Marketing Executive,Life Sciences,3,Non-Travel,92225,149,1356,19062,11,3,4,4,1,2,1,1,3,9,12,13,2,26,6,0,No,28,80,1,Y,26-07-2014,Yes
EMP1041,52,Male,Divorced,Sales,Sales Executive,Technical Degree,5,Non-Travel,97867,135,775,21768,11,3,3,1,4,4,4,2,2,24,7,7,16,5,2,2,No,11,80,1,Y,04-05-1999,No
EMP1042,41,Female,Single,Research & Development,Data Analyst,Human Resources,4,Travel_Frequently,93972,35,398,10922,20,2,2,4,3,3,2,3,4,7,10,3,4,32,0,6,Yes,26,80,1,Y,03-03-2016,No
EMP1043,45,Male,Single,Research & Development,Data Analyst,Other,1,Non-Travel,111261,60,1479,4025,13,3,5,3,1,2,3,1,3,10,7,9,5,29,1,6,No,18,80,1,Y,06-04-2013,No
EMP1044,46,Female,Divorced,Marketing,Marketing Manager,Marketing,4,Non-Travel,105748,98,1454,15220,20,1,2,4,2,4,2,2,4,4,9,7,16,33,0,9,No,21,80,1,Y,18-11-2019,No
EMP1045,57,Female,Married,Marketing,Marketing Executive,Life Sciences,5,Travel_Frequently,139481,133,500,15190,13,0,1,4,1,3,3,4,4,28,10,14,9,4,5,0,No,28,80,1,Y,05-10-1995,No
EMP1046,42,Female,Married,Sales,Sales Director,Human Resources,4,Travel_Frequently,144529,69,1216,22612,15,2,3,1,3,1,4,1,2,4,0,6,10,15,6,8,Yes,27,80,1,Y,23-09-2019,No
EMP1047,51,Male,Married,Finance,Finance Analyst,Human Resources,1,Travel_Rarely,17251,59,225,4766,14,0,5,2,1,1,1,3,1,8,6,4,12,11,3,0,Yes,16,80,1,Y,22-04-2015,Yes
EMP1048,45,Male,Divorced,Sales,Account Manager,Marketing,5,Non-Travel,114108,98,649,20482,16,2,2,3,3,1,1,2,2,1,7,6,9,11,6,6,No,10,80,1,Y,12-05-2022,No
EMP1049,51,Female,Divorced,Marketing,Marketing Executive,Marketing,5,Travel_Frequently,112382,105,519,25145,22,0,5,2,1,2,2,4,1,0,5,6,13,10,0,1,No,12,80,1,Y,20-03-2023,No
EMP1050,43,Female,Single,IT,System Admin,Marketing,4,Non-Travel,24583,36,355,2391,18,0,1,1,4,2,2,4,3,29,13,13,12,20,0,8,Yes,2,80,1,Y,09-01-1994,Yes
EMP1051,49,Male,Married,Marketing,Content Writer,Other,5,Non-Travel,65387,138,670,12935,18,1,2,3,4,4,2,1,3,10,6,12,3,6,0,8,Yes,1,80,1,Y,23-12-2013,No
EMP1052,28,Male,Single,IT,IT Manager,Other,4,Travel_Frequently,38104,42,619,5784,21,0,2,4,2,1,1,4,3,27,2,9,16,33,1,8,No,10,80,1,Y,18-12-1996,No
EMP1053,56,Male,Single,Human Resources,HR Executive,Life Sciences,3,Travel_Rarely,27224,142,1336,25050,14,2,3,2,2,2,1,3,4,11,1,1,10,28,4,3,Yes,10,80,1,Y,30-08-2012,No
EMP1054,49,Female,Married,Marketing,Marketing Executive,Marketing,5,Travel_Frequently,75624,33,850,22221,11,0,3,2,3,1,4,4,4,25,17,6,9,5,3,5,No,28,80,1,Y,11-04-1998,No
EMP1055,35,Male,Divorced,Human Resources,HR Manager,Technical Degree,4,Travel_Frequently,119320,79,1085,20069,23,3,2,2,3,4,3,1,3,12,2,2,8,35,3,1,Yes,26,80,1,Y,01-08-2011,No
EMP1056,31,Male,Divorced,Finance,Finance Manager,Human Resources,3,Non-Travel,93572,135,1129,24881,24,0,3,4,3,3,2,4,2,7,13,7,4,33,6,2,Yes,10,80,1,Y,16-07-2016,Yes
EMP1057,37,Male,Single,Sales,Sales Director,Marketing,5,Travel_Rarely,100469,32,1034,4914,24,0,2,1,1,2,1,1,4,27,17,7,0,7,1,5,Yes,25,80,1,Y,02-05-1996,No
EMP1058,37,Female,Single,IT,Software Engineer,Human Resources,3,Travel_Frequently,92928,41,1075,25500,17,3,4,4,1,2,3,4,4,29,12,8,4,36,5,0,Yes,2,80,1,Y,21-06-1994,No
EMP1059,52,Male,Single,Sales,Account Manager,Medical,5,Non-Travel,19141,94,1141,15243,16,3,5,4,1,3,2,2,2,8,7,10,2,9,6,6,No,26,80,1,Y,15-10-2015,No
EMP1060,46,Female,Single,Human Resources,HR Executive,Medical,1,Travel_Frequently,85871,56,1193,14282,15,2,4,1,2,2,2,1,4,30,3,3,0,15,0,1,Yes,20,80,1,Y,30-12-1993,No
EMP1061,34,Female,Married,IT,System Admin,Marketing,1,Non-Travel,61015,136,771,22110,14,3,4,1,3,4,3,3,2,20,14,9,5,1,4,7,Yes,3,80,1,Y,13-07-2003,No
EMP1062,27,Female,Single,Sales,Account Manager,Human Resources,4,Travel_Frequently,74902,79,253,14965,16,3,5,4,1,2,3,3,1,33,11,2,9,18,6,4,Yes,1,80,1,Y,24-01-1990,Yes
EMP1063,30,Male,Single,Marketing,Content Writer,Medical,2,Travel_Rarely,20577,106,804,13505,18,2,2,1,2,2,3,4,2,30,13,8,4,6,6,6,Yes,24,80,1,Y,12-07-1993,Yes
EMP1064,57,Male,Divorced,Research & Development,Data Analyst,Marketing,1,Travel_Frequently,35002,46,524,6951,16,2,2,2,4,3,1,2,1,24,6,8,11,1,2,7,Yes,18,80,1,Y,10-07-1999,No
EMP1065,41,Male,Divorced,Human Resources,HR Director,Human Resources,2,Non-Travel,65711,101,1169,24442,13,0,3,3,3,4,4,4,4,11,11,1,11,22,6,2,No,11,80,1,Y,18-02-2012,Yes
EMP1066,39,Female,Divorced,Sales,Sales Executive,Marketing,3,Travel_Frequently,54451,61,1084,9655,19,1,1,1,4,1,2,4,1,0,8,5,16,30,1,5,No,24,80,1,Y,31-07-2023,No
EMP1067,42,Male,Married,Human Resources,Recruiter,Other,3,Travel_Rarely,49831,113,464,6610,13,2,2,3,2,1,2,2,2,21,9,2,1,3,5,8,Yes,12,80,1,Y,08-09-2002,No
EMP1068,25,Female,Married,Operations,Operations Analyst,Human Resources,2,Travel_Rarely,111498,80,581,26205,14,3,5,2,3,3,3,1,1,0,7,4,13,15,4,3,No,1,80,1,Y,20-04-2023,No
EMP1069,54,Male,Divorced,Human Resources,HR Director,Medical,4,Travel_Rarely,143949,46,1436,19468,23,0,1,1,1,4,1,3,3,0,1,1,11,9,5,9,Yes,6,80,1,Y,13-08-2023,No
EMP1070,48,Male,Divorced,IT,Data Engineer,Marketing,5,Travel_Rarely,110119,63,532,9583,15,3,5,4,2,3,3,2,2,20,15,14,12,20,1,6,No,16,80,1,Y,06-12-2003,No
EMP1071,28,Male,Single,Operations,Supply Chain Manager,Medical,2,Non-Travel,81830,64,1233,19701,21,2,5,4,4,3,1,4,2,14,17,3,4,27,1,0,Yes,20,80,1,Y,18-02-2009,No
EMP1072,27,Male,Single,IT,IT Manager,Marketing,2,Travel_Frequently,95632,128,402,8880,12,1,5,2,4,1,4,1,1,16,9,10,4,11,2,6,Yes,3,80,1,Y,27-08-2007,No
EMP1073,36,Female,Married,Research & Development,Data Analyst,Life Sciences,2,Travel_Rarely,51833,131,257,4349,21,0,1,1,4,4,2,4,4,21,5,2,16,12,5,8,No,17,80,1,Y,22-06-2002,No
EMP1074,39,Female,Married,Operations,Operations Manager,Medical,2,Travel_Frequently,39398,135,1446,25721,20,2,4,4,2,4,2,1,4,34,5,1,4,39,4,9,Yes,26,80,1,Y,25-12-1989,Yes
EMP1075,53,Female,Single,Marketing,Brand Manager,Medical,2,Non-Travel,76554,53,746,21077,21,2,5,1,2,3,1,3,2,15,12,5,3,16,5,7,Yes,16,80,1,Y,26-03-2008,No
EMP1076,32,Female,Divorced,Human Resources,Recruiter,Technical Degree,4,Travel_Frequently,65755,83,1070,9208,20,3,3,3,3,1,4,3,2,7,16,10,6,17,6,3,Yes,11,80,1,Y,12-08-2016,No
EMP1077,41,Male,Single,Sales,Account Manager,Other,1,Travel_Frequently,79994,47,302,15720,12,1,2,4,3,4,4,1,1,16,1,2,16,9,5,2,Yes,16,80,1,Y,12-09-2007,No
EMP1078,45,Female,Married,Finance,Accountant,Medical,5,Travel_Rarely,78884,79,1384,8881,16,2,2,2,4,3,2,3,2,16,17,3,10,27,0,6,Yes,12,80,1,Y,20-10-2007,No
EMP1079,36,Female,Married,Human Resources,HR Manager,Human Resources,1,Travel_Rarely,99361,75,1423,5722,24,3,2,4,2,2,2,4,2,25,6,5,5,12,5,0,No,1,80,1,Y,17-07-1998,No
EMP1080,28,Female,Single,Human Resources,HR Director,Marketing,2,Non-Travel,32482,77,1383,22077,12,0,1,2,3,1,3,1,4,12,13,11,12,33,4,7,No,11,80,1,Y,17-06-2011,Yes
EMP1081,42,Male,Single,Research & Development,Research Scientist,Life Sciences,1,Travel_Frequently,69225,132,1064,17332,20,3,3,2,2,4,1,4,2,16,14,12,11,5,6,0,No,23,80,1,Y,03-02-2007,No
EMP1082,47,Female,Single,Marketing,Marketing Manager,Human Resources,4,Non-Travel,89854,62,1359,22776,11,0,3,3,1,4,2,1,1,16,7,11,4,11,4,6,No,6,80,1,Y,27-10-2007,No
EMP1083,35,Female,Married,Finance,Finance Analyst,Human Resources,3,Non-Travel,56256,142,597,9224,18,3,3,3,2,4,4,4,2,13,8,14,9,28,0,5,Yes,19,80,1,Y,21-11-2010,No
EMP1084,58,Male,Divorced,Operations,Operations Manager,Human Resources,1,Non-Travel,123721,116,591,15229,20,1,3,2,4,1,4,3,2,5,10,4,10,12,2,9,Yes,12,80,1,Y,21-06-2018,No
EMP1085,42,Male,Single,Operations,Supply Chain Manager,Human Resources,5,Travel_Rarely,96110,118,305,9802,24,3,3,4,2,3,2,2,2,34,2,3,8,25,4,7,No,28,80,1,Y,18-04-1989,No
EMP1086,39,Female,Married,Operations,Logistics Executive,Life Sciences,4,Travel_Rarely,128606,130,1277,24101,20,1,4,2,4,2,4,4,3,13,13,12,12,3,5,5,Yes,2,80,1,Y,22-01-2010,Yes
EMP1087,26,Female,Married,IT,IT Manager,Technical Degree,3,Travel_Frequently,29650,56,310,13439,23,1,3,1,3,4,1,1,2,7,7,13,2,14,5,4,No,10,80,1,Y,24-02-2016,No
EMP1088,24,Male,Married,IT,Software Engineer,Other,4,Travel_Frequently,43930,30,423,5134,11,0,3,1,3,1,4,3,1,14,2,11,16,15,0,8,Yes,19,80,1,Y,18-02-2009,No
EMP1089,44,Female,Single,Sales,Account Manager,Medical,2,Travel_Frequently,115400,114,274,4598,20,3,1,4,3,4,4,1,4,26,17,3,4,18,1,3,Yes,28,80,1,Y,21-01-1997,No
EMP1090,47,Male,Single,Finance,CFO,Human Resources,3,Travel_Rarely,26801,88,705,6052,24,3,1,4,1,3,2,4,4,12,13,1,15,25,1,6,No,15,80,1,Y,10-09-2011,Yes
EMP1091,58,Female,Divorced,Operations,Logistics Executive,Medical,5,Travel_Rarely,66360,142,1237,14741,16,3,3,3,4,2,1,1,3,30,7,11,15,31,6,5,No,8,80,1,Y,09-06-1993,No
EMP1092,45,Female,Married,IT,IT Manager,Medical,3,Non-Travel,102908,39,969,5824,22,1,4,1,1,4,1,1,1,34,16,12,10,5,0,9,No,11,80,1,Y,08-09-1989,Yes
EMP1093,40,Female,Single,Sales,Account Manager,Human Resources,5,Travel_Rarely,47334,124,681,5520,24,2,3,2,1,1,3,4,4,5,7,9,3,5,1,5,No,23,80,1,Y,15-03-2018,No
EMP1094,46,Female,Married,Marketing,Brand Manager,Technical Degree,2,Non-Travel,28288,137,1412,3249,11,3,3,2,3,3,1,3,4,4,4,12,8,4,4,4,No,16,80,1,Y,16-10-2019,Yes
EMP1095,42,Female,Married,Sales,Sales Executive,Medical,5,Non-Travel,27191,54,563,24970,18,3,3,1,4,2,3,3,2,21,11,3,14,1,0,1,No,13,80,1,Y,02-06-2002,Yes
EMP1096,33,Male,Divorced,IT,Data Engineer,Marketing,4,Travel_Rarely,33051,113,438,17565,24,2,5,1,2,1,2,4,2,22,1,11,11,1,5,3,No,28,80,1,Y,31-07-2001,No
EMP1097,54,Male,Single,Research & Development,Research Scientist,Medical,1,Non-Travel,76715,86,1045,26227,15,0,4,3,2,4,4,3,2,24,16,7,15,36,6,0,Yes,13,80,1,Y,04-03-1999,No
EMP1098,25,Female,Single,Research & Development,Lab Technician,Other,4,Non-Travel,25737,95,1184,20458,13,3,2,1,4,1,1,2,3,33,12,4,3,2,6,8,No,23,80,1,Y,25-07-1990,No
EMP1099,28,Female,Married,Operations,Operations Manager,Human Resources,4,Travel_Frequently,80140,148,1314,20888,15,2,3,3,2,2,3,1,2,25,13,13,2,5,4,8,No,5,80,1,Y,23-05-1998,No
EMP1100,43,Female,Married,Research & Development,Data Analyst,Life Sciences,3,Non-Travel,20147,141,591,14997,23,3,2,4,3,3,1,4,1,4,8,13,3,30,3,7,No,12,80,1,Y,31-03-2019,No
EMP1101,54,Male,Divorced,Operations,Operations Analyst,Medical,2,Travel_Rarely,65508,44,1407,4014,11,1,4,4,3,3,2,2,3,25,8,14,1,4,2,3,Yes,10,80,1,Y,01-11-1998,No
EMP1102,38,Male,Divorced,Operations,Operations Analyst,Technical Degree,1,Travel_Rarely,67224,57,1240,6944,11,2,3,1,1,4,3,1,4,19,8,13,6,9,5,4,Yes,19,80,1,Y,22-09-2004,Yes
EMP1103,45,Male,Divorced,IT,IT Manager,Marketing,5,Non-Travel,34643,42,1164,2948,22,1,2,1,3,4,3,4,4,5,5,10,1,26,5,0,Yes,17,80,1,Y,02-02-2018,No
EMP1104,55,Male,Divorced,Research & Development,Lab Technician,Marketing,3,Travel_Frequently,53967,143,211,18490,24,2,2,1,2,4,3,3,1,5,11,9,0,23,2,3,No,1,80,1,Y,24-10-2018,No
EMP1105,49,Male,Divorced,Operations,Operations Analyst,Life Sciences,2,Travel_Rarely,118535,145,1389,12683,14,0,4,1,1,4,2,4,1,17,9,9,7,21,2,3,Yes,22,80,1,Y,14-03-2006,No
EMP1106,43,Male,Divorced,Finance,Finance Analyst,Other,1,Travel_Rarely,55733,147,345,16012,19,1,3,2,4,2,3,4,4,3,4,7,7,24,0,4,No,15,80,1,Y,30-03-2020,No
EMP1107,38,Male,Married,Marketing,Content Writer,Life Sciences,4,Travel_Frequently,49808,43,368,6692,24,3,5,2,4,4,4,1,1,16,17,5,9,2,3,1,No,16,80,1,Y,20-01-2007,No
EMP1108,55,Male,Divorced,Sales,Sales Executive,Other,2,Non-Travel,73959,143,1046,26730,19,2,4,4,1,1,2,1,1,13,6,11,10,15,2,1,Yes,20,80,1,Y,23-09-2010,No
EMP1109,27,Female,Married,Sales,Account Manager,Medical,2,Travel_Rarely,147921,95,369,5240,11,3,5,2,3,2,4,1,1,13,12,9,0,29,4,1,No,23,80,1,Y,26-10-2010,No
EMP1110,27,Male,Married,IT,IT Manager,Human Resources,2,Non-Travel,83178,63,964,11762,13,0,3,1,1,2,4,2,2,12,0,4,6,3,5,7,Yes,10,80,1,Y,30-07-2011,No
EMP1111,55,Male,Single,Research & Development,Lab Technician,Technical Degree,4,Non-Travel,127255,128,698,15731,23,2,2,3,1,4,2,3,4,6,5,3,7,39,2,1,Yes,10,80,1,Y,15-01-2017,No
EMP1112,22,Male,Married,Research & Development,R&D Manager,Marketing,5,Non-Travel,101322,130,1365,23687,22,0,4,4,3,2,1,4,1,14,7,9,13,15,3,5,Yes,26,80,1,Y,08-01-2009,Yes
EMP1113,31,Male,Married,Operations,Supply Chain Manager,Life Sciences,3,Non-Travel,59565,54,1096,20018,14,2,4,1,4,1,4,4,1,18,8,8,7,39,4,1,Yes,17,80,1,Y,12-04-2005,No
EMP1114,42,Female,Divorced,Human Resources,HR Executive,Technical Degree,5,Travel_Rarely,16132,141,1276,12130,12,1,4,2,1,2,2,3,2,34,6,9,3,7,4,7,No,29,80,1,Y,01-11-1989,Yes
EMP1115,26,Male,Married,Operations,Operations Manager,Other,1,Travel_Frequently,78668,83,317,19916,17,3,1,3,4,2,4,4,4,16,9,13,9,23,0,0,Yes,22,80,1,Y,30-05-2007,Yes
EMP1116,23,Female,Divorced,Marketing,Content Writer,Human Resources,3,Travel_Rarely,123835,108,564,9608,13,1,3,3,2,1,3,1,3,34,7,4,9,15,0,1,Yes,23,80,1,Y,27-10-1989,No
EMP1117,43,Female,Divorced,Finance,CFO,Marketing,1,Travel_Frequently,88169,41,335,14409,11,1,1,2,3,1,4,4,4,18,1,9,3,26,1,4,No,17,80,1,Y,04-02-2005,No
EMP1118,23,Female,Divorced,Sales,Sales Director,Marketing,4,Non-Travel,115417,38,1300,19824,11,1,4,1,2,2,4,3,4,19,17,14,7,1,3,5,No,2,80,1,Y,22-03-2004,No
EMP1119,31,Male,Single,Operations,Supply Chain Manager,Other,5,Travel_Frequently,16044,60,756,22030,13,1,4,3,4,3,4,2,4,34,14,10,6,19,6,8,Yes,9,80,1,Y,21-10-1989,No
EMP1120,55,Male,Divorced,Human Resources,Recruiter,Human Resources,2,Non-Travel,39363,107,217,13589,16,2,5,3,2,2,3,2,2,31,5,5,14,19,4,5,Yes,25,80,1,Y,30-07-1992,No
EMP1121,37,Male,Married,Human Resources,HR Executive,Marketing,3,Travel_Rarely,61694,122,602,23983,14,3,1,2,2,1,4,3,4,23,13,14,7,19,3,7,Yes,22,80,1,Y,03-12-2000,No
EMP1122,43,Female,Divorced,Operations,Logistics Executive,Human Resources,2,Travel_Rarely,147654,82,404,14437,11,2,2,3,2,1,2,4,3,16,17,6,9,18,2,6,Yes,27,80,1,Y,26-03-2007,No
EMP1123,33,Female,Divorced,IT,Software Engineer,Marketing,1,Travel_Frequently,36301,141,698,19999,17,2,3,3,1,1,4,4,1,6,2,10,6,17,6,0,No,4,80,1,Y,05-04-2017,No
EMP1124,45,Female,Divorced,Sales,Account Manager,Medical,2,Non-Travel,89329,72,523,11705,12,2,2,3,1,3,2,2,4,0,0,11,2,12,5,1,Yes,7,80,1,Y,02-11-2023,No
EMP1125,59,Female,Single,IT,IT Manager,Other,2,Non-Travel,16620,67,794,26378,22,1,2,4,3,1,4,4,2,34,0,10,8,16,2,3,No,5,80,1,Y,07-10-1989,No
EMP1126,31,Male,Married,Finance,Finance Manager,Human Resources,4,Travel_Frequently,77224,71,761,24680,15,0,3,1,4,4,4,2,4,31,13,12,15,32,5,0,No,19,80,1,Y,30-07-1992,Yes
EMP1127,56,Male,Single,Human Resources,HR Executive,Technical Degree,4,Non-Travel,110419,101,1389,17376,18,1,4,1,4,4,4,3,4,12,0,0,13,27,1,7,No,4,80,1,Y,22-10-2011,No
EMP1128,53,Male,Married,Human Resources,HR Executive,Medical,5,Non-Travel,135050,77,1466,20982,17,2,5,2,3,3,1,3,3,5,0,8,6,4,4,3,Yes,18,80,1,Y,18-12-2018,No
EMP1129,28,Female,Single,Marketing,Marketing Executive,Technical Degree,1,Non-Travel,70856,96,678,13611,21,1,4,1,4,1,1,4,3,13,3,11,11,27,5,6,Yes,22,80,1,Y,25-07-2010,No
EMP1130,42,Female,Married,Finance,Accountant,Other,4,Travel_Rarely,70809,95,363,21914,22,3,4,3,4,1,3,1,2,14,11,7,0,24,4,6,No,3,80,1,Y,07-06-2009,No
EMP1131,41,Male,Single,Human Resources,HR Director,Marketing,4,Travel_Rarely,37259,45,523,9590,18,3,1,1,2,4,2,1,2,3,14,11,15,19,5,7,Yes,23,80,1,Y,05-06-2020,No
EMP1132,47,Male,Divorced,Finance,CFO,Technical Degree,5,Travel_Rarely,35655,112,750,20711,23,1,2,4,2,4,3,2,2,15,3,10,2,20,1,8,No,4,80,1,Y,02-08-2008,No
EMP1133,25,Female,Single,Sales,Sales Director,Medical,3,Non-Travel,36602,123,1030,8565,20,1,2,3,4,2,2,3,2,27,9,14,0,12,2,8,No,14,80,1,Y,26-05-1996,No
EMP1134,43,Male,Single,Research & Development,Data Analyst,Human Resources,5,Travel_Rarely,100945,134,839,26151,24,0,2,3,3,3,3,2,2,15,10,4,5,5,4,6,Yes,24,80,1,Y,13-02-2008,Yes
EMP1135,36,Male,Divorced,Human Resources,Recruiter,Life Sciences,2,Non-Travel,115846,45,833,20360,21,1,5,4,3,2,3,3,1,3,5,2,1,28,6,8,Yes,27,80,1,Y,14-08-2020,No
EMP1136,42,Female,Divorced,Marketing,Content Writer,Technical Degree,2,Non-Travel,95818,60,958,3835,16,1,5,4,4,3,4,2,1,25,9,4,6,8,5,4,No,14,80,1,Y,22-10-1998,No
EMP1137,36,Female,Married,Sales,Sales Executive,Life Sciences,4,Travel_Frequently,16537,147,407,23283,17,0,5,1,3,1,4,2,2,27,11,4,7,28,3,9,No,17,80,1,Y,03-10-1996,No
EMP1138,43,Female,Married,Operations,Operations Analyst,Other,4,Non-Travel,141545,87,514,18738,19,1,3,1,3,1,4,2,2,31,2,8,12,37,4,3,No,9,80,1,Y,15-11-1992,Yes
EMP1139,49,Male,Married,Finance,Accountant,Technical Degree,5,Travel_Rarely,104743,57,503,11797,16,1,5,1,2,3,4,4,1,1,14,6,15,0,5,2,Yes,19,80,1,Y,26-10-2022,No
EMP1140,35,Female,Single,Operations,Logistics Executive,Technical Degree,5,Travel_Rarely,101155,33,1100,22857,19,1,1,4,3,2,4,1,3,30,15,12,9,29,5,5,Yes,3,80,1,Y,06-10-1993,Yes
EMP1141,48,Male,Married,IT,IT Manager,Human Resources,1,Non-Travel,135198,39,438,5195,23,1,1,1,1,4,3,3,1,2,9,1,3,31,2,9,Yes,15,80,1,Y,19-12-2021,No
EMP1142,49,Male,Single,Sales,Account Manager,Marketing,2,Travel_Rarely,104846,80,1003,15868,22,1,4,2,2,3,2,2,2,7,10,4,12,22,4,8,No,21,80,1,Y,24-02-2016,No
EMP1143,47,Female,Single,Operations,Operations Manager,Medical,5,Non-Travel,45562,138,1447,11179,12,2,4,1,1,3,1,1,3,23,15,8,16,38,4,3,Yes,26,80,1,Y,26-02-2000,No
EMP1144,23,Male,Married,Human Resources,Recruiter,Medical,3,Travel_Frequently,43036,47,1311,10345,23,1,4,4,4,3,1,2,2,14,16,13,7,9,0,1,No,1,80,1,Y,21-08-2009,No
EMP1145,46,Female,Married,Finance,Accountant,Medical,1,Non-Travel,89233,76,1443,2906,12,0,4,4,3,1,2,2,4,30,13,10,7,20,5,2,No,19,80,1,Y,04-03-1993,No
EMP1146,24,Female,Single,Research & Development,Lab Technician,Other,5,Non-Travel,98049,61,474,13955,24,1,1,2,1,3,1,3,3,8,15,12,6,25,4,2,Yes,4,80,1,Y,19-03-2015,No
EMP1147,29,Male,Divorced,Sales,Sales Executive,Marketing,4,Travel_Frequently,83681,59,1153,17768,12,2,4,3,3,1,3,4,2,1,13,1,0,14,5,1,No,14,80,1,Y,22-02-2022,No
EMP1148,54,Male,Divorced,Human Resources,Recruiter,Life Sciences,5,Travel_Rarely,42818,65,1289,9198,16,0,1,2,1,4,2,2,1,7,5,7,14,16,1,8,No,18,80,1,Y,06-09-2016,No
EMP1149,56,Female,Single,Marketing,Brand Manager,Medical,4,Travel_Frequently,77532,38,454,3620,12,0,5,4,2,4,2,3,2,6,9,11,14,34,1,3,No,12,80,1,Y,03-03-2017,Yes
EMP1150,27,Female,Married,IT,System Admin,Life Sciences,4,Travel_Frequently,72705,65,324,13820,13,1,5,3,4,2,1,4,1,15,16,2,3,24,3,2,Yes,6,80,1,Y,08-09-2008,Yes
EMP1151,44,Female,Single,Finance,Finance Analyst,Marketing,2,Non-Travel,35104,58,1369,13766,23,3,3,2,1,1,1,4,3,34,9,3,5,14,4,9,No,10,80,1,Y,13-09-1989,No
EMP1152,46,Female,Single,Sales,Sales Director,Other,2,Non-Travel,139336,45,814,22802,18,2,4,2,2,4,3,1,1,29,9,1,9,32,3,5,No,4,80,1,Y,22-01-1994,No
EMP1153,40,Female,Married,Sales,Sales Director,Marketing,5,Travel_Frequently,142904,121,584,10523,18,3,5,3,4,4,4,1,3,9,13,8,11,10,2,7,Yes,16,80,1,Y,21-12-2014,No
EMP1154,26,Female,Divorced,Research & Development,R&D Manager,Human Resources,5,Travel_Rarely,84603,50,646,6338,21,1,5,2,1,2,2,2,2,17,16,5,3,23,5,7,No,1,80,1,Y,06-07-2006,No
EMP1155,32,Male,Single,Research & Development,R&D Manager,Medical,3,Travel_Frequently,117499,93,586,17911,22,2,2,3,1,2,4,1,1,4,8,14,5,5,2,9,Yes,3,80,1,Y,23-11-2019,No
EMP1156,33,Male,Divorced,Marketing,Content Writer,Other,1,Travel_Rarely,74025,140,582,18813,14,3,2,1,2,2,1,3,3,28,14,8,13,27,0,5,Yes,7,80,1,Y,21-01-1995,No
EMP1157,31,Male,Divorced,IT,Software Engineer,Human Resources,1,Travel_Frequently,47317,149,323,7301,19,2,1,3,4,1,2,3,3,33,6,13,12,28,0,4,No,3,80,1,Y,10-05-1990,No
EMP1158,29,Male,Married,Marketing,Marketing Manager,Medical,5,Travel_Frequently,120585,95,1490,17144,18,1,3,2,4,3,4,1,3,22,1,14,2,20,4,6,No,29,80,1,Y,30-10-2001,No
EMP1159,45,Female,Single,Human Resources,HR Manager,Marketing,2,Travel_Rarely,63270,88,1334,15784,11,2,2,1,2,1,3,3,4,4,3,10,14,11,4,2,Yes,22,80,1,Y,20-04-2019,No
EMP1160,49,Male,Single,Human Resources,HR Director,Marketing,3,Travel_Frequently,134415,139,1381,4423,18,1,3,4,3,2,3,3,3,29,17,12,2,21,3,9,No,27,80,1,Y,05-03-1994,Yes
EMP1161,57,Male,Divorced,Marketing,Content Writer,Technical Degree,1,Non-Travel,95206,128,927,10272,11,3,5,4,2,3,3,2,2,5,10,12,4,26,3,1,No,15,80,1,Y,07-05-2018,No
EMP1162,58,Female,Divorced,IT,System Admin,Technical Degree,5,Travel_Frequently,84468,147,1095,3573,14,2,1,4,4,4,2,2,2,3,4,7,12,20,4,7,No,6,80,1,Y,03-01-2020,No
EMP1163,42,Male,Married,Marketing,Brand Manager,Marketing,2,Non-Travel,38723,57,1341,26419,20,0,3,2,2,1,2,3,2,28,7,11,14,14,6,8,No,16,80,1,Y,10-02-1995,No
EMP1164,29,Female,Divorced,IT,Data Engineer,Marketing,2,Travel_Rarely,75646,84,527,18803,16,1,2,1,3,2,2,1,3,22,4,8,16,17,4,5,Yes,17,80,1,Y,29-06-2001,No
EMP1165,30,Female,Married,IT,Software Engineer,Life Sciences,2,Travel_Rarely,15074,129,893,2466,17,2,5,3,2,2,2,3,2,5,1,4,5,9,0,3,Yes,2,80,1,Y,30-09-2018,No
EMP1166,36,Female,Single,Operations,Operations Analyst,Life Sciences,4,Non-Travel,41498,60,1291,17787,20,0,4,4,2,3,2,4,3,31,4,5,2,21,0,5,No,10,80,1,Y,24-06-1992,Yes
EMP1167,39,Female,Married,Finance,CFO,Human Resources,2,Travel_Frequently,111881,62,558,7176,23,0,5,4,1,1,4,4,3,17,2,6,8,19,0,6,Yes,11,80,1,Y,29-04-2006,No
EMP1168,41,Female,Divorced,IT,IT Manager,Technical Degree,5,Non-Travel,60929,116,1202,5393,14,0,2,1,3,4,4,4,3,14,11,4,7,18,4,7,Yes,28,80,1,Y,07-05-2009,No
EMP1169,27,Male,Single,Research & Development,Data Analyst,Technical Degree,3,Non-Travel,138199,89,996,11757,18,0,2,1,4,4,3,2,4,31,6,0,10,27,3,2,Yes,27,80,1,Y,30-10-1992,Yes
EMP1170,33,Male,Married,IT,Data Engineer,Marketing,5,Travel_Rarely,41028,70,642,25817,18,1,4,1,3,3,4,1,1,8,3,8,10,36,1,5,No,6,80,1,Y,12-10-2015,No
EMP1171,23,Male,Single,IT,System Admin,Marketing,2,Non-Travel,44545,110,363,25778,24,2,5,2,4,3,4,3,2,9,13,1,7,0,1,9,Yes,18,80,1,Y,27-09-2014,Yes
EMP1172,28,Female,Married,IT,Software Engineer,Human Resources,3,Travel_Frequently,94569,75,1172,17164,24,0,3,1,4,4,3,1,4,19,17,6,0,33,3,5,Yes,15,80,1,Y,12-09-2004,Yes
EMP1173,37,Male,Divorced,Operations,Operations Analyst,Other,1,Non-Travel,46673,78,560,14222,24,2,3,3,1,3,3,1,2,5,6,11,1,34,3,9,Yes,16,80,1,Y,17-12-2018,No
EMP1174,24,Male,Divorced,Operations,Operations Manager,Other,1,Travel_Rarely,117511,94,784,20419,19,2,5,3,3,3,1,1,4,2,14,7,3,25,6,6,Yes,13,80,1,Y,06-06-2021,No
EMP1175,24,Male,Single,Human Resources,HR Director,Other,5,Travel_Frequently,108144,71,1342,20016,24,3,3,4,1,1,3,4,1,10,0,14,1,29,3,3,Yes,16,80,1,Y,27-12-2013,Yes
EMP1176,48,Male,Single,Operations,Logistics Executive,Technical Degree,3,Travel_Rarely,79824,52,1052,20368,16,2,5,3,2,3,4,3,1,16,11,7,1,11,0,5,No,2,80,1,Y,20-08-2007,No
EMP1177,59,Female,Single,Research & Development,Lab Technician,Life Sciences,5,Non-Travel,38525,141,1210,25505,14,1,5,1,3,2,2,2,1,31,5,0,12,13,2,1,No,20,80,1,Y,11-06-1992,No
EMP1178,54,Male,Married,Research & Development,Research Scientist,Other,3,Non-Travel,72804,56,1418,2003,12,1,2,3,2,2,3,1,1,3,12,14,5,38,6,7,Yes,12,80,1,Y,10-09-2020,No
EMP1179,49,Female,Divorced,Operations,Operations Analyst,Medical,3,Travel_Rarely,56846,118,1223,9477,17,0,1,4,3,2,1,1,3,3,5,9,3,3,4,2,No,29,80,1,Y,24-01-2020,No
EMP1180,22,Female,Single,Marketing,Marketing Manager,Human Resources,5,Travel_Rarely,92261,61,440,7998,20,2,2,2,4,3,4,4,2,16,12,6,14,11,0,8,Yes,14,80,1,Y,24-09-2007,No
EMP1181,29,Male,Single,Finance,Finance Manager,Other,3,Travel_Frequently,44483,112,865,2602,13,1,3,3,2,4,1,4,2,18,14,8,2,23,1,7,No,8,80,1,Y,23-09-2005,No
EMP1182,58,Female,Single,Operations,Operations Manager,Medical,2,Travel_Rarely,22265,117,764,9256,21,1,1,4,3,2,1,3,2,4,15,10,3,39,4,5,No,6,80,1,Y,30-11-2019,No
EMP1183,53,Female,Married,IT,IT Manager,Other,3,Travel_Rarely,37763,32,1365,12559,23,1,5,4,3,1,4,2,3,31,7,13,16,30,3,9,No,14,80,1,Y,10-10-1992,Yes
EMP1184,58,Female,Single,Sales,Sales Executive,Life Sciences,3,Non-Travel,30733,89,1031,15686,22,0,3,1,2,3,1,2,2,21,12,13,5,0,5,1,No,24,80,1,Y,27-05-2002,No
EMP1185,25,Female,Single,Finance,CFO,Life Sciences,5,Non-Travel,127196,105,1175,15973,13,1,4,4,1,4,4,4,1,5,12,10,1,36,6,7,No,15,80,1,Y,21-02-2018,Yes
EMP1186,51,Female,Married,Finance,Finance Analyst,Other,1,Travel_Rarely,106038,128,230,8714,13,2,3,3,3,4,1,3,2,34,11,2,12,0,6,5,No,20,80,1,Y,04-05-1989,Yes
EMP1187,27,Female,Married,Research & Development,R&D Manager,Medical,4,Travel_Rarely,52420,108,422,10376,14,1,1,4,1,3,2,1,2,21,16,7,14,14,1,0,No,27,80,1,Y,19-01-2002,No
EMP1188,40,Female,Single,Finance,Finance Manager,Human Resources,3,Non-Travel,36058,46,465,13701,12,1,1,4,1,3,3,3,4,0,2,7,4,12,3,5,Yes,3,80,1,Y,19-07-2023,No
EMP1189,53,Male,Single,Operations,Supply Chain Manager,Medical,4,Travel_Frequently,49929,143,987,16891,23,0,5,1,1,1,2,2,3,19,14,8,5,28,5,4,Yes,7,80,1,Y,16-05-2004,No
EMP1190,30,Male,Married,IT,System Admin,Human Resources,3,Travel_Frequently,101489,61,580,5251,23,2,4,1,1,3,2,4,1,21,16,7,16,3,3,5,Yes,16,80,1,Y,02-09-2002,No
EMP1191,33,Female,Divorced,IT,Data Engineer,Other,5,Travel_Frequently,99664,36,755,21531,15,1,5,3,1,3,1,1,1,10,5,4,0,14,3,0,Yes,23,80,1,Y,30-05-2013,No
EMP1192,32,Female,Married,Human Resources,Recruiter,Human Resources,5,Travel_Frequently,92597,112,261,10144,13,2,4,4,4,4,3,1,1,12,11,4,1,39,4,3,Yes,2,80,1,Y,11-06-2011,No
EMP1193,37,Male,Divorced,IT,Software Engineer,Marketing,3,Non-Travel,21041,100,912,18438,20,2,4,2,1,2,3,2,2,2,3,2,0,11,1,6,No,17,80,1,Y,11-12-2021,Yes
EMP1194,22,Male,Single,IT,Software Engineer,Technical Degree,5,Travel_Rarely,93209,98,1046,11916,15,1,5,4,4,2,3,1,1,8,11,11,7,24,1,4,No,11,80,1,Y,26-02-2015,Yes
EMP1195,42,Male,Single,Research & Development,Lab Technician,Technical Degree,5,Travel_Frequently,114864,87,720,4910,22,0,3,2,3,4,1,3,1,11,1,5,3,26,3,5,No,24,80,1,Y,23-06-2012,No
EMP1196,51,Male,Divorced,IT,System Admin,Life Sciences,3,Non-Travel,130158,69,1294,20254,23,2,2,3,4,3,2,2,4,22,6,9,8,5,0,1,Yes,3,80,1,Y,30-07-2001,No
EMP1197,34,Female,Married,Human Resources,Recruiter,Marketing,1,Travel_Rarely,16468,114,801,13482,17,3,4,1,4,1,4,2,2,13,15,2,14,22,2,7,No,22,80,1,Y,17-06-2010,No
EMP1198,55,Female,Single,Sales,Account Manager,Technical Degree,3,Travel_Frequently,39309,141,339,5348,19,1,1,3,1,2,4,1,4,32,11,13,15,14,5,9,No,23,80,1,Y,02-03-1991,No
EMP1199,25,Male,Divorced,Operations,Operations Analyst,Other,1,Travel_Rarely,87255,77,789,19985,12,2,5,1,3,3,4,2,3,17,15,1,2,38,0,3,Yes,8,80,1,Y,19-03-2006,No
EMP1200,49,Male,Married,Research & Development,Data Analyst,Human Resources,5,Travel_Frequently,96899,80,727,24151,19,2,3,1,3,2,3,4,2,8,13,6,0,4,4,5,Yes,22,80,1,Y,05-03-2015,Yes
EMP1201,59,Male,Divorced,Sales,Sales Director,Human Resources,1,Travel_Rarely,43718,86,740,7830,20,2,4,4,3,4,4,3,4,22,0,9,12,22,5,2,No,23,80,1,Y,07-04-2001,No
EMP1202,52,Male,Married,Research & Development,R&D Manager,Medical,5,Travel_Frequently,121553,140,574,13529,16,1,3,4,2,2,2,2,3,9,8,2,13,14,2,8,No,21,80,1,Y,10-04-2014,No
EMP1203,48,Female,Married,Marketing,Marketing Manager,Medical,1,Travel_Frequently,65281,100,490,10120,22,3,5,1,4,4,4,4,4,18,6,12,5,24,0,7,No,19,80,1,Y,11-02-2005,No
EMP1204,26,Male,Married,Finance,Accountant,Human Resources,1,Travel_Rarely,128451,66,242,25427,16,2,1,2,1,4,3,1,3,4,4,3,4,29,5,5,No,18,80,1,Y,07-01-2019,No
EMP1205,46,Male,Married,Marketing,Marketing Executive,Other,3,Travel_Rarely,15767,116,1276,20474,21,2,4,2,2,4,3,2,1,22,9,13,4,3,6,8,Yes,7,80,1,Y,18-12-2001,No
EMP1206,24,Male,Divorced,IT,System Admin,Human Resources,1,Travel_Rarely,149967,104,1455,7480,13,0,4,4,1,1,4,4,1,29,9,10,3,12,1,9,Yes,16,80,1,Y,17-04-1994,No
EMP1207,54,Female,Divorced,Sales,Sales Executive,Medical,5,Non-Travel,73026,103,1435,11443,24,1,3,3,2,3,3,1,2,24,17,9,11,39,0,8,Yes,24,80,1,Y,13-11-1999,No
EMP1208,25,Female,Divorced,IT,Data Engineer,Technical Degree,3,Non-Travel,133142,114,207,8370,20,1,5,2,3,4,4,4,4,27,6,7,13,38,3,1,No,14,80,1,Y,21-05-1996,No
EMP1209,46,Female,Divorced,Finance,Finance Analyst,Life Sciences,1,Travel_Rarely,57968,84,682,23566,23,2,2,1,2,4,3,1,4,33,17,13,13,22,4,8,No,8,80,1,Y,21-05-1990,No
EMP1210,41,Male,Divorced,Research & Development,Lab Technician,Medical,3,Non-Travel,91870,70,241,2170,19,0,4,4,3,2,1,3,3,24,12,0,10,15,0,7,Yes,13,80,1,Y,17-12-1999,No
EMP1211,55,Male,Married,Finance,Finance Manager,Other,4,Travel_Frequently,33174,126,532,4809,14,2,1,4,2,3,1,2,2,9,10,14,9,34,5,1,No,3,80,1,Y,31-08-2014,Yes
EMP1212,47,Male,Single,Human Resources,HR Manager,Technical Degree,3,Travel_Rarely,139357,49,1456,8993,15,2,4,1,1,1,2,3,1,13,9,8,9,15,0,8,No,2,80,1,Y,14-04-2010,No
EMP1213,26,Female,Single,Finance,Finance Manager,Technical Degree,4,Non-Travel,114189,62,1293,26313,13,1,4,3,1,1,1,3,4,29,8,13,8,6,5,4,Yes,13,80,1,Y,08-04-1994,No
EMP1214,56,Female,Divorced,Human Resources,HR Manager,Technical Degree,4,Travel_Rarely,55502,69,1239,25095,15,0,2,1,2,2,4,2,3,24,14,5,1,12,2,8,Yes,25,80,1,Y,19-06-1999,No
EMP1215,49,Male,Divorced,Finance,Accountant,Marketing,3,Travel_Frequently,51674,128,268,13946,18,2,2,3,4,1,3,3,1,13,13,1,13,28,3,2,No,22,80,1,Y,15-12-2010,No
EMP1216,50,Male,Single,Operations,Logistics Executive,Marketing,5,Travel_Frequently,52260,63,252,5991,18,1,5,4,4,2,2,3,1,34,2,2,6,38,6,3,Yes,26,80,1,Y,30-03-1989,No
EMP1217,30,Female,Married,Human Resources,HR Executive,Technical Degree,5,Non-Travel,86805,91,884,25519,24,2,4,3,2,3,4,4,1,33,13,4,16,19,2,0,No,3,80,1,Y,25-06-1990,No
EMP1218,59,Male,Divorced,Sales,Sales Executive,Other,5,Travel_Frequently,32194,129,1193,2826,18,2,4,1,4,2,4,1,3,9,15,10,7,28,6,4,No,21,80,1,Y,14-04-2014,No
EMP1219,27,Male,Married,IT,Data Engineer,Human Resources,2,Travel_Rarely,87377,120,726,11857,16,0,3,4,1,2,2,3,3,34,2,11,3,17,4,6,No,1,80,1,Y,21-02-1989,Yes
EMP1220,40,Male,Single,IT,IT Manager,Other,4,Non-Travel,145864,48,262,18513,11,0,3,2,4,4,2,2,1,10,7,5,4,21,4,6,No,2,80,1,Y,09-12-2013,No
EMP1221,32,Female,Single,Marketing,Marketing Manager,Marketing,3,Travel_Rarely,58723,72,460,19801,21,0,1,4,2,1,4,4,3,10,1,8,12,35,5,5,No,25,80,1,Y,28-09-2013,No
EMP1222,23,Male,Divorced,IT,Software Engineer,Medical,5,Travel_Rarely,91298,98,1344,8798,20,2,1,1,4,3,3,1,1,20,1,1,6,35,3,5,No,10,80,1,Y,10-08-2003,No
EMP1223,30,Male,Married,Research & Development,Lab Technician,Marketing,5,Travel_Rarely,74238,92,1057,25157,22,3,3,1,2,3,4,3,1,20,17,4,5,7,2,7,Yes,11,80,1,Y,26-05-2003,No
EMP1224,42,Male,Divorced,Operations,Supply Chain Manager,Human Resources,3,Travel_Frequently,120433,122,1463,19791,16,0,1,4,1,4,3,3,1,21,6,6,16,2,3,9,Yes,26,80,1,Y,17-06-2002,No
EMP1225,45,Male,Single,Finance,Accountant,Life Sciences,4,Travel_Rarely,122092,149,1330,7136,22,3,4,4,3,2,2,2,3,6,16,10,5,28,2,8,No,3,80,1,Y,31-07-2017,No
EMP1226,55,Female,Married,Marketing,Brand Manager,Marketing,3,Travel_Frequently,17147,39,379,19421,21,3,2,4,1,3,4,3,2,16,5,11,2,8,5,3,No,24,80,1,Y,12-08-2007,No
EMP1227,43,Female,Divorced,Research & Development,Data Analyst,Other,2,Travel_Rarely,53445,149,1239,14491,20,3,4,3,1,3,1,2,2,1,9,10,8,7,5,3,No,26,80,1,Y,10-05-2022,No
EMP1228,24,Female,Divorced,Research & Development,Data Analyst,Other,2,Travel_Frequently,121170,148,554,9546,17,1,3,2,2,2,4,3,3,11,6,6,14,29,5,7,Yes,8,80,1,Y,10-10-2012,No
EMP1229,33,Male,Divorced,Human Resources,HR Director,Technical Degree,3,Travel_Frequently,148085,133,1133,7903,24,2,5,3,1,2,3,3,4,17,3,3,7,11,1,4,No,15,80,1,Y,03-06-2006,No
EMP1230,49,Female,Single,IT,Data Engineer,Technical Degree,4,Travel_Frequently,100617,42,926,15855,19,0,5,1,1,3,4,2,3,10,10,2,14,27,3,9,Yes,5,80,1,Y,06-08-2013,No
EMP1231,51,Male,Divorced,Sales,Sales Director,Technical Degree,5,Travel_Rarely,68502,122,788,18406,22,2,3,4,4,2,3,1,4,15,15,12,0,9,6,8,Yes,8,80,1,Y,26-02-2008,No
EMP1232,47,Female,Married,Sales,Sales Manager,Life Sciences,2,Travel_Rarely,132116,34,804,16949,18,2,4,3,2,1,1,4,1,17,16,7,7,12,4,5,No,18,80,1,Y,09-12-2006,No
EMP1233,42,Male,Divorced,Marketing,Content Writer,Human Resources,2,Travel_Frequently,52755,87,380,11825,21,1,1,3,4,3,2,2,4,34,5,12,3,1,2,8,Yes,18,80,1,Y,21-01-1989,No
EMP1234,49,Female,Single,Operations,Supply Chain Manager,Medical,4,Travel_Rarely,24479,88,373,8287,22,1,1,1,2,2,1,1,1,25,17,1,9,0,1,3,Yes,12,80,1,Y,18-04-1998,No
EMP1235,47,Female,Divorced,Sales,Account Manager,Other,2,Travel_Frequently,90361,105,553,14193,18,1,5,3,4,3,3,1,2,15,14,4,15,21,4,0,Yes,4,80,1,Y,24-10-2008,No
EMP1236,54,Female,Single,Finance,Finance Analyst,Other,2,Travel_Rarely,139232,88,553,3405,17,2,3,1,4,3,2,2,1,5,1,11,3,32,2,3,No,8,80,1,Y,10-05-2018,No
EMP1237,42,Male,Single,Sales,Sales Executive,Human Resources,4,Travel_Frequently,120586,106,1442,11670,12,3,3,3,3,4,2,4,4,11,5,9,7,15,1,8,Yes,2,80,1,Y,08-02-2012,Yes
EMP1238,56,Male,Married,Marketing,Brand Manager,Life Sciences,3,Travel_Frequently,96171,115,633,24851,11,2,2,2,1,1,4,2,2,12,11,14,3,28,4,6,No,20,80,1,Y,18-05-2011,No
EMP1239,55,Male,Married,Sales,Sales Director,Technical Degree,5,Non-Travel,129151,133,1104,19578,12,1,5,1,4,1,1,3,2,3,0,4,9,9,4,5,Yes,24,80,1,Y,16-11-2020,No
EMP1240,39,Female,Divorced,Finance,Accountant,Human Resources,5,Travel_Rarely,101296,44,481,10767,16,2,3,2,3,4,3,3,3,1,10,0,3,38,1,1,Yes,3,80,1,Y,20-04-2022,No
EMP1241,32,Male,Single,Human Resources,HR Executive,Medical,2,Travel_Rarely,84959,106,458,9923,23,1,2,3,4,4,3,1,4,25,3,6,15,6,4,3,Yes,8,80,1,Y,11-11-1998,Yes
EMP1242,44,Male,Single,Operations,Logistics Executive,Technical Degree,5,Non-Travel,71022,30,1067,3606,12,1,1,2,4,3,2,3,4,26,5,3,11,0,2,0,Yes,12,80,1,Y,07-10-1997,No
EMP1243,43,Male,Married,Marketing,Marketing Executive,Medical,3,Travel_Frequently,76991,147,758,10643,20,0,5,2,3,1,4,4,3,26,7,14,9,25,6,2,Yes,2,80,1,Y,14-03-1997,No
EMP1244,38,Male,Married,Human Resources,HR Director,Marketing,2,Travel_Frequently,64853,67,204,10316,14,3,5,2,3,4,3,2,3,14,8,14,10,4,2,1,No,17,80,1,Y,13-01-2009,No
EMP1245,26,Male,Divorced,Human Resources,HR Director,Medical,5,Non-Travel,46826,136,795,13646,20,1,3,3,3,2,4,4,2,7,9,9,1,34,4,3,No,14,80,1,Y,29-03-2016,Yes
EMP1246,32,Male,Single,Human Resources,HR Director,Technical Degree,1,Non-Travel,57879,138,593,12556,13,0,3,1,1,3,2,1,3,6,9,11,15,12,0,3,Yes,14,80,1,Y,25-10-2017,No
EMP1247,51,Female,Married,Research & Development,R&D Manager,Marketing,1,Travel_Frequently,87361,82,535,12058,16,3,4,3,1,1,2,3,2,11,9,1,11,26,5,8,Yes,6,80,1,Y,16-06-2012,Yes
EMP1248,36,Female,Divorced,Operations,Supply Chain Manager,Technical Degree,1,Travel_Rarely,92990,81,262,8250,22,1,1,3,4,3,2,3,4,12,3,7,3,11,1,6,Yes,8,80,1,Y,07-06-2011,No
EMP1249,48,Male,Single,IT,System Admin,Other,1,Non-Travel,104787,30,243,3683,22,3,1,3,1,3,4,2,3,16,17,3,16,29,0,2,Yes,25,80,1,Y,24-07-2007,No
EMP1250,56,Female,Single,Operations,Operations Analyst,Technical Degree,1,Non-Travel,55736,40,352,13726,23,3,2,1,3,2,3,4,4,16,11,0,11,31,2,6,No,10,80,1,Y,20-05-2007,No
EMP1251,54,Female,Married,Research & Development,Lab Technician,Marketing,2,Non-Travel,39530,87,1053,21135,24,2,2,4,2,2,1,4,2,20,10,7,15,30,4,7,No,24,80,1,Y,25-12-2003,No
EMP1252,41,Male,Divorced,IT,IT Manager,Medical,4,Non-Travel,121080,136,1379,25888,18,0,4,3,1,4,4,2,1,7,15,14,2,4,3,6,Yes,18,80,1,Y,03-10-2016,No
EMP1253,37,Male,Married,Operations,Operations Manager,Other,4,Non-Travel,89255,69,474,9663,21,3,1,3,3,2,2,3,1,4,10,12,1,36,6,7,No,1,80,1,Y,15-05-2019,No
EMP1254,55,Female,Divorced,Human Resources,Recruiter,Life Sciences,2,Non-Travel,141598,115,625,26937,16,2,2,1,3,1,1,1,4,25,3,10,6,1,3,8,Yes,7,80,1,Y,11-03-1998,No
EMP1255,23,Male,Single,Marketing,Brand Manager,Life Sciences,2,Travel_Frequently,133623,128,682,15083,12,3,1,4,3,4,1,1,2,15,11,6,5,37,5,0,Yes,7,80,1,Y,06-01-2008,No
EMP1256,56,Female,Divorced,IT,IT Manager,Life Sciences,3,Travel_Frequently,52387,89,413,21106,15,2,1,4,3,1,1,2,2,27,16,2,0,6,0,9,No,13,80,1,Y,26-09-1996,No
EMP1257,49,Female,Divorced,Finance,Finance Analyst,Life Sciences,4,Non-Travel,127260,144,278,24023,21,1,2,4,4,1,1,2,1,28,12,2,14,0,0,5,No,16,80,1,Y,21-05-1995,No
EMP1258,27,Female,Divorced,Finance,CFO,Human Resources,1,Travel_Frequently,45988,73,338,15146,23,1,3,4,3,4,1,2,2,11,3,6,11,2,0,3,Yes,12,80,1,Y,18-11-2012,No
EMP1259,30,Male,Divorced,Sales,Sales Director,Life Sciences,2,Travel_Rarely,91448,35,1149,13253,16,2,3,1,3,2,2,4,2,29,5,1,12,19,2,0,Yes,29,80,1,Y,02-09-1994,No
EMP1260,41,Female,Divorced,IT,System Admin,Marketing,1,Travel_Rarely,128430,57,297,17736,19,1,2,1,4,3,3,3,4,22,6,4,7,1,5,1,Yes,19,80,1,Y,25-07-2001,No
EMP1261,22,Male,Married,Marketing,Content Writer,Life Sciences,4,Non-Travel,27404,60,863,5223,16,1,4,4,1,2,1,3,1,15,7,6,8,20,6,9,No,6,80,1,Y,16-01-2008,Yes
EMP1262,29,Male,Divorced,Research & Development,Data Analyst,Technical Degree,5,Travel_Rarely,34360,148,397,7441,20,1,5,2,2,1,3,2,2,13,1,5,0,31,5,3,Yes,7,80,1,Y,06-02-2010,Yes
EMP1263,44,Male,Divorced,Human Resources,Recruiter,Life Sciences,5,Travel_Rarely,100657,37,984,11822,15,3,1,1,4,1,3,1,4,9,8,9,4,19,2,0,No,25,80,1,Y,04-01-2014,Yes
EMP1264,24,Male,Single,Sales,Sales Executive,Medical,2,Travel_Frequently,49160,34,355,9381,11,2,5,2,4,4,4,4,3,6,9,6,6,30,5,5,Yes,17,80,1,Y,11-10-2017,No
EMP1265,25,Male,Divorced,Finance,Finance Manager,Marketing,3,Travel_Frequently,21789,135,1273,14863,20,0,2,2,1,1,2,2,1,28,0,14,7,32,6,0,No,29,80,1,Y,06-11-1995,Yes
EMP1266,46,Female,Single,Research & Development,R&D Manager,Marketing,1,Travel_Frequently,97597,83,678,7184,15,0,1,4,1,4,1,4,4,2,15,1,9,23,4,8,No,19,80,1,Y,16-11-2021,No
EMP1267,59,Male,Married,Research & Development,Lab Technician,Other,2,Travel_Frequently,80641,141,427,18653,15,2,5,4,3,4,3,2,3,14,17,6,7,17,2,9,No,5,80,1,Y,07-11-2009,No
EMP1268,36,Male,Married,Human Resources,Recruiter,Human Resources,3,Travel_Rarely,59247,137,721,26088,16,3,3,3,1,2,4,4,2,18,7,1,11,19,4,2,Yes,3,80,1,Y,09-01-2005,No
EMP1269,42,Male,Divorced,IT,System Admin,Technical Degree,1,Non-Travel,101673,46,348,24499,17,1,4,2,2,1,3,1,2,12,9,6,15,31,4,0,Yes,24,80,1,Y,19-05-2011,No
EMP1270,56,Male,Married,Finance,Accountant,Marketing,4,Travel_Frequently,20544,67,1281,11315,23,1,5,3,4,2,1,1,3,20,10,13,11,4,0,5,Yes,26,80,1,Y,16-02-2003,No
EMP1271,35,Male,Divorced,Marketing,Marketing Manager,Medical,5,Travel_Rarely,78248,38,361,25682,23,3,4,4,2,3,2,1,4,26,16,14,2,1,3,5,No,22,80,1,Y,06-07-1997,No
EMP1272,57,Female,Married,Research & Development,Lab Technician,Life Sciences,3,Travel_Frequently,49550,103,1062,6533,14,0,3,2,3,2,2,1,2,28,6,7,4,25,6,6,No,18,80,1,Y,26-11-1995,No
EMP1273,33,Male,Divorced,Human Resources,HR Director,Marketing,1,Travel_Rarely,68693,113,1330,19426,17,2,5,1,2,1,1,3,2,19,2,9,13,24,0,6,No,17,80,1,Y,12-04-2004,No
EMP1274,38,Male,Divorced,Marketing,Marketing Executive,Medical,2,Travel_Frequently,143924,107,594,16560,15,2,2,3,3,3,3,3,4,24,6,7,15,21,2,9,No,26,80,1,Y,10-01-1999,No
EMP1275,30,Female,Single,IT,Data Engineer,Life Sciences,1,Non-Travel,95021,43,1000,3641,16,3,1,4,2,1,4,4,4,5,5,4,5,38,1,3,No,21,80,1,Y,20-06-2018,No
EMP1276,56,Male,Single,Finance,Finance Manager,Human Resources,2,Travel_Frequently,30605,55,385,17925,14,1,3,2,4,3,2,2,3,1,2,6,15,21,2,4,No,11,80,1,Y,15-04-2022,No
EMP1277,34,Female,Single,IT,System Admin,Marketing,5,Non-Travel,65713,122,757,24987,22,1,4,4,2,1,2,3,2,21,7,10,13,10,6,2,No,25,80,1,Y,27-02-2002,No
EMP1278,36,Female,Single,Research & Development,Lab Technician,Marketing,5,Travel_Frequently,90403,142,645,12633,18,1,4,3,1,2,3,2,4,31,0,7,4,10,3,5,Yes,26,80,1,Y,19-10-1992,No
EMP1279,39,Female,Divorced,Marketing,Brand Manager,Medical,1,Travel_Frequently,73466,91,1029,5297,19,2,3,4,2,1,3,4,1,15,4,3,13,3,2,6,No,9,80,1,Y,25-06-2008,No
EMP1280,54,Female,Married,Marketing,Marketing Executive,Other,1,Travel_Frequently,18981,120,286,25439,12,0,2,4,4,4,3,2,3,17,12,1,10,32,3,8,No,17,80,1,Y,30-03-2006,No
EMP1281,27,Male,Divorced,Marketing,Marketing Manager,Technical Degree,2,Travel_Rarely,130631,54,1472,19767,22,2,2,1,3,4,4,1,3,4,10,6,8,17,1,8,No,19,80,1,Y,22-06-2019,Yes
EMP1282,48,Male,Single,Research & Development,R&D Manager,Human Resources,2,Travel_Rarely,134238,109,1480,5996,21,3,4,4,2,2,3,1,3,29,10,12,6,30,1,4,No,13,80,1,Y,17-12-1994,Yes
EMP1283,44,Female,Single,Research & Development,Lab Technician,Technical Degree,3,Non-Travel,110335,65,637,2014,14,2,3,2,2,2,4,3,3,18,1,0,4,27,5,3,No,6,80,1,Y,10-10-2005,No
EMP1284,48,Female,Married,IT,System Admin,Marketing,3,Non-Travel,122441,127,715,16895,21,3,3,2,1,3,1,4,1,22,8,11,14,21,4,6,Yes,21,80,1,Y,19-07-2001,No
EMP1285,55,Male,Single,Sales,Account Manager,Technical Degree,3,Travel_Rarely,31984,109,1146,3674,18,2,1,1,3,2,4,3,3,33,1,1,12,39,6,2,No,4,80,1,Y,26-03-1990,No
EMP1286,59,Female,Divorced,IT,System Admin,Life Sciences,1,Non-Travel,140580,62,1425,7099,18,0,4,2,3,4,3,3,3,12,11,9,11,2,2,3,No,29,80,1,Y,01-02-2011,No
EMP1287,35,Female,Divorced,Finance,Accountant,Human Resources,3,Non-Travel,126316,32,955,22001,19,3,2,4,3,2,4,3,4,28,8,6,14,6,4,8,No,18,80,1,Y,24-10-1995,No
EMP1288,57,Female,Divorced,Human Resources,HR Director,Technical Degree,1,Travel_Rarely,147596,116,996,26483,13,1,5,4,4,4,4,4,2,21,8,11,9,19,0,4,Yes,12,80,1,Y,15-10-2002,No
EMP1289,29,Male,Divorced,Marketing,Brand Manager,Life Sciences,5,Travel_Rarely,133454,40,1403,24941,11,1,2,2,4,2,4,1,3,8,9,11,16,6,6,9,No,28,80,1,Y,21-10-2015,No
EMP1290,56,Female,Divorced,Sales,Account Manager,Medical,4,Travel_Rarely,64402,141,885,23858,19,2,2,3,1,4,2,1,4,18,4,9,15,6,0,6,No,28,80,1,Y,06-10-2005,No
EMP1291,40,Male,Married,Human Resources,HR Executive,Technical Degree,5,Travel_Rarely,106656,87,524,19864,11,2,5,4,2,3,3,3,4,5,8,12,4,28,0,1,Yes,4,80,1,Y,03-01-2018,Yes
EMP1292,51,Male,Divorced,Sales,Account Manager,Human Resources,1,Travel_Frequently,80614,93,822,26082,13,0,4,2,4,1,4,2,2,14,17,0,3,25,5,8,No,5,80,1,Y,09-12-2009,No
EMP1293,35,Male,Single,Operations,Operations Manager,Life Sciences,1,Travel_Rarely,106009,47,886,21430,13,0,1,4,3,1,3,1,4,19,9,6,9,2,0,4,No,12,80,1,Y,05-06-2004,No
EMP1294,41,Female,Single,IT,Software Engineer,Technical Degree,4,Non-Travel,60836,76,599,9363,19,1,2,4,2,4,1,1,4,8,16,4,5,16,0,4,Yes,18,80,1,Y,30-07-2015,No
EMP1295,46,Female,Single,Research & Development,Data Analyst,Medical,2,Travel_Frequently,146049,134,1067,7957,11,2,2,1,2,2,4,4,3,31,9,13,10,39,2,3,Yes,26,80,1,Y,03-08-1992,No
EMP1296,45,Male,Single,Marketing,Marketing Manager,Technical Degree,2,Travel_Frequently,91407,73,416,6210,17,3,4,2,2,2,4,1,3,3,13,10,10,19,4,7,Yes,17,80,1,Y,18-05-2020,No
EMP1297,35,Male,Married,IT,Software Engineer,Life Sciences,2,Non-Travel,22610,122,1008,17776,12,0,4,4,1,1,1,1,4,17,3,2,15,33,4,3,No,23,80,1,Y,11-08-2006,No
EMP1298,47,Male,Single,Human Resources,Recruiter,Technical Degree,3,Travel_Frequently,124381,88,1160,23855,17,3,3,3,4,4,3,3,1,4,9,10,13,32,3,1,No,23,80,1,Y,16-02-2019,No
EMP1299,59,Female,Married,Operations,Supply Chain Manager,Human Resources,2,Non-Travel,30791,79,1200,19359,11,3,4,2,4,2,1,3,2,19,17,1,3,15,0,4,No,24,80,1,Y,05-10-2004,No
EMP1300,44,Female,Single,Operations,Logistics Executive,Marketing,3,Travel_Frequently,73047,98,1131,20069,23,0,4,3,2,1,1,4,4,22,4,14,4,22,1,2,No,10,80,1,Y,07-11-2001,No
EMP1301,43,Male,Married,Operations,Operations Manager,Life Sciences,3,Travel_Frequently,85246,117,439,4083,20,2,2,2,1,4,1,4,4,10,8,6,16,3,3,3,No,6,80,1,Y,28-10-2013,No
EMP1302,40,Male,Married,Human Resources,HR Manager,Life Sciences,2,Non-Travel,101148,58,1409,20070,20,3,1,3,1,3,1,2,1,21,5,8,7,39,3,2,Yes,17,80,1,Y,25-09-2002,No
EMP1303,24,Female,Married,Human Resources,HR Manager,Life Sciences,2,Non-Travel,60890,122,247,6158,18,2,2,3,4,2,3,1,2,3,15,8,3,32,2,6,No,8,80,1,Y,31-12-2020,No
EMP1304,40,Male,Single,Human Resources,HR Manager,Life Sciences,4,Non-Travel,47888,119,1431,25193,20,3,4,2,4,2,4,3,4,28,15,14,10,7,3,5,Yes,2,80,1,Y,24-02-1995,No
EMP1305,30,Female,Married,Human Resources,HR Director,Technical Degree,4,Non-Travel,61531,133,1380,18571,23,2,3,1,1,4,1,3,4,33,10,13,13,4,1,1,No,12,80,1,Y,02-09-1990,No
EMP1306,49,Female,Divorced,Operations,Logistics Executive,Human Resources,3,Travel_Rarely,130652,96,1448,4782,20,2,1,1,3,1,1,1,3,12,14,9,12,32,4,7,Yes,3,80,1,Y,29-12-2011,No
EMP1307,41,Male,Divorced,Operations,Logistics Executive,Medical,4,Travel_Rarely,35608,31,1367,22572,12,2,3,2,1,4,2,4,4,8,2,9,15,24,3,4,Yes,24,80,1,Y,14-05-2015,No
EMP1308,28,Male,Single,Sales,Sales Manager,Human Resources,3,Non-Travel,95986,54,1334,6100,13,2,5,4,3,1,3,3,1,30,15,7,11,6,2,5,No,20,80,1,Y,29-04-1993,No
EMP1309,35,Female,Divorced,IT,System Admin,Life Sciences,1,Travel_Rarely,98996,48,1074,13701,24,0,3,2,4,4,1,4,4,6,4,1,8,6,6,7,Yes,21,80,1,Y,22-04-2017,No
EMP1310,30,Female,Divorced,Marketing,Marketing Manager,Other,3,Non-Travel,71017,69,331,17525,18,3,3,2,1,3,2,3,2,3,8,0,6,32,0,6,No,25,80,1,Y,29-03-2020,No
EMP1311,40,Female,Divorced,Research & Development,Research Scientist,Technical Degree,3,Non-Travel,72676,31,824,20456,13,2,4,4,1,2,1,3,2,18,4,7,9,32,1,2,No,27,80,1,Y,03-01-2006,No
EMP1312,35,Female,Single,Operations,Logistics Executive,Other,4,Travel_Frequently,26560,112,800,25035,11,1,4,2,1,1,3,2,1,29,3,1,16,28,0,1,Yes,23,80,1,Y,03-03-1994,Yes
EMP1313,59,Female,Single,Research & Development,R&D Manager,Technical Degree,1,Non-Travel,65468,94,872,2097,19,3,4,2,1,3,2,3,4,30,12,3,6,38,5,2,Yes,26,80,1,Y,01-05-1993,No
EMP1314,57,Male,Divorced,IT,IT Manager,Life Sciences,5,Non-Travel,48123,91,533,11483,18,3,4,4,2,4,2,1,4,34,16,11,2,31,3,7,No,28,80,1,Y,10-09-1989,No
EMP1315,38,Female,Single,IT,System Admin,Technical Degree,5,Non-Travel,109346,120,1298,25189,14,2,4,4,2,1,3,1,4,20,11,3,14,36,4,3,No,7,80,1,Y,17-09-2003,No
EMP1316,51,Female,Married,Research & Development,Research Scientist,Life Sciences,5,Non-Travel,15028,83,235,5464,18,3,3,1,4,1,2,1,4,30,6,1,15,28,2,7,No,1,80,1,Y,13-03-1993,Yes
EMP1317,30,Female,Divorced,Operations,Operations Manager,Human Resources,1,Travel_Frequently,62599,74,977,3787,24,1,5,3,4,3,2,4,4,18,0,3,16,21,6,3,No,17,80,1,Y,02-02-2005,Yes
EMP1318,54,Male,Single,Research & Development,Data Analyst,Marketing,2,Non-Travel,60406,148,422,9763,15,1,4,3,1,4,1,3,2,30,15,6,12,1,1,6,Yes,8,80,1,Y,10-05-1993,No
EMP1319,46,Male,Single,Sales,Sales Director,Technical Degree,1,Travel_Frequently,62657,145,729,23788,13,1,5,1,2,3,2,4,3,31,6,5,2,8,4,5,No,10,80,1,Y,21-05-1992,Yes
EMP1320,35,Female,Divorced,Finance,Finance Manager,Life Sciences,4,Non-Travel,82560,78,440,2683,11,3,5,1,4,4,4,2,2,1,1,9,4,28,1,9,Yes,17,80,1,Y,06-06-2022,No
EMP1321,32,Female,Single,Operations,Operations Analyst,Other,3,Travel_Frequently,119143,128,333,18092,23,3,2,3,3,3,3,3,3,9,11,5,8,32,2,0,No,16,80,1,Y,22-05-2014,No
EMP1322,56,Male,Divorced,Operations,Operations Analyst,Life Sciences,3,Travel_Rarely,69943,134,590,3132,20,2,2,1,2,3,1,1,2,1,10,3,10,9,2,7,No,10,80,1,Y,22-11-2022,No
EMP1323,35,Male,Single,Marketing,Content Writer,Other,4,Travel_Frequently,90839,98,301,14314,15,3,1,2,2,3,2,2,1,1,7,1,10,27,3,5,No,15,80,1,Y,28-02-2022,Yes
EMP1324,51,Male,Married,Human Resources,HR Executive,Technical Degree,4,Travel_Frequently,97674,67,880,7877,21,3,2,1,2,3,4,2,4,23,0,4,15,38,1,1,Yes,16,80,1,Y,05-03-2000,No
EMP1325,25,Male,Divorced,Finance,Finance Manager,Medical,3,Non-Travel,40345,33,697,24582,16,2,4,1,1,4,1,3,3,16,2,10,7,11,5,4,Yes,18,80,1,Y,02-01-2008,No
EMP1326,25,Female,Married,IT,Data Engineer,Other,2,Travel_Frequently,65390,46,710,22220,14,1,5,1,3,2,3,1,2,31,7,12,1,21,5,1,Yes,4,80,1,Y,05-09-1992,Yes
EMP1327,49,Male,Divorced,Operations,Logistics Executive,Life Sciences,2,Travel_Frequently,74557,82,902,15068,17,2,1,1,1,3,2,4,3,15,7,2,9,5,3,9,No,25,80,1,Y,30-03-2008,No
EMP1328,29,Female,Single,Research & Development,Data Analyst,Technical Degree,2,Non-Travel,16906,114,1193,16633,13,0,2,3,4,4,3,3,4,15,10,2,5,39,1,6,No,7,80,1,Y,15-08-2008,Yes
EMP1329,23,Female,Married,Finance,CFO,Life Sciences,4,Travel_Rarely,22961,82,1148,17758,17,3,3,4,3,2,3,1,1,30,4,3,3,22,1,9,Yes,29,80,1,Y,25-02-1993,No
EMP1330,43,Male,Single,Marketing,Content Writer,Medical,3,Travel_Rarely,134289,141,1040,19425,24,3,1,3,1,1,2,2,4,23,7,10,4,33,0,5,No,29,80,1,Y,20-02-2000,No
EMP1331,37,Male,Divorced,IT,Data Engineer,Marketing,3,Travel_Rarely,92567,60,205,13057,11,0,4,3,2,1,2,3,2,0,8,10,10,37,3,6,Yes,12,80,1,Y,22-03-2023,No
EMP1332,50,Male,Divorced,Human Resources,HR Executive,Medical,3,Travel_Frequently,95664,141,1157,24273,17,0,5,4,3,3,1,2,2,10,16,4,11,15,1,5,Yes,23,80,1,Y,19-09-2013,No
EMP1333,51,Male,Divorced,Human Resources,HR Executive,Human Resources,1,Non-Travel,96199,51,393,2854,11,0,4,3,2,1,3,1,3,20,4,10,15,9,1,9,No,12,80,1,Y,12-12-2003,No
EMP1334,33,Female,Divorced,Marketing,Marketing Manager,Technical Degree,1,Travel_Rarely,114764,40,941,7738,23,2,4,2,4,3,2,4,1,3,1,1,13,20,2,0,Yes,26,80,1,Y,29-09-2020,No
EMP1335,56,Female,Divorced,Marketing,Brand Manager,Medical,5,Travel_Rarely,137357,63,1360,4026,21,1,3,4,3,3,3,4,1,6,14,5,13,9,6,2,No,23,80,1,Y,19-10-2017,No
EMP1336,32,Female,Married,Research & Development,Research Scientist,Marketing,1,Travel_Rarely,95729,142,1111,7365,11,2,3,2,4,2,2,2,2,25,7,14,14,10,0,9,No,21,80,1,Y,10-12-1998,No
EMP1337,42,Male,Divorced,Operations,Supply Chain Manager,Life Sciences,2,Travel_Rarely,65568,44,672,4550,12,0,5,3,4,1,3,2,3,11,7,5,7,20,5,1,Yes,1,80,1,Y,04-02-2012,No
EMP1338,42,Female,Single,Human Resources,HR Manager,Technical Degree,2,Non-Travel,124349,143,415,9089,12,2,2,3,4,3,1,2,4,30,0,7,4,24,5,0,No,21,80,1,Y,14-07-1993,No
EMP1339,26,Male,Married,IT,Software Engineer,Other,2,Travel_Rarely,88302,39,1075,18623,14,3,4,4,3,1,3,3,4,16,13,1,8,33,2,0,Yes,24,80,1,Y,18-12-2007,No
EMP1340,41,Female,Single,Finance,Finance Analyst,Medical,2,Travel_Frequently,109968,131,1406,18873,23,2,2,3,4,2,2,1,2,32,10,7,15,30,6,3,Yes,28,80,1,Y,27-10-1991,No
EMP1341,58,Male,Divorced,IT,IT Manager,Marketing,5,Travel_Frequently,131116,125,1391,14043,11,0,5,1,1,1,4,2,2,10,6,14,2,26,6,0,Yes,12,80,1,Y,18-12-2013,No
EMP1342,24,Female,Single,Sales,Sales Manager,Medical,2,Non-Travel,52146,82,237,3036,14,3,4,2,1,2,1,2,4,27,17,7,11,24,3,1,No,23,80,1,Y,01-02-1996,No
EMP1343,54,Female,Married,Sales,Sales Director,Human Resources,4,Travel_Rarely,55297,77,670,24516,12,1,2,2,4,2,1,2,4,31,14,3,6,31,5,0,Yes,7,80,1,Y,19-03-1992,No
EMP1344,30,Male,Married,Marketing,Brand Manager,Technical Degree,4,Travel_Rarely,101394,60,651,23164,14,2,4,1,2,2,4,4,4,0,9,6,16,10,3,5,No,15,80,1,Y,27-02-2023,No
EMP1345,30,Female,Married,Research & Development,Lab Technician,Life Sciences,4,Travel_Frequently,142173,66,1365,26293,14,2,3,4,4,3,2,2,3,27,3,14,14,25,1,3,Yes,2,80,1,Y,08-08-1996,No
EMP1346,25,Female,Single,Sales,Sales Executive,Marketing,1,Non-Travel,140942,137,1212,21653,19,0,3,4,4,4,1,1,1,6,0,12,14,35,4,7,No,1,80,1,Y,17-07-2017,No
EMP1347,56,Male,Married,Human Resources,Recruiter,Medical,3,Travel_Frequently,31939,57,302,8122,19,1,1,1,2,3,4,4,2,1,13,6,11,36,6,4,Yes,4,80,1,Y,18-11-2022,No
EMP1348,38,Male,Single,IT,System Admin,Technical Degree,5,Non-Travel,59460,60,241,16578,11,3,5,1,3,1,4,1,2,23,8,14,1,32,6,9,Yes,8,80,1,Y,12-12-2000,No
EMP1349,55,Male,Divorced,IT,IT Manager,Medical,4,Non-Travel,77119,99,1146,17689,15,0,2,2,3,3,3,4,3,3,12,0,7,32,2,4,No,17,80,1,Y,07-11-2020,No
EMP1350,45,Male,Divorced,Marketing,Marketing Executive,Technical Degree,4,Non-Travel,147851,43,1370,18150,17,0,4,1,4,3,3,4,4,18,16,13,4,35,6,7,Yes,29,80,1,Y,06-06-2005,No
EMP1351,53,Male,Single,Operations,Operations Manager,Human Resources,2,Travel_Frequently,20057,116,265,24094,14,2,1,1,1,4,2,3,3,25,3,12,2,12,3,9,Yes,18,80,1,Y,08-10-1998,No
EMP1352,22,Female,Married,Operations,Supply Chain Manager,Medical,4,Non-Travel,34157,45,1142,13692,22,1,5,1,1,1,4,4,4,10,4,13,0,13,6,5,No,23,80,1,Y,13-10-2013,No
EMP1353,29,Male,Single,Finance,Accountant,Human Resources,2,Travel_Frequently,50030,54,392,14054,15,0,5,3,1,2,3,4,2,10,17,0,15,36,1,5,No,5,80,1,Y,24-01-2013,No
EMP1354,44,Female,Single,Marketing,Content Writer,Other,2,Travel_Frequently,123612,68,1261,3767,12,2,5,1,4,2,2,1,1,2,16,7,9,39,1,2,Yes,6,80,1,Y,09-08-2021,No
EMP1355,33,Female,Single,Finance,Accountant,Other,3,Travel_Rarely,130080,95,701,6708,13,3,2,3,1,1,1,1,3,11,6,10,9,0,2,5,Yes,12,80,1,Y,26-02-2012,No
EMP1356,33,Male,Divorced,Operations,Logistics Executive,Marketing,1,Travel_Frequently,98028,67,863,10353,17,0,3,2,1,3,3,2,4,2,9,0,10,4,6,9,No,24,80,1,Y,28-01-2021,Yes
EMP1357,36,Female,Single,Marketing,Marketing Manager,Human Resources,2,Travel_Frequently,44680,70,551,21390,20,3,1,2,3,4,2,3,2,26,8,2,11,29,5,6,Yes,28,80,1,Y,18-01-1997,No
EMP1358,40,Female,Divorced,Marketing,Brand Manager,Technical Degree,2,Travel_Rarely,117302,132,525,3256,23,3,2,4,4,4,3,4,1,1,12,5,7,17,1,1,No,16,80,1,Y,08-01-2022,No
EMP1359,47,Male,Single,Marketing,Content Writer,Marketing,3,Travel_Rarely,51445,127,1261,12143,17,2,4,2,3,1,1,3,3,15,17,7,4,36,0,2,No,9,80,1,Y,06-03-2008,No
EMP1360,50,Female,Divorced,Operations,Supply Chain Manager,Medical,2,Travel_Rarely,20796,144,1320,25461,14,1,2,4,2,1,1,2,3,1,11,14,8,38,5,5,Yes,15,80,1,Y,14-03-2022,No
EMP1361,43,Male,Single,Finance,Finance Manager,Medical,5,Non-Travel,62218,69,307,7351,22,3,4,3,3,3,3,3,2,29,7,4,10,11,4,9,No,8,80,1,Y,27-03-1994,Yes
EMP1362,42,Male,Single,Finance,Finance Manager,Technical Degree,1,Non-Travel,39074,136,830,16263,11,0,4,1,4,4,1,4,3,19,17,4,14,33,2,8,No,12,80,1,Y,07-10-2004,No
EMP1363,59,Male,Married,Marketing,Content Writer,Life Sciences,5,Travel_Rarely,131088,93,350,2749,11,1,5,2,1,1,2,1,2,27,4,3,16,13,2,8,Yes,14,80,1,Y,19-05-1996,No
EMP1364,41,Female,Married,Sales,Sales Executive,Life Sciences,4,Non-Travel,51839,118,1297,19092,14,1,2,1,4,3,3,3,3,24,6,13,10,37,2,7,Yes,17,80,1,Y,17-03-1999,No
EMP1365,50,Female,Single,Research & Development,Lab Technician,Medical,1,Travel_Rarely,122112,129,1280,8416,14,2,3,4,3,3,3,4,1,31,14,3,12,15,1,7,Yes,14,80,1,Y,08-07-1992,No
EMP1366,25,Female,Single,Operations,Operations Analyst,Technical Degree,4,Non-Travel,142514,45,1077,8950,16,0,4,3,4,1,1,2,1,9,2,6,16,10,1,8,Yes,27,80,1,Y,16-12-2014,No
EMP1367,28,Female,Single,Research & Development,Lab Technician,Life Sciences,2,Travel_Frequently,83322,111,534,14328,17,0,5,2,4,4,2,4,3,32,17,5,6,32,2,8,No,20,80,1,Y,23-11-1991,No
EMP1368,49,Male,Single,Research & Development,Lab Technician,Human Resources,3,Non-Travel,71321,106,1475,3713,19,2,3,1,3,2,3,3,2,12,5,7,8,14,2,9,No,5,80,1,Y,04-08-2011,Yes
EMP1369,49,Female,Married,Finance,Finance Analyst,Medical,5,Non-Travel,125100,88,1003,14777,19,2,2,4,3,3,3,4,4,15,5,14,9,9,0,8,No,13,80,1,Y,23-07-2008,No
EMP1370,25,Male,Divorced,Finance,Finance Manager,Other,4,Travel_Frequently,50507,130,966,26320,20,1,3,1,2,2,1,4,3,21,0,10,11,2,3,4,Yes,25,80,1,Y,02-07-2002,No
EMP1371,43,Female,Single,Sales,Sales Executive,Human Resources,2,Travel_Rarely,114244,120,1477,10308,22,3,2,2,2,3,1,3,4,19,16,13,8,10,5,5,No,6,80,1,Y,25-06-2004,No
EMP1372,33,Female,Married,Research & Development,R&D Manager,Technical Degree,5,Non-Travel,140788,127,458,12673,22,3,4,1,3,4,2,3,2,26,10,5,8,10,5,4,Yes,14,80,1,Y,04-12-1997,No
EMP1373,24,Female,Single,Research & Development,Research Scientist,Other,5,Non-Travel,110251,40,981,17378,15,3,1,3,4,2,2,2,4,15,1,10,9,15,0,0,No,6,80,1,Y,31-05-2008,No
EMP1374,43,Female,Single,Marketing,Content Writer,Human Resources,4,Travel_Frequently,38806,30,233,17329,20,3,1,2,3,1,1,4,3,33,8,9,0,37,2,3,Yes,3,80,1,Y,03-04-1990,Yes
EMP1375,23,Female,Divorced,Finance,Accountant,Life Sciences,2,Travel_Frequently,145364,42,525,15882,21,0,4,4,1,3,2,1,1,31,5,6,10,29,6,0,Yes,16,80,1,Y,06-12-1992,Yes
EMP1376,45,Male,Single,Research & Development,Research Scientist,Life Sciences,3,Travel_Frequently,51901,59,1036,18579,13,0,3,2,2,1,4,3,2,25,6,9,13,0,1,0,No,12,80,1,Y,11-08-1998,No
EMP1377,55,Female,Single,IT,Software Engineer,Other,4,Travel_Frequently,67127,98,1461,6714,13,2,2,4,1,1,4,4,1,24,3,13,9,37,1,2,Yes,14,80,1,Y,11-05-1999,No
EMP1378,48,Female,Divorced,Sales,Sales Executive,Marketing,5,Travel_Rarely,15453,47,890,12664,16,2,1,4,4,4,1,1,1,1,2,9,13,33,2,6,No,2,80,1,Y,25-10-2022,No
EMP1379,22,Female,Divorced,IT,Software Engineer,Medical,5,Non-Travel,90432,107,938,17753,11,3,2,2,1,1,3,1,1,11,1,4,9,18,3,0,No,18,80,1,Y,02-11-2012,No
EMP1380,29,Female,Divorced,IT,Software Engineer,Other,1,Non-Travel,137872,42,943,14321,17,2,4,4,3,3,1,4,3,8,9,5,16,33,4,6,No,7,80,1,Y,13-01-2015,Yes
EMP1381,44,Male,Divorced,Operations,Operations Manager,Technical Degree,2,Non-Travel,102362,61,1046,16630,13,0,3,2,3,1,1,4,2,11,9,0,1,35,4,9,No,5,80,1,Y,16-08-2012,No
EMP1382,59,Female,Married,Operations,Logistics Executive,Medical,1,Non-Travel,25976,100,316,19658,15,3,2,3,3,1,1,4,4,25,16,2,13,3,0,9,Yes,12,80,1,Y,23-07-1998,No
EMP1383,27,Male,Married,Sales,Account Manager,Human Resources,3,Travel_Rarely,129176,101,1430,5709,17,3,3,3,1,3,3,1,1,8,15,11,1,9,5,0,No,26,80,1,Y,09-04-2015,No
EMP1384,43,Female,Married,IT,Data Engineer,Technical Degree,4,Non-Travel,114122,79,849,2338,17,0,1,1,1,1,4,4,4,9,0,7,7,16,3,8,No,17,80,1,Y,06-06-2014,No
EMP1385,46,Male,Single,Research & Development,Research Scientist,Technical Degree,5,Travel_Rarely,85404,100,602,8761,19,1,2,3,1,4,2,3,2,31,11,2,5,15,4,4,No,12,80,1,Y,15-04-1992,Yes
EMP1386,39,Male,Divorced,Finance,Accountant,Life Sciences,2,Travel_Rarely,96932,145,1196,21895,11,3,5,4,3,3,4,1,2,33,9,13,6,20,3,5,Yes,21,80,1,Y,24-09-1990,No
EMP1387,38,Male,Divorced,Sales,Account Manager,Human Resources,5,Travel_Frequently,112170,142,432,6275,13,2,1,1,3,4,2,3,4,19,0,0,12,27,1,8,No,11,80,1,Y,15-01-2004,No
EMP1388,33,Male,Married,Marketing,Marketing Manager,Life Sciences,1,Travel_Frequently,92707,109,1128,13491,19,1,3,1,3,1,2,3,4,1,15,2,1,7,1,2,Yes,1,80,1,Y,16-09-2022,No
EMP1389,27,Male,Single,IT,IT Manager,Life Sciences,1,Non-Travel,108789,136,679,20040,18,0,4,2,1,2,1,4,1,0,10,11,6,28,6,2,No,9,80,1,Y,22-02-2023,Yes
EMP1390,47,Female,Single,Sales,Sales Executive,Marketing,4,Travel_Rarely,111516,60,1175,8762,12,1,5,1,1,4,1,3,4,23,3,3,0,5,3,4,No,8,80,1,Y,08-12-2000,No
EMP1391,48,Male,Single,Human Resources,HR Director,Life Sciences,2,Travel_Frequently,148089,80,208,10834,18,1,2,2,4,4,2,4,4,26,2,7,5,29,2,6,No,14,80,1,Y,13-11-1997,No
EMP1392,29,Female,Married,Human Resources,Recruiter,Medical,2,Travel_Rarely,22957,56,914,16358,18,3,1,1,2,1,3,1,3,1,12,8,15,1,4,2,No,4,80,1,Y,15-03-2022,Yes
EMP1393,40,Male,Single,Operations,Operations Manager,Technical Degree,4,Travel_Frequently,122724,89,578,11872,12,1,2,3,3,2,3,3,1,30,14,3,7,30,4,3,No,11,80,1,Y,20-02-1993,Yes
EMP1394,22,Male,Single,Finance,Accountant,Life Sciences,1,Travel_Rarely,28237,62,580,23657,18,2,2,2,1,3,3,4,1,13,9,12,12,24,1,1,Yes,17,80,1,Y,09-04-2010,Yes
EMP1395,50,Female,Single,Research & Development,Lab Technician,Other,1,Non-Travel,66586,82,1043,19553,13,3,5,4,2,2,3,2,2,1,5,11,13,22,6,8,Yes,27,80,1,Y,18-11-2022,No
EMP1396,56,Male,Divorced,Finance,CFO,Medical,1,Non-Travel,34252,122,559,26827,17,0,5,1,1,3,1,4,4,28,10,6,3,20,6,9,No,8,80,1,Y,06-05-1995,No
EMP1397,35,Male,Married,Finance,Finance Analyst,Human Resources,5,Travel_Rarely,18543,101,375,10173,23,2,5,3,1,1,4,2,3,14,0,0,14,15,5,8,No,21,80,1,Y,17-01-2009,No
EMP1398,56,Male,Divorced,Finance,Finance Analyst,Technical Degree,3,Travel_Frequently,119647,62,684,18685,19,3,5,3,3,2,4,4,2,11,3,8,4,3,0,1,No,1,80,1,Y,29-02-2012,No
EMP1399,41,Male,Divorced,Finance,Accountant,Other,1,Travel_Frequently,50031,70,232,13333,14,1,4,2,2,1,2,2,3,27,9,10,13,7,4,4,Yes,18,80,1,Y,12-01-1996,Yes
EMP1400,34,Female,Married,Marketing,Marketing Executive,Other,3,Non-Travel,80747,48,895,19950,21,2,3,2,1,4,3,3,1,19,14,11,15,5,1,0,No,5,80,1,Y,11-08-2004,No
EMP1401,59,Male,Divorced,Marketing,Marketing Executive,Human Resources,3,Non-Travel,70311,114,356,13356,16,3,5,2,2,2,1,2,4,23,0,3,14,26,6,7,Yes,29,80,1,Y,02-06-2000,No
EMP1402,29,Male,Single,Operations,Logistics Executive,Other,2,Non-Travel,80867,70,764,9816,19,3,1,4,2,3,1,3,3,20,14,13,10,35,1,5,No,25,80,1,Y,01-03-2003,Yes
EMP1403,41,Female,Single,Sales,Sales Manager,Medical,4,Travel_Frequently,103780,114,401,14149,21,0,2,4,3,4,1,3,2,9,2,13,1,35,3,9,No,26,80,1,Y,25-07-2014,No
EMP1404,54,Female,Single,Human Resources,HR Manager,Human Resources,5,Travel_Frequently,72196,118,1398,20594,21,3,5,4,2,3,2,4,1,13,0,8,3,23,3,9,No,8,80,1,Y,25-08-2010,No
EMP1405,47,Male,Single,Finance,Accountant,Other,3,Non-Travel,88705,71,1467,13344,15,0,1,1,4,4,1,3,3,17,5,13,14,5,5,1,Yes,27,80,1,Y,11-04-2006,No
EMP1406,42,Male,Married,Operations,Operations Analyst,Human Resources,5,Travel_Rarely,72894,149,1492,18187,22,1,4,4,4,3,2,1,3,23,3,2,11,32,3,1,No,26,80,1,Y,18-03-2000,Yes
EMP1407,30,Female,Divorced,Sales,Sales Director,Human Resources,2,Travel_Frequently,102640,52,1122,13851,11,3,1,2,3,3,2,2,2,13,11,14,2,1,0,9,Yes,8,80,1,Y,19-02-2010,No
EMP1408,45,Male,Divorced,Human Resources,Recruiter,Life Sciences,1,Non-Travel,29591,104,273,9230,13,3,1,3,3,1,2,4,3,33,1,10,3,15,6,4,No,29,80,1,Y,12-07-1990,No
EMP1409,58,Female,Single,IT,System Admin,Life Sciences,3,Travel_Rarely,112247,62,295,10803,21,1,4,3,4,4,2,3,1,11,16,12,15,37,4,6,Yes,9,80,1,Y,29-10-2012,Yes
EMP1410,38,Male,Single,Research & Development,Lab Technician,Life Sciences,4,Travel_Frequently,15727,49,372,17795,19,3,4,2,3,1,1,2,3,21,5,14,5,8,0,8,Yes,18,80,1,Y,26-02-2002,No
EMP1411,45,Female,Divorced,Marketing,Marketing Executive,Other,2,Travel_Rarely,58822,54,354,24972,13,3,2,4,2,1,1,2,4,5,11,4,1,4,6,8,No,7,80,1,Y,20-03-2018,No
EMP1412,42,Female,Married,IT,Data Engineer,Technical Degree,5,Travel_Rarely,118399,119,1406,3943,21,2,5,4,1,1,4,1,4,21,14,0,8,9,0,5,Yes,10,80,1,Y,27-04-2002,Yes
EMP1413,34,Female,Divorced,Human Resources,HR Manager,Medical,1,Travel_Frequently,127113,133,488,26649,21,0,1,2,3,1,1,2,2,13,16,10,11,29,3,1,No,21,80,1,Y,13-04-2010,No
EMP1414,32,Male,Single,IT,Data Engineer,Other,5,Non-Travel,145431,81,457,16015,20,3,3,3,4,3,3,4,4,15,0,2,11,6,5,5,No,16,80,1,Y,16-02-2008,No
EMP1415,40,Male,Single,Research & Development,R&D Manager,Life Sciences,4,Travel_Rarely,143588,41,373,23021,12,3,3,1,1,1,3,4,4,24,13,4,13,28,1,0,No,3,80,1,Y,28-04-1999,No
EMP1416,32,Male,Married,Operations,Operations Analyst,Human Resources,3,Non-Travel,75091,61,529,10348,14,0,2,3,2,1,2,3,3,31,1,14,16,1,2,1,No,10,80,1,Y,01-05-1992,No
EMP1417,34,Male,Divorced,Human Resources,HR Executive,Other,4,Travel_Frequently,109192,62,1454,13750,15,2,3,4,1,1,2,3,1,32,3,5,8,19,1,2,Yes,8,80,1,Y,09-10-1991,No
EMP1418,22,Female,Married,IT,Software Engineer,Human Resources,5,Travel_Rarely,125805,103,958,7385,17,0,2,3,4,3,2,4,1,19,1,12,11,3,1,4,No,18,80,1,Y,28-02-2004,Yes
EMP1419,40,Female,Married,Marketing,Marketing Executive,Human Resources,5,Travel_Rarely,133089,97,1219,18639,17,3,5,4,1,4,4,2,3,17,13,7,9,27,1,9,Yes,4,80,1,Y,08-09-2006,No
EMP1420,33,Female,Single,Marketing,Marketing Executive,Human Resources,4,Travel_Rarely,104367,44,360,21494,19,1,2,3,4,3,2,2,4,2,17,0,10,7,1,0,No,29,80,1,Y,04-01-2021,Yes
EMP1421,29,Male,Divorced,Sales,Account Manager,Marketing,4,Travel_Rarely,28265,80,385,11243,23,1,4,2,3,3,4,1,3,22,7,14,1,34,0,9,Yes,12,80,1,Y,11-08-2001,No
EMP1422,29,Male,Single,IT,IT Manager,Technical Degree,4,Travel_Rarely,94622,35,342,18273,18,2,4,4,3,3,2,3,4,31,0,2,15,1,3,4,No,21,80,1,Y,01-10-1992,No
EMP1423,33,Male,Divorced,Finance,Finance Analyst,Medical,1,Travel_Frequently,50929,120,1106,7032,23,2,4,1,4,4,3,2,4,15,15,0,0,27,3,4,Yes,5,80,1,Y,04-01-2009,No
EMP1424,54,Female,Single,IT,Software Engineer,Medical,5,Travel_Rarely,76892,98,839,8261,12,3,4,1,3,1,2,2,4,4,6,4,0,10,1,3,No,4,80,1,Y,03-11-2019,No
EMP1425,47,Male,Single,Operations,Operations Manager,Life Sciences,2,Travel_Frequently,71630,98,226,20801,22,2,4,2,2,1,1,3,1,3,5,7,1,35,2,2,No,19,80,1,Y,20-12-2020,No
EMP1426,49,Male,Divorced,Human Resources,HR Director,Marketing,1,Non-Travel,146025,111,1469,20640,18,3,4,3,1,4,2,4,2,20,9,3,11,8,4,6,No,19,80,1,Y,13-05-2003,No
EMP1427,26,Female,Divorced,Human Resources,HR Manager,Other,1,Travel_Frequently,102580,121,401,4634,18,1,4,2,4,4,1,2,1,13,5,12,11,37,1,6,Yes,5,80,1,Y,18-02-2010,No
EMP1428,29,Female,Single,Operations,Logistics Executive,Other,1,Travel_Rarely,92462,64,1244,3891,15,2,4,2,4,2,1,1,4,30,9,10,0,0,1,0,No,15,80,1,Y,09-11-1993,No
EMP1429,46,Male,Divorced,IT,System Admin,Medical,2,Non-Travel,128396,115,869,21848,23,3,4,1,4,1,1,2,3,13,2,8,10,26,2,6,No,12,80,1,Y,20-09-2010,No
EMP1430,48,Female,Single,Operations,Supply Chain Manager,Technical Degree,4,Travel_Frequently,112037,63,1317,12683,13,0,5,1,2,3,1,2,3,5,2,5,1,2,0,2,Yes,26,80,1,Y,21-02-2018,Yes
EMP1431,44,Male,Divorced,Research & Development,Data Analyst,Human Resources,5,Travel_Frequently,110310,92,1231,11967,19,2,4,4,2,3,4,1,4,11,5,5,11,38,1,2,Yes,13,80,1,Y,05-06-2012,No
EMP1432,51,Female,Single,Operations,Operations Manager,Life Sciences,3,Travel_Frequently,63928,97,671,14128,22,3,2,4,2,1,4,4,2,15,16,10,1,8,2,5,No,6,80,1,Y,07-06-2008,No
EMP1433,44,Female,Single,Marketing,Marketing Executive,Technical Degree,3,Travel_Rarely,104876,47,458,9426,17,3,5,4,4,4,2,1,1,16,17,4,16,39,0,5,Yes,29,80,1,Y,13-12-2007,No
EMP1434,41,Female,Single,Operations,Operations Analyst,Medical,5,Travel_Rarely,39976,134,254,3970,11,0,3,2,2,2,2,1,1,22,9,12,5,27,0,3,Yes,17,80,1,Y,20-07-2001,No
EMP1435,39,Male,Married,Human Resources,HR Executive,Marketing,2,Travel_Frequently,139984,144,1110,22337,18,1,1,2,3,3,4,3,4,13,5,9,15,20,5,4,No,27,80,1,Y,09-07-2010,No
EMP1436,39,Male,Divorced,Marketing,Brand Manager,Life Sciences,3,Travel_Frequently,113256,55,1229,24202,20,0,5,4,1,2,2,2,4,6,12,4,5,27,6,2,Yes,20,80,1,Y,22-03-2017,No
EMP1437,23,Male,Single,Human Resources,HR Director,Medical,1,Non-Travel,115537,135,753,8771,23,3,4,1,3,3,2,4,2,31,5,10,6,23,6,2,Yes,10,80,1,Y,17-02-1992,No
EMP1438,25,Female,Married,Sales,Sales Director,Other,3,Travel_Rarely,124331,115,1273,12684,15,0,5,1,3,3,4,2,1,14,11,6,16,17,5,8,Yes,14,80,1,Y,18-09-2009,Yes
EMP1439,51,Female,Single,Finance,CFO,Life Sciences,5,Travel_Rarely,22526,140,311,14857,16,0,1,3,2,1,4,4,2,16,13,7,5,8,5,4,No,15,80,1,Y,31-12-2007,No
EMP1440,54,Female,Married,Human Resources,HR Executive,Medical,1,Non-Travel,118863,126,345,25132,19,3,1,4,4,3,2,1,1,33,16,6,14,25,1,0,Yes,10,80,1,Y,16-02-1990,No
EMP1441,57,Female,Single,Marketing,Marketing Executive,Other,3,Travel_Frequently,88366,90,429,23387,20,1,4,2,3,2,4,3,2,4,7,0,8,23,6,8,No,6,80,1,Y,21-09-2019,No
EMP1442,39,Male,Single,Sales,Sales Executive,Other,5,Travel_Frequently,71096,136,696,19032,24,0,4,3,1,2,3,1,2,26,4,0,1,5,0,9,No,29,80,1,Y,19-01-1997,No
EMP1443,58,Male,Married,Human Resources,HR Executive,Human Resources,2,Non-Travel,86185,107,660,11832,18,0,2,3,2,1,1,2,2,22,3,9,4,11,1,5,Yes,16,80,1,Y,15-08-2001,No
EMP1444,40,Male,Married,Research & Development,Lab Technician,Marketing,5,Travel_Frequently,65248,124,1006,16640,24,2,1,3,3,3,1,3,3,13,5,5,4,35,1,8,No,2,80,1,Y,27-08-2010,No
EMP1445,49,Female,Divorced,Operations,Operations Analyst,Human Resources,2,Travel_Frequently,148023,103,425,14626,21,2,4,4,2,2,3,3,3,14,10,2,11,8,3,6,No,10,80,1,Y,01-12-2009,No
EMP1446,41,Female,Divorced,Finance,Accountant,Medical,1,Non-Travel,94888,144,258,20485,24,3,1,4,1,4,3,2,3,32,4,12,9,9,4,9,No,5,80,1,Y,05-08-1991,No
EMP1447,54,Male,Married,Human Resources,HR Director,Technical Degree,5,Non-Travel,109533,117,1299,15423,24,3,2,4,2,1,2,4,1,30,13,11,3,2,4,9,No,27,80,1,Y,08-08-1993,Yes
EMP1448,33,Female,Divorced,Sales,Account Manager,Human Resources,4,Non-Travel,56954,114,627,18802,13,3,3,1,4,4,2,3,2,34,9,8,11,28,3,6,Yes,9,80,1,Y,25-04-1989,No
EMP1449,36,Male,Married,Research & Development,R&D Manager,Technical Degree,4,Travel_Frequently,104719,77,927,18333,23,2,1,3,3,2,1,4,4,16,10,10,14,6,6,4,No,19,80,1,Y,30-03-2007,No
EMP1450,23,Female,Divorced,IT,Software Engineer,Other,4,Non-Travel,15595,101,1355,4352,15,3,2,1,3,4,2,4,4,27,2,6,9,25,1,6,No,19,80,1,Y,26-07-1996,Yes
EMP1451,50,Female,Single,Sales,Sales Director,Medical,4,Travel_Frequently,44592,125,1131,24159,14,0,2,4,4,1,1,4,1,18,7,1,4,7,2,9,No,9,80,1,Y,02-01-2006,Yes
EMP1452,31,Male,Divorced,Operations,Supply Chain Manager,Marketing,4,Travel_Rarely,55643,60,697,26660,24,0,2,1,1,4,2,3,1,22,4,11,12,12,0,3,Yes,16,80,1,Y,09-11-2001,No
EMP1453,23,Male,Single,Sales,Sales Manager,Technical Degree,2,Travel_Rarely,77665,63,1015,26075,11,1,5,1,1,2,2,1,4,31,9,13,3,34,3,5,Yes,29,80,1,Y,23-01-1992,Yes
EMP1454,32,Female,Single,Research & Development,Research Scientist,Medical,5,Non-Travel,20972,116,1109,3751,15,3,4,2,2,4,1,3,2,12,7,2,8,18,5,1,No,19,80,1,Y,18-07-2011,No
EMP1455,34,Male,Divorced,Sales,Account Manager,Technical Degree,1,Travel_Frequently,30882,118,266,21041,20,0,1,4,3,4,3,1,3,19,8,7,2,21,3,9,No,20,80,1,Y,15-07-2004,No
EMP1456,31,Male,Married,Research & Development,Data Analyst,Human Resources,4,Travel_Frequently,40020,36,429,14167,17,0,5,3,1,4,3,3,1,34,14,12,10,15,3,2,Yes,28,80,1,Y,21-06-1989,No
EMP1457,35,Female,Single,Human Resources,Recruiter,Medical,4,Travel_Frequently,117621,112,1182,24507,11,1,1,4,4,3,2,1,1,4,0,13,3,14,6,1,Yes,25,80,1,Y,17-03-2019,No
EMP1458,39,Female,Single,Research & Development,R&D Manager,Human Resources,1,Non-Travel,100374,36,532,7524,14,0,5,1,4,2,3,1,1,8,4,14,8,1,6,9,Yes,4,80,1,Y,22-02-2015,No
EMP1459,30,Female,Divorced,Research & Development,Data Analyst,Life Sciences,1,Travel_Frequently,59912,76,476,20735,16,1,4,4,4,4,2,3,4,28,14,0,11,37,3,1,No,5,80,1,Y,25-12-1995,No
EMP1460,49,Male,Married,Finance,CFO,Medical,4,Travel_Frequently,27879,37,920,26455,21,1,2,4,1,2,4,4,3,5,3,14,9,20,4,6,Yes,18,80,1,Y,05-10-2018,Yes
EMP1461,24,Female,Married,Research & Development,Data Analyst,Technical Degree,2,Travel_Frequently,48798,107,343,17183,22,2,1,2,4,4,4,4,2,24,9,4,9,29,1,4,Yes,8,80,1,Y,30-09-1999,No
EMP1462,41,Female,Divorced,Research & Development,Lab Technician,Life Sciences,1,Travel_Rarely,122791,30,1474,19673,19,0,2,2,3,1,4,1,2,30,1,9,8,6,3,5,No,13,80,1,Y,23-07-1993,No
EMP1463,27,Female,Married,IT,Software Engineer,Human Resources,5,Travel_Frequently,90791,106,890,13315,21,2,4,4,1,1,3,2,4,21,4,0,9,30,3,2,No,9,80,1,Y,17-07-2002,No
EMP1464,48,Female,Divorced,Human Resources,HR Manager,Human Resources,5,Travel_Rarely,81983,32,1303,4702,18,0,1,2,1,1,3,2,1,1,17,11,8,34,3,9,Yes,10,80,1,Y,22-01-2022,No
EMP1465,23,Female,Divorced,Operations,Operations Manager,Technical Degree,2,Travel_Frequently,148922,82,256,10835,12,2,3,1,3,4,1,3,4,4,5,8,0,3,2,4,No,4,80,1,Y,02-05-2019,Yes
EMP1466,50,Male,Divorced,Finance,Finance Manager,Life Sciences,3,Travel_Frequently,26953,121,507,21289,21,1,3,1,4,2,3,3,4,26,9,6,15,33,2,4,No,19,80,1,Y,10-05-1997,No
EMP1467,59,Female,Single,IT,Software Engineer,Other,2,Travel_Frequently,121410,67,373,16542,13,1,3,1,1,1,2,3,2,24,14,4,13,0,0,3,No,4,80,1,Y,20-12-1999,No
EMP1468,24,Female,Single,Marketing,Content Writer,Marketing,4,Travel_Rarely,140155,80,949,14259,20,1,4,2,3,3,1,2,3,7,8,5,12,9,1,9,Yes,29,80,1,Y,07-02-2016,No
EMP1469,37,Male,Single,Human Resources,Recruiter,Technical Degree,3,Travel_Frequently,96029,44,1203,23053,23,1,3,4,3,1,3,4,2,0,12,10,5,29,3,3,No,13,80,1,Y,24-10-2023,No
EMP1470,51,Female,Divorced,Human Resources,Recruiter,Human Resources,4,Non-Travel,19055,129,877,4922,15,0,1,1,2,1,1,3,4,19,17,14,13,31,0,7,No,23,80,1,Y,04-05-2004,No
EMP1471,23,Female,Single,Marketing,Marketing Manager,Medical,5,Travel_Frequently,53170,146,759,8654,21,3,3,3,4,3,3,3,4,22,6,2,7,2,6,5,No,17,80,1,Y,19-10-2001,No
EMP1472,38,Male,Single,Operations,Logistics Executive,Life Sciences,1,Travel_Rarely,114976,96,548,4021,17,0,1,1,4,1,2,4,1,31,1,2,0,9,5,1,No,27,80,1,Y,22-02-1992,No
EMP1473,33,Female,Single,Research & Development,R&D Manager,Other,4,Travel_Rarely,43251,93,1290,15955,13,2,4,4,3,4,4,1,1,10,15,6,11,8,0,1,No,11,80,1,Y,13-05-2013,No
EMP1474,56,Male,Divorced,IT,Software Engineer,Marketing,5,Non-Travel,63037,97,529,22008,22,0,2,1,1,4,4,3,4,23,1,6,10,16,5,1,No,2,80,1,Y,07-04-2000,No
EMP1475,22,Female,Divorced,Sales,Sales Manager,Medical,2,Non-Travel,107115,34,393,24728,17,0,5,3,2,1,2,2,2,10,3,6,12,2,5,5,No,26,80,1,Y,16-07-2013,No
EMP1476,36,Male,Divorced,Finance,CFO,Life Sciences,4,Non-Travel,92926,143,1378,26162,15,2,3,1,2,2,1,2,1,28,1,1,3,26,1,0,No,5,80,1,Y,17-05-1995,No
EMP1477,47,Male,Single,Sales,Account Manager,Other,5,Travel_Rarely,85400,119,1383,17716,20,1,5,1,1,2,4,3,3,25,16,1,5,34,2,2,No,25,80,1,Y,10-06-1998,No
EMP1478,58,Female,Married,Marketing,Marketing Executive,Technical Degree,1,Travel_Frequently,114525,118,465,13310,16,2,2,4,2,1,3,2,3,15,5,10,12,3,1,0,Yes,13,80,1,Y,07-12-2008,Yes
EMP1479,42,Male,Single,Human Resources,Recruiter,Other,4,Travel_Frequently,116164,39,367,18520,16,2,4,1,1,3,3,4,4,34,9,11,12,3,0,3,No,22,80,1,Y,18-04-1989,No
EMP1480,52,Male,Single,Operations,Logistics Executive,Technical Degree,5,Non-Travel,121732,37,344,6225,21,3,4,1,2,4,1,1,3,19,13,4,5,31,5,0,No,3,80,1,Y,05-08-2004,No
EMP1481,46,Female,Divorced,Human Resources,HR Executive,Life Sciences,4,Non-Travel,30385,41,385,11209,21,3,2,2,1,4,1,1,3,2,14,3,3,37,1,8,No,19,80,1,Y,18-03-2021,No
EMP1482,44,Female,Divorced,Finance,Finance Analyst,Other,1,Travel_Frequently,24336,93,1085,13892,24,1,5,4,3,4,2,3,1,0,11,14,2,10,2,5,No,29,80,1,Y,19-01-2023,Yes
EMP1483,45,Male,Single,Human Resources,HR Director,Marketing,4,Non-Travel,80421,147,1064,17723,22,2,3,4,3,1,4,3,1,0,10,6,14,38,0,7,No,23,80,1,Y,24-07-2023,Yes
EMP1484,59,Female,Single,Human Resources,HR Director,Other,4,Travel_Frequently,51021,88,973,14719,14,2,1,4,2,4,1,1,2,16,0,2,10,5,1,1,No,19,80,1,Y,27-03-2007,No
EMP1485,49,Male,Married,Finance,Finance Analyst,Life Sciences,5,Travel_Frequently,149854,96,1206,5140,22,2,4,4,2,1,4,1,1,1,7,4,1,34,6,5,Yes,16,80,1,Y,02-04-2022,No
EMP1486,42,Male,Married,IT,IT Manager,Medical,3,Travel_Frequently,132369,120,985,13721,18,0,2,1,3,1,4,3,2,28,5,1,16,31,6,3,No,16,80,1,Y,30-12-1995,No
EMP1487,39,Female,Divorced,IT,System Admin,Medical,4,Travel_Frequently,64111,79,656,4587,19,3,5,3,4,2,3,2,1,19,11,0,1,22,3,6,No,26,80,1,Y,21-09-2004,No
EMP1488,57,Female,Married,Finance,Finance Analyst,Other,3,Travel_Rarely,104402,52,544,12574,12,3,3,3,1,3,1,3,4,5,15,8,0,36,3,7,Yes,3,80,1,Y,13-03-2018,No
EMP1489,56,Male,Married,Operations,Logistics Executive,Other,2,Travel_Frequently,134774,69,934,8669,19,1,5,2,4,3,2,4,2,7,17,12,4,25,1,5,Yes,26,80,1,Y,18-01-2016,No
EMP1490,30,Female,Divorced,Marketing,Marketing Manager,Technical Degree,4,Non-Travel,57719,126,753,20989,21,3,3,1,2,3,1,3,4,28,11,3,16,33,1,0,Yes,28,80,1,Y,23-07-1995,Yes
EMP1491,59,Female,Married,Human Resources,Recruiter,Life Sciences,3,Non-Travel,140695,107,1220,7004,22,3,1,4,3,4,4,3,2,32,1,7,0,37,5,7,No,23,80,1,Y,12-07-1991,No
EMP1492,51,Male,Single,Operations,Supply Chain Manager,Technical Degree,2,Non-Travel,149585,147,987,16301,14,1,1,4,2,2,3,3,3,2,6,12,6,10,6,0,No,25,80,1,Y,29-11-2021,No
EMP1493,55,Male,Married,Human Resources,Recruiter,Marketing,5,Non-Travel,119126,116,1135,10400,16,2,2,3,4,2,1,3,2,34,8,11,2,20,5,8,No,9,80,1,Y,25-10-1989,No
EMP1494,53,Male,Divorced,Marketing,Marketing Manager,Medical,4,Travel_Rarely,92658,124,904,9504,24,0,2,2,3,1,1,3,2,4,17,6,15,23,2,1,No,19,80,1,Y,12-08-2019,No
EMP1495,24,Male,Single,IT,Software Engineer,Human Resources,5,Travel_Frequently,46007,106,1327,5810,17,1,3,1,3,2,1,3,2,26,8,13,15,14,0,9,No,24,80,1,Y,23-12-1997,No
EMP1496,24,Male,Married,Operations,Operations Manager,Human Resources,2,Travel_Frequently,121833,105,446,8080,14,3,3,2,3,1,2,2,2,11,7,11,11,2,1,5,No,1,80,1,Y,14-07-2012,No
EMP1497,49,Male,Single,Research & Development,Lab Technician,Life Sciences,5,Non-Travel,133637,128,1011,9408,18,1,3,1,1,2,2,3,2,19,0,0,8,1,0,7,Yes,14,80,1,Y,27-06-2004,Yes
EMP1498,36,Female,Single,Research & Development,Data Analyst,Life Sciences,5,Non-Travel,135721,47,1246,6153,23,3,3,2,2,1,2,1,3,19,4,9,13,6,3,4,No,28,80,1,Y,20-02-2004,No
EMP1499,44,Male,Married,Research & Development,Data Analyst,Human Resources,1,Non-Travel,108220,50,1152,13055,24,2,1,2,4,4,2,3,2,8,15,10,11,4,0,1,No,24,80,1,Y,05-04-2015,No
EMP1500,32,Female,Married,IT,IT Manager,Life Sciences,2,Travel_Frequently,41393,138,1014,21760,20,2,2,4,1,2,3,2,4,3,13,6,15,39,4,4,Yes,11,80,1,Y,09-10-2020,No
EMP1501,53,Female,Divorced,IT,Software Engineer,Medical,5,Travel_Rarely,72480,140,343,19752,18,2,2,3,4,3,3,4,2,18,12,1,16,28,6,0,No,18,80,1,Y,19-03-2005,No
EMP1502,57,Male,Divorced,Marketing,Content Writer,Marketing,3,Travel_Rarely,132243,135,929,26193,11,3,4,4,1,1,2,1,2,26,10,2,11,31,2,7,Yes,20,80,1,Y,03-03-1997,No
EMP1503,54,Female,Single,Human Resources,HR Director,Marketing,2,Travel_Rarely,103290,30,1062,5800,18,1,2,3,3,2,4,3,4,12,12,13,3,29,6,7,Yes,7,80,1,Y,19-06-2011,Yes
EMP1504,45,Male,Divorced,Marketing,Marketing Manager,Technical Degree,1,Travel_Rarely,119263,67,1416,3037,20,3,2,2,1,2,2,3,1,12,14,0,16,7,2,1,Yes,6,80,1,Y,01-10-2011,No
EMP1505,55,Female,Single,Marketing,Brand Manager,Medical,4,Non-Travel,20993,70,664,2992,24,2,5,1,2,1,2,1,1,21,15,6,0,31,0,5,Yes,12,80,1,Y,08-03-2002,No
EMP1506,49,Male,Single,IT,System Admin,Life Sciences,5,Travel_Frequently,108650,71,574,25696,22,2,5,4,2,2,4,3,3,27,12,2,16,1,2,7,No,25,80,1,Y,09-11-1996,Yes
EMP1507,58,Male,Divorced,Research & Development,Research Scientist,Life Sciences,3,Non-Travel,132595,140,876,6510,13,2,4,1,4,3,1,2,2,21,7,5,10,9,0,9,No,24,80,1,Y,02-08-2002,Yes
EMP1508,28,Male,Divorced,Sales,Sales Manager,Technical Degree,1,Travel_Rarely,67066,38,891,2393,15,3,3,4,3,1,4,3,2,18,17,14,1,36,0,7,No,2,80,1,Y,09-01-2005,No
EMP1509,25,Male,Divorced,Human Resources,Recruiter,Technical Degree,2,Non-Travel,126850,52,828,10005,24,0,4,4,3,1,4,4,1,7,14,11,8,2,3,6,No,13,80,1,Y,25-07-2016,No
EMP1510,58,Female,Married,IT,Data Engineer,Life Sciences,5,Travel_Rarely,57942,107,1489,22070,20,2,4,4,4,1,3,2,2,7,9,12,8,22,6,2,No,20,80,1,Y,05-01-2016,No
EMP1511,22,Female,Single,Research & Development,Lab Technician,Life Sciences,1,Travel_Frequently,31138,40,755,18741,18,1,1,1,2,1,1,3,3,25,3,6,11,33,0,3,No,1,80,1,Y,22-12-1998,No
EMP1512,22,Female,Single,Operations,Operations Manager,Medical,1,Travel_Rarely,133558,100,1062,22388,21,2,2,4,2,1,4,4,4,25,5,14,12,17,2,0,Yes,23,80,1,Y,21-08-1998,No
EMP1513,41,Female,Single,Sales,Account Manager,Technical Degree,3,Non-Travel,24190,60,273,19565,16,3,1,4,4,3,2,1,2,22,7,2,15,32,4,8,Yes,15,80,1,Y,09-06-2001,No
EMP1514,40,Female,Divorced,Sales,Account Manager,Medical,4,Travel_Frequently,107259,117,637,8817,14,1,2,4,3,1,4,2,4,12,6,1,12,32,1,9,Yes,20,80,1,Y,21-11-2011,No
EMP1515,50,Male,Divorced,IT,Data Engineer,Other,4,Travel_Rarely,93422,55,1080,4065,14,3,4,1,4,3,3,3,3,27,11,8,13,16,2,9,Yes,8,80,1,Y,28-04-1996,No
EMP1516,31,Male,Divorced,Finance,Finance Analyst,Life Sciences,4,Travel_Rarely,97315,59,425,25255,22,0,2,4,4,3,4,3,1,8,17,8,6,5,4,1,Yes,18,80,1,Y,04-09-2015,No
EMP1517,39,Male,Divorced,Human Resources,Recruiter,Human Resources,2,Travel_Frequently,44086,63,507,14094,14,0,3,1,1,3,2,1,3,19,17,14,1,12,2,9,No,15,80,1,Y,29-06-2004,No
EMP1518,49,Male,Divorced,Sales,Account Manager,Human Resources,1,Non-Travel,140604,75,1165,15879,16,3,3,3,4,1,1,1,3,18,3,6,11,20,4,6,No,8,80,1,Y,19-05-2005,No
EMP1519,56,Male,Married,IT,System Admin,Other,2,Travel_Frequently,115814,131,547,13610,17,2,4,4,2,3,3,2,3,11,0,13,16,30,2,7,Yes,2,80,1,Y,02-08-2012,No
EMP1520,52,Female,Divorced,IT,Software Engineer,Life Sciences,1,Non-Travel,134324,98,675,21513,23,1,5,2,4,1,1,2,3,14,4,4,4,20,1,3,Yes,11,80,1,Y,16-09-2009,No
EMP1521,48,Male,Single,Research & Development,Data Analyst,Technical Degree,3,Travel_Rarely,143921,34,724,2154,15,2,3,3,3,3,3,2,4,30,6,3,9,32,3,9,No,8,80,1,Y,15-04-1993,No
EMP1522,32,Male,Divorced,Operations,Operations Manager,Human Resources,3,Travel_Rarely,18435,90,723,11746,20,3,4,1,3,1,2,3,3,13,10,14,2,27,3,0,No,29,80,1,Y,03-08-2010,Yes
EMP1523,59,Female,Single,Finance,Finance Analyst,Technical Degree,2,Travel_Frequently,116505,112,761,10678,24,3,1,2,2,2,3,3,3,10,10,3,12,5,1,4,No,13,80,1,Y,06-10-2013,No
EMP1524,26,Female,Divorced,Human Resources,Recruiter,Human Resources,2,Travel_Rarely,68331,144,1472,8294,18,2,5,1,3,2,1,2,3,25,9,0,12,7,2,9,No,1,80,1,Y,11-11-1998,No
EMP1525,29,Male,Divorced,Marketing,Content Writer,Technical Degree,3,Travel_Frequently,128457,67,768,11574,17,1,3,1,4,3,1,3,3,26,6,3,9,12,6,9,No,29,80,1,Y,30-06-1997,No
EMP1526,55,Male,Single,Operations,Operations Manager,Human Resources,5,Travel_Rarely,67389,57,1405,4415,18,1,4,4,2,4,4,1,4,10,15,14,1,33,4,5,Yes,18,80,1,Y,15-12-2013,No
EMP1527,33,Female,Single,Operations,Operations Manager,Technical Degree,4,Travel_Rarely,68014,55,305,17979,14,1,4,2,3,4,1,4,3,33,0,6,15,39,0,6,Yes,5,80,1,Y,28-09-1990,No
EMP1528,59,Male,Single,Research & Development,Research Scientist,Other,4,Non-Travel,45297,90,390,3070,18,1,1,1,4,2,4,3,1,18,0,13,3,21,2,0,Yes,1,80,1,Y,19-11-2005,No
EMP1529,22,Male,Single,Sales,Sales Director,Medical,3,Travel_Frequently,58890,135,1360,20638,23,1,1,3,3,3,1,2,3,5,11,4,4,0,1,3,No,12,80,1,Y,20-05-2018,No
EMP1530,52,Male,Married,Sales,Sales Manager,Technical Degree,4,Travel_Frequently,36322,52,899,26426,16,0,5,4,1,3,4,3,3,27,15,8,6,12,5,4,Yes,5,80,1,Y,23-04-1996,No
EMP1531,25,Female,Single,Research & Development,Data Analyst,Medical,5,Travel_Rarely,50739,75,1343,16785,13,0,3,3,3,3,2,1,2,0,4,3,8,0,3,4,Yes,21,80,1,Y,20-12-2023,Yes
EMP1532,26,Male,Divorced,IT,System Admin,Medical,5,Non-Travel,94553,142,1030,18306,23,3,4,3,2,4,4,2,2,34,13,10,4,9,3,6,Yes,16,80,1,Y,07-05-1989,No
EMP1533,51,Male,Divorced,Sales,Sales Director,Life Sciences,1,Non-Travel,23314,59,271,12067,18,0,5,4,4,2,1,4,2,7,17,2,7,4,2,3,No,23,80,1,Y,21-04-2016,No
EMP1534,45,Female,Married,Finance,Finance Analyst,Other,2,Travel_Frequently,108831,96,954,9807,23,1,5,1,4,3,2,2,3,6,8,5,1,19,4,9,No,18,80,1,Y,16-10-2017,Yes
EMP1535,24,Female,Single,Human Resources,HR Manager,Medical,4,Travel_Frequently,90164,121,1354,25224,17,1,1,3,2,2,3,2,1,10,1,3,6,12,6,6,No,2,80,1,Y,28-09-2013,No
EMP1536,32,Female,Divorced,Operations,Logistics Executive,Marketing,5,Travel_Rarely,122658,62,656,25097,20,1,4,1,1,2,1,2,1,3,11,10,3,36,6,7,No,15,80,1,Y,11-07-2020,No
EMP1537,25,Male,Married,Operations,Supply Chain Manager,Medical,2,Travel_Frequently,92028,135,1104,20574,15,3,2,1,4,1,4,3,2,24,9,12,14,9,1,1,Yes,28,80,1,Y,05-05-1999,No
EMP1538,47,Female,Divorced,Finance,CFO,Technical Degree,2,Travel_Rarely,51113,32,678,25648,21,3,1,4,2,4,3,4,2,11,1,1,1,2,1,0,Yes,22,80,1,Y,10-04-2012,No
EMP1539,48,Male,Married,Sales,Sales Director,Medical,1,Non-Travel,132174,98,251,26766,14,2,4,3,3,2,4,1,3,25,14,4,13,33,4,9,No,11,80,1,Y,02-08-1998,Yes
EMP1540,48,Female,Married,Operations,Logistics Executive,Technical Degree,2,Travel_Frequently,35365,112,1203,26715,11,0,5,3,1,1,3,3,1,11,3,13,9,33,4,9,No,29,80,1,Y,20-07-2012,No
EMP1541,27,Male,Single,Marketing,Marketing Executive,Technical Degree,2,Non-Travel,54029,71,773,9398,20,0,5,4,2,4,2,4,1,23,3,12,4,29,6,0,No,10,80,1,Y,25-10-2000,No
EMP1542,36,Female,Married,Human Resources,HR Executive,Marketing,3,Non-Travel,16737,91,1342,14202,13,2,3,1,3,3,1,4,2,15,8,3,11,36,2,0,Yes,3,80,1,Y,15-11-2008,No
EMP1543,51,Male,Divorced,Human Resources,HR Manager,Medical,1,Travel_Rarely,146042,87,1487,4972,12,2,2,1,4,3,2,3,1,12,12,14,9,3,6,8,No,13,80,1,Y,15-04-2011,No
EMP1544,58,Male,Divorced,Operations,Operations Manager,Medical,1,Non-Travel,100474,86,1462,19898,18,0,1,4,4,1,1,2,2,24,9,4,5,33,2,3,Yes,13,80,1,Y,26-01-1999,Yes
EMP1545,58,Female,Single,Research & Development,R&D Manager,Human Resources,4,Travel_Rarely,93218,141,1092,13312,24,1,3,1,1,3,3,4,2,3,13,11,11,31,5,8,No,24,80,1,Y,26-10-2020,No
EMP1546,58,Female,Single,Operations,Supply Chain Manager,Human Resources,2,Travel_Rarely,143692,30,454,22354,18,0,3,1,3,1,2,1,4,10,2,8,0,20,3,6,No,3,80,1,Y,20-09-2013,No
EMP1547,56,Male,Married,Research & Development,R&D Manager,Life Sciences,4,Non-Travel,143411,131,884,23103,22,1,2,3,2,1,1,3,4,31,2,3,6,23,3,6,No,10,80,1,Y,21-12-1992,No
EMP1548,44,Female,Single,Operations,Supply Chain Manager,Technical Degree,5,Non-Travel,15294,102,256,15627,15,3,1,1,4,3,3,4,3,6,15,5,11,8,4,1,Yes,4,80,1,Y,12-05-2017,No
EMP1549,27,Male,Divorced,Marketing,Marketing Executive,Marketing,2,Travel_Rarely,39596,89,1149,3345,24,0,1,1,2,4,2,1,2,10,8,3,6,23,0,1,No,14,80,1,Y,19-06-2013,No
EMP1550,25,Female,Divorced,IT,Software Engineer,Human Resources,5,Travel_Rarely,113185,98,1290,20301,15,0,5,1,2,1,2,1,3,27,13,0,8,24,0,4,Yes,29,80,1,Y,15-04-1996,No
EMP1551,39,Female,Single,Human Resources,HR Manager,Medical,3,Non-Travel,26434,88,1269,9641,21,3,1,1,2,4,2,1,4,22,15,14,14,35,0,9,Yes,23,80,1,Y,08-11-2001,No
EMP1552,30,Male,Single,Operations,Logistics Executive,Life Sciences,2,Travel_Rarely,73382,75,805,17099,14,3,3,4,1,4,2,1,1,22,8,1,11,7,1,0,No,17,80,1,Y,04-01-2002,No
EMP1553,50,Female,Single,Marketing,Marketing Manager,Marketing,4,Travel_Rarely,53098,135,568,15385,11,3,5,4,2,1,4,3,4,27,4,5,12,28,2,6,Yes,1,80,1,Y,01-08-1996,Yes
EMP1554,34,Female,Married,Research & Development,Data Analyst,Other,4,Travel_Frequently,19655,63,431,10644,11,3,1,4,1,4,3,1,4,25,12,7,3,24,4,6,No,25,80,1,Y,16-12-1998,Yes
EMP1555,38,Male,Married,Research & Development,Research Scientist,Medical,2,Travel_Frequently,98029,130,1107,3611,23,3,2,1,1,1,4,3,4,24,14,8,9,34,3,7,No,15,80,1,Y,21-01-1999,Yes
EMP1556,53,Male,Divorced,Human Resources,HR Director,Medical,4,Travel_Frequently,61228,126,1246,20462,16,2,3,4,3,3,3,1,1,28,3,3,2,37,0,6,No,28,80,1,Y,10-03-1995,No
EMP1557,43,Female,Married,Finance,Finance Manager,Other,2,Travel_Frequently,18771,54,773,12773,14,2,4,2,4,3,3,1,4,18,13,5,4,27,3,7,No,22,80,1,Y,22-11-2005,Yes
EMP1558,25,Male,Married,Operations,Operations Analyst,Technical Degree,1,Travel_Frequently,89099,71,1490,20448,14,3,2,2,2,3,3,3,2,32,6,2,3,18,2,2,Yes,21,80,1,Y,23-07-1991,No
EMP1559,26,Female,Married,Sales,Sales Executive,Technical Degree,4,Travel_Rarely,135811,58,1040,25763,13,3,2,2,3,3,1,2,2,13,3,11,14,31,5,2,Yes,2,80,1,Y,10-05-2010,No
EMP1560,58,Female,Married,Research & Development,Data Analyst,Human Resources,2,Travel_Rarely,77257,54,317,7779,24,3,1,3,3,3,3,4,4,13,16,8,6,36,5,7,No,18,80,1,Y,12-12-2010,No
EMP1561,34,Male,Divorced,IT,IT Manager,Human Resources,2,Travel_Frequently,32558,83,1278,11450,19,3,5,1,3,4,2,4,3,34,8,7,2,27,4,8,No,7,80,1,Y,18-11-1989,No
EMP1562,55,Male,Single,IT,Data Engineer,Medical,4,Non-Travel,73436,102,1376,9150,13,1,5,3,3,4,4,3,3,29,3,11,15,34,0,9,Yes,22,80,1,Y,17-04-1994,No
EMP1563,43,Male,Divorced,Research & Development,Lab Technician,Medical,1,Travel_Frequently,122779,96,1462,18737,18,1,3,4,3,4,2,1,1,27,2,14,14,7,0,3,Yes,28,80,1,Y,05-02-1996,Yes
EMP1564,44,Male,Married,Finance,Accountant,Human Resources,4,Non-Travel,139891,44,1488,14592,12,3,1,1,2,2,2,3,1,16,8,0,2,22,5,7,Yes,13,80,1,Y,30-07-2007,No
EMP1565,24,Male,Single,Finance,Finance Analyst,Other,2,Travel_Rarely,47376,33,467,24102,14,3,5,2,3,2,4,1,2,2,7,12,13,39,4,0,Yes,24,80,1,Y,21-12-2021,No
EMP1566,55,Male,Single,Marketing,Content Writer,Human Resources,1,Non-Travel,92924,138,312,15861,11,0,4,1,4,1,2,3,2,15,6,1,0,22,3,1,No,3,80,1,Y,15-03-2008,No
EMP1567,53,Female,Single,IT,Software Engineer,Medical,5,Travel_Rarely,44332,67,365,22020,21,3,1,3,1,2,1,4,4,29,6,9,6,31,2,9,Yes,3,80,1,Y,02-08-1994,No
EMP1568,42,Female,Divorced,Marketing,Marketing Executive,Marketing,3,Non-Travel,146001,49,867,11755,15,3,1,4,1,3,2,3,3,28,3,13,1,9,5,9,Yes,13,80,1,Y,15-02-1995,No
EMP1569,42,Male,Single,IT,Data Engineer,Medical,4,Travel_Rarely,61737,142,1231,24428,12,2,5,4,4,3,2,4,2,14,11,8,9,16,5,9,No,21,80,1,Y,19-09-2009,No
EMP1570,32,Female,Divorced,Operations,Logistics Executive,Marketing,2,Travel_Rarely,145912,52,913,2711,21,1,2,3,2,3,4,4,3,24,5,9,15,34,2,8,No,26,80,1,Y,27-07-1999,Yes
EMP1571,25,Female,Divorced,Operations,Operations Analyst,Marketing,1,Travel_Frequently,104031,66,1440,15706,23,3,1,1,1,1,2,4,1,22,11,2,11,34,2,1,Yes,4,80,1,Y,26-09-2001,No
EMP1572,22,Female,Married,Sales,Account Manager,Medical,1,Travel_Rarely,35991,91,630,12924,11,1,2,3,4,1,4,3,1,24,3,13,5,2,5,1,No,16,80,1,Y,01-10-1999,No
EMP1573,49,Female,Married,Operations,Operations Manager,Life Sciences,5,Travel_Frequently,42472,140,1092,15073,11,1,3,4,4,1,3,2,4,6,1,2,16,35,3,7,Yes,28,80,1,Y,09-08-2017,No
EMP1574,45,Male,Single,Sales,Sales Executive,Human Resources,4,Travel_Frequently,74946,37,1273,17921,12,0,3,2,3,1,3,3,4,21,14,9,7,28,3,4,No,8,80,1,Y,18-08-2002,No
EMP1575,56,Female,Single,Operations,Logistics Executive,Technical Degree,1,Travel_Frequently,16541,66,306,22656,15,1,5,4,1,4,1,3,2,16,5,8,8,26,0,4,Yes,22,80,1,Y,08-04-2007,No
EMP1576,34,Female,Married,Human Resources,Recruiter,Medical,5,Non-Travel,144237,149,1232,19813,22,1,3,4,3,1,4,2,3,17,17,13,1,30,3,5,No,8,80,1,Y,26-07-2006,No
EMP1577,55,Male,Divorced,Operations,Operations Analyst,Marketing,2,Non-Travel,17765,74,944,8444,19,3,5,1,2,1,4,2,2,9,4,2,6,33,1,7,Yes,16,80,1,Y,23-05-2014,No
EMP1578,32,Male,Divorced,Marketing,Marketing Manager,Medical,5,Travel_Rarely,58074,126,899,12684,16,2,5,2,1,2,4,4,2,9,3,14,10,11,4,7,No,23,80,1,Y,25-01-2014,No
EMP1579,57,Male,Married,Research & Development,Lab Technician,Human Resources,4,Travel_Frequently,117795,62,522,5420,22,3,2,4,1,4,1,1,3,6,10,9,12,36,3,8,Yes,2,80,1,Y,03-11-2017,No
EMP1580,38,Male,Divorced,Marketing,Marketing Executive,Other,5,Travel_Frequently,116387,36,508,4068,14,3,2,2,4,3,1,1,2,26,10,11,9,24,2,9,No,9,80,1,Y,21-08-1997,No
EMP1581,56,Female,Married,Research & Development,Data Analyst,Marketing,1,Travel_Rarely,146841,51,1049,9159,13,2,3,3,1,2,2,4,4,32,8,10,14,1,3,2,No,27,80,1,Y,25-10-1991,No
EMP1582,39,Male,Married,Finance,Accountant,Technical Degree,1,Travel_Frequently,17972,34,821,6806,18,2,2,1,2,1,4,3,3,0,2,4,6,29,0,8,No,13,80,1,Y,13-10-2023,No
EMP1583,43,Female,Single,Marketing,Content Writer,Technical Degree,3,Travel_Rarely,118903,139,1194,8844,13,0,1,2,2,3,1,1,3,33,10,5,5,8,6,2,No,22,80,1,Y,22-08-1990,Yes
EMP1584,45,Female,Single,Finance,CFO,Technical Degree,5,Travel_Frequently,118579,44,344,13683,11,2,4,2,1,3,3,3,2,3,1,2,11,22,4,0,No,27,80,1,Y,04-11-2020,Yes
EMP1585,40,Male,Married,Sales,Sales Manager,Other,2,Non-Travel,54339,50,939,26727,14,3,1,1,4,3,3,2,3,16,8,13,2,8,4,4,Yes,27,80,1,Y,29-12-2007,No
EMP1586,58,Male,Single,Sales,Sales Director,Life Sciences,4,Travel_Rarely,118376,118,1020,21615,21,2,1,3,2,2,4,2,4,3,9,9,15,19,2,6,No,22,80,1,Y,18-02-2020,No
EMP1587,42,Male,Married,Human Resources,Recruiter,Marketing,3,Travel_Rarely,57399,46,611,4906,23,2,5,2,3,4,3,4,4,25,10,7,8,0,4,2,No,12,80,1,Y,27-03-1998,No
EMP1588,29,Male,Divorced,Operations,Supply Chain Manager,Other,5,Non-Travel,59013,85,313,21935,15,2,4,1,2,4,2,3,1,3,2,1,9,38,1,8,Yes,2,80,1,Y,13-04-2020,No
EMP1589,49,Male,Divorced,Marketing,Brand Manager,Marketing,2,Travel_Rarely,42909,79,774,22575,15,1,5,4,1,3,2,4,1,0,16,5,12,22,4,0,Yes,9,80,1,Y,10-11-2023,No
EMP1590,26,Male,Divorced,Finance,CFO,Other,3,Non-Travel,147385,36,598,21807,15,0,2,1,3,1,4,1,1,6,10,1,7,17,5,5,No,1,80,1,Y,19-09-2017,No
EMP1591,38,Female,Divorced,Research & Development,Lab Technician,Other,1,Travel_Frequently,18285,147,1498,22441,18,1,2,4,1,4,1,1,1,29,16,8,5,31,2,5,No,6,80,1,Y,06-04-1994,No
EMP1592,58,Female,Married,Sales,Sales Manager,Life Sciences,4,Non-Travel,138637,79,323,23578,18,1,4,2,1,4,1,1,2,8,3,5,2,8,4,7,No,24,80,1,Y,08-07-2015,No
EMP1593,57,Female,Divorced,Operations,Logistics Executive,Marketing,5,Non-Travel,50863,89,285,13117,22,0,3,2,1,1,1,3,1,34,1,8,11,10,3,2,Yes,2,80,1,Y,03-04-1989,No
EMP1594,40,Female,Divorced,Sales,Sales Director,Other,2,Travel_Rarely,146627,112,246,5665,23,1,2,2,4,2,1,4,1,7,13,13,8,0,0,4,No,3,80,1,Y,23-07-2016,No
EMP1595,48,Male,Divorced,Research & Development,R&D Manager,Life Sciences,1,Travel_Frequently,36323,145,1143,23119,14,2,1,3,4,2,4,4,1,23,14,3,8,10,5,9,Yes,26,80,1,Y,21-08-2000,No
EMP1596,55,Male,Divorced,Operations,Operations Analyst,Medical,3,Non-Travel,85968,36,1424,13622,19,0,4,3,2,1,2,1,1,18,2,11,10,32,5,4,Yes,15,80,1,Y,25-10-2005,Yes
EMP1597,32,Female,Married,Operations,Operations Analyst,Human Resources,4,Travel_Frequently,68915,69,1499,11348,11,1,4,4,1,2,4,4,2,26,12,2,5,29,3,7,Yes,26,80,1,Y,12-01-1997,No
EMP1598,33,Female,Divorced,Finance,Finance Manager,Other,3,Non-Travel,124543,74,1353,17498,15,3,2,1,3,3,4,2,1,31,12,1,1,4,6,6,No,7,80,1,Y,16-08-1992,No
EMP1599,42,Female,Single,Finance,Accountant,Technical Degree,3,Travel_Rarely,123500,88,1003,24773,15,1,2,4,3,4,3,2,3,13,17,7,6,0,5,2,No,13,80,1,Y,17-03-2010,No
EMP1600,32,Male,Single,Marketing,Brand Manager,Life Sciences,2,Non-Travel,126266,143,588,9882,15,3,5,1,3,2,2,2,4,17,6,3,8,9,1,6,No,16,80,1,Y,02-09-2006,No
EMP1601,49,Male,Single,Marketing,Marketing Manager,Life Sciences,1,Non-Travel,41739,117,775,7289,18,2,5,2,4,3,1,2,3,27,15,1,11,12,1,9,No,13,80,1,Y,12-10-1996,No
EMP1602,26,Male,Single,IT,IT Manager,Other,5,Travel_Frequently,143041,104,1486,15910,19,3,1,1,4,3,2,4,2,28,15,10,10,26,0,7,Yes,27,80,1,Y,03-12-1995,Yes
EMP1603,38,Female,Single,IT,System Admin,Life Sciences,2,Non-Travel,68019,134,831,9798,13,1,4,3,1,3,3,2,2,15,5,8,9,7,0,4,No,12,80,1,Y,29-07-2008,No
EMP1604,41,Female,Single,Human Resources,HR Executive,Medical,4,Travel_Rarely,22373,84,913,5408,19,1,3,1,3,3,4,2,2,34,5,11,2,27,0,4,Yes,17,80,1,Y,02-03-1989,No
EMP1605,33,Male,Married,Sales,Sales Director,Life Sciences,3,Travel_Rarely,35187,93,1269,19545,23,1,3,1,3,3,2,2,4,30,3,7,11,1,0,0,No,21,80,1,Y,19-07-1993,No
EMP1606,27,Male,Single,Marketing,Content Writer,Human Resources,4,Non-Travel,82863,94,1391,19643,21,0,4,2,4,1,3,2,1,3,2,4,3,11,4,7,Yes,11,80,1,Y,31-03-2020,No
EMP1607,38,Female,Divorced,Finance,CFO,Human Resources,2,Non-Travel,112927,83,821,15959,18,0,1,2,4,4,4,2,2,16,0,7,9,26,5,5,No,22,80,1,Y,23-05-2007,No
EMP1608,40,Female,Single,Research & Development,R&D Manager,Technical Degree,2,Travel_Frequently,99085,125,245,6090,13,1,5,3,3,4,1,3,1,25,2,4,1,12,3,5,No,26,80,1,Y,13-12-1998,No
EMP1609,47,Male,Married,Finance,CFO,Medical,5,Travel_Frequently,132996,69,923,13033,12,1,5,1,3,1,2,3,2,3,8,12,11,21,1,4,Yes,7,80,1,Y,27-10-2020,Yes
EMP1610,53,Female,Single,Sales,Sales Executive,Human Resources,3,Travel_Rarely,54220,82,739,17362,14,2,5,1,2,1,1,2,4,29,13,6,10,39,4,4,No,13,80,1,Y,25-12-1994,Yes
EMP1611,27,Male,Divorced,IT,Software Engineer,Other,2,Travel_Frequently,145503,73,286,24074,23,0,3,1,4,3,1,2,3,29,12,4,13,14,0,2,No,10,80,1,Y,12-05-1994,No
EMP1612,57,Male,Divorced,Finance,Finance Analyst,Marketing,4,Non-Travel,22642,92,1002,15783,22,0,3,2,1,2,3,4,3,21,15,12,14,30,2,2,Yes,10,80,1,Y,26-01-2002,No
EMP1613,59,Female,Married,Human Resources,Recruiter,Marketing,5,Travel_Rarely,94971,31,464,13394,12,0,1,3,1,4,3,2,4,10,7,4,13,6,2,1,Yes,13,80,1,Y,09-12-2013,No
EMP1614,32,Female,Married,Sales,Sales Manager,Marketing,4,Travel_Frequently,70556,108,1245,4981,14,3,3,1,3,2,4,1,1,1,15,12,11,38,3,8,Yes,23,80,1,Y,08-11-2022,No
EMP1615,54,Female,Married,IT,Software Engineer,Other,3,Travel_Rarely,53192,50,902,10065,15,1,2,1,4,4,1,3,2,11,8,3,1,34,1,7,Yes,19,80,1,Y,21-06-2012,No
EMP1616,45,Male,Married,Research & Development,Research Scientist,Life Sciences,5,Non-Travel,45782,117,431,5554,12,2,3,1,1,3,3,2,3,29,8,12,1,6,6,2,No,23,80,1,Y,12-12-1994,No
EMP1617,44,Female,Single,IT,IT Manager,Other,5,Travel_Frequently,19782,79,385,14579,22,2,5,1,4,2,3,3,4,17,2,13,0,11,1,4,No,17,80,1,Y,22-11-2006,No
EMP1618,36,Female,Single,Operations,Supply Chain Manager,Life Sciences,5,Non-Travel,75030,110,525,20773,18,1,1,3,3,4,1,2,1,25,6,13,14,13,3,9,Yes,27,80,1,Y,03-06-1998,No
EMP1619,48,Male,Divorced,Human Resources,HR Manager,Marketing,1,Non-Travel,71411,140,1406,10158,11,1,4,3,3,4,4,1,3,6,17,4,9,33,6,4,No,20,80,1,Y,16-06-2017,No
EMP1620,32,Male,Married,Sales,Sales Director,Technical Degree,5,Travel_Rarely,112469,81,596,3014,13,2,4,3,3,3,1,2,4,0,1,6,0,38,0,7,No,7,80,1,Y,02-10-2023,No
EMP1621,38,Female,Married,Research & Development,R&D Manager,Technical Degree,4,Travel_Rarely,61950,145,1425,24113,17,3,1,2,4,2,4,3,2,25,0,2,0,8,0,5,Yes,23,80,1,Y,12-01-1998,No
EMP1622,35,Male,Single,Human Resources,HR Manager,Life Sciences,4,Travel_Rarely,148595,38,1288,15527,20,2,2,1,1,3,4,3,4,22,11,3,0,32,5,6,Yes,4,80,1,Y,07-03-2001,No
EMP1623,48,Male,Married,IT,Software Engineer,Marketing,3,Travel_Frequently,65539,128,1155,14872,11,3,4,1,2,2,3,3,1,25,15,7,10,11,1,4,No,17,80,1,Y,10-03-1998,No
EMP1624,39,Male,Divorced,Human Resources,HR Director,Other,2,Travel_Frequently,37936,49,754,16201,23,3,5,1,1,2,1,4,3,5,11,5,11,33,1,0,No,24,80,1,Y,14-02-2018,No
EMP1625,49,Female,Divorced,Sales,Sales Manager,Technical Degree,2,Travel_Rarely,65182,112,932,12218,21,0,4,1,4,4,1,3,2,5,9,7,14,26,1,7,Yes,4,80,1,Y,14-01-2018,Yes
EMP1626,25,Female,Married,Marketing,Marketing Executive,Life Sciences,1,Travel_Frequently,126259,47,1240,5713,12,1,4,4,1,1,3,2,1,7,8,10,13,21,6,3,Yes,18,80,1,Y,10-01-2016,Yes
EMP1627,28,Male,Divorced,Human Resources,HR Director,Other,5,Travel_Frequently,110042,113,996,19876,13,0,5,3,2,2,2,1,4,23,17,1,0,17,0,4,Yes,20,80,1,Y,23-05-2000,No
EMP1628,56,Male,Divorced,Operations,Logistics Executive,Marketing,1,Travel_Rarely,28163,59,1406,9585,24,3,3,4,1,2,2,1,3,21,3,12,0,17,2,0,No,8,80,1,Y,25-02-2002,No
EMP1629,30,Male,Single,Human Resources,HR Executive,Medical,3,Non-Travel,37419,133,590,6122,24,2,2,4,2,3,1,2,3,18,7,8,5,36,3,2,Yes,8,80,1,Y,07-07-2005,No
EMP1630,29,Female,Divorced,IT,IT Manager,Marketing,3,Travel_Frequently,136211,94,243,11892,12,0,5,2,4,2,3,4,1,17,3,6,2,6,3,1,Yes,21,80,1,Y,30-07-2006,No
EMP1631,38,Male,Married,IT,Data Engineer,Marketing,2,Travel_Frequently,137762,53,1100,18838,12,2,5,2,3,2,4,2,2,30,15,14,13,3,4,1,No,16,80,1,Y,22-07-1993,No
EMP1632,38,Male,Married,Research & Development,Lab Technician,Other,3,Non-Travel,15834,117,681,19301,22,3,1,1,2,2,4,3,1,29,7,14,5,15,4,0,Yes,15,80,1,Y,29-09-1994,No
EMP1633,54,Female,Divorced,IT,System Admin,Other,5,Non-Travel,47214,76,1486,25107,21,2,2,4,4,2,1,4,3,32,6,12,7,21,2,5,Yes,18,80,1,Y,31-01-1991,No
EMP1634,53,Male,Married,Finance,Finance Analyst,Human Resources,4,Non-Travel,17413,112,1397,26589,16,0,3,4,3,2,3,2,3,9,12,4,14,35,1,7,Yes,23,80,1,Y,05-04-2014,No
EMP1635,29,Female,Single,Sales,Account Manager,Human Resources,3,Travel_Rarely,24505,123,765,24625,17,3,5,3,2,1,1,4,3,11,7,10,16,19,2,2,No,19,80,1,Y,24-11-2012,No
EMP1636,40,Female,Divorced,Sales,Account Manager,Other,1,Non-Travel,117802,119,419,6374,16,1,3,4,3,4,1,1,2,29,6,14,8,30,6,0,No,6,80,1,Y,15-05-1994,Yes
EMP1637,59,Female,Divorced,Marketing,Content Writer,Other,5,Travel_Rarely,148177,135,971,24443,21,0,5,2,1,2,3,2,3,26,4,14,15,32,6,9,Yes,9,80,1,Y,23-03-1997,No
EMP1638,24,Male,Divorced,Marketing,Brand Manager,Medical,3,Non-Travel,143303,73,1418,2489,16,0,5,4,4,3,1,2,3,8,17,6,0,12,4,1,No,29,80,1,Y,28-10-2015,No
EMP1639,26,Male,Married,Sales,Sales Executive,Medical,3,Non-Travel,129897,131,608,2984,19,1,1,2,4,3,4,1,1,20,9,1,15,19,5,2,Yes,16,80,1,Y,20-11-2003,No
EMP1640,34,Female,Married,Operations,Operations Manager,Marketing,5,Travel_Rarely,73408,58,670,19344,18,3,4,1,4,2,2,4,3,11,10,10,8,37,4,5,No,21,80,1,Y,12-01-2012,No
EMP1641,52,Male,Divorced,Marketing,Brand Manager,Technical Degree,3,Travel_Rarely,131908,106,1284,26434,24,1,2,2,4,2,4,1,4,28,7,3,16,21,3,2,No,9,80,1,Y,14-05-1995,No
EMP1642,37,Female,Married,Research & Development,Lab Technician,Medical,4,Non-Travel,94731,97,365,3782,18,0,1,1,2,2,2,4,1,32,5,6,5,38,6,8,Yes,20,80,1,Y,21-11-1991,No
EMP1643,53,Male,Married,IT,Data Engineer,Marketing,2,Non-Travel,80131,138,871,16959,16,3,3,3,1,1,3,2,3,14,10,1,13,22,2,0,Yes,25,80,1,Y,16-05-2009,Yes
EMP1644,43,Female,Divorced,Sales,Sales Manager,Life Sciences,5,Non-Travel,79280,46,1374,16542,15,2,5,1,3,4,1,4,1,1,15,7,13,32,0,6,No,17,80,1,Y,27-07-2022,No
EMP1645,50,Female,Divorced,Marketing,Brand Manager,Human Resources,1,Travel_Frequently,30762,126,310,7983,19,0,5,4,4,3,2,4,1,17,3,13,6,29,4,9,No,4,80,1,Y,20-01-2006,No
EMP1646,43,Male,Married,Sales,Sales Manager,Technical Degree,3,Non-Travel,132798,34,748,3869,22,2,2,2,4,1,3,3,4,2,1,9,9,13,3,7,No,15,80,1,Y,06-02-2021,No
EMP1647,24,Male,Divorced,Finance,Finance Manager,Marketing,2,Travel_Rarely,131854,121,1226,13496,12,1,1,1,2,1,3,3,1,6,12,9,15,35,1,8,No,11,80,1,Y,04-01-2017,Yes
EMP1648,31,Male,Divorced,Human Resources,HR Director,Other,1,Travel_Frequently,73703,117,1236,21028,17,3,1,1,2,2,3,3,1,17,6,10,6,7,2,7,Yes,14,80,1,Y,12-05-2006,No
EMP1649,42,Male,Divorced,IT,Data Engineer,Life Sciences,1,Travel_Rarely,78079,110,1385,8838,16,1,3,1,2,4,4,1,2,32,16,4,5,21,4,4,No,17,80,1,Y,14-05-1991,No
EMP1650,37,Female,Divorced,Sales,Sales Manager,Human Resources,4,Travel_Frequently,36577,79,543,15550,17,2,1,1,1,2,4,1,3,30,12,12,5,3,0,0,Yes,28,80,1,Y,12-09-1993,No
EMP1651,33,Female,Married,Human Resources,HR Executive,Life Sciences,2,Travel_Frequently,16214,132,531,22729,22,0,1,1,3,3,2,3,2,10,9,4,6,34,4,0,Yes,13,80,1,Y,11-09-2013,No
EMP1652,23,Male,Divorced,Marketing,Marketing Manager,Marketing,5,Travel_Rarely,101339,141,463,7702,14,3,4,1,1,4,2,2,3,3,12,7,16,7,0,7,No,9,80,1,Y,20-10-2020,No
EMP1653,45,Male,Single,Human Resources,HR Manager,Medical,2,Travel_Frequently,63114,69,282,15027,19,1,2,2,4,2,4,2,1,17,9,12,7,33,2,6,No,24,80,1,Y,24-02-2006,No
EMP1654,56,Female,Divorced,IT,Software Engineer,Human Resources,2,Travel_Rarely,78230,137,976,13860,17,2,1,4,2,3,2,2,3,3,6,12,1,21,5,4,No,16,80,1,Y,22-08-2020,No
EMP1655,51,Male,Single,Sales,Account Manager,Life Sciences,1,Non-Travel,82194,75,1123,26459,12,2,3,4,4,1,2,1,1,33,9,11,6,24,0,9,Yes,8,80,1,Y,07-07-1990,No
EMP1656,51,Male,Divorced,Finance,Finance Analyst,Medical,4,Travel_Frequently,127333,80,533,26014,23,0,5,1,3,3,1,4,3,28,15,0,11,24,0,2,Yes,14,80,1,Y,22-06-1995,No
EMP1657,56,Male,Single,Operations,Logistics Executive,Technical Degree,4,Travel_Rarely,52792,40,1442,24286,14,2,1,2,3,3,2,1,1,23,2,5,2,39,3,8,No,15,80,1,Y,05-10-2000,No
EMP1658,40,Male,Single,Marketing,Brand Manager,Marketing,2,Travel_Frequently,60807,41,857,8032,15,3,1,1,1,3,3,3,3,21,3,1,3,39,5,3,No,7,80,1,Y,13-01-2002,Yes
EMP1659,29,Female,Divorced,Sales,Sales Director,Marketing,2,Travel_Rarely,140266,42,653,3825,12,2,5,3,1,4,1,4,3,1,3,0,10,16,2,5,No,25,80,1,Y,26-01-2022,No
EMP1660,47,Female,Divorced,IT,IT Manager,Human Resources,3,Non-Travel,119292,93,872,13554,20,0,4,4,2,1,2,2,3,5,3,11,11,15,4,3,Yes,27,80,1,Y,17-07-2018,No
EMP1661,28,Male,Divorced,Marketing,Marketing Manager,Life Sciences,1,Non-Travel,137984,37,940,21494,18,1,2,1,2,4,1,1,1,24,15,14,10,38,5,8,Yes,11,80,1,Y,25-07-1999,No
EMP1662,51,Female,Single,Research & Development,R&D Manager,Technical Degree,5,Travel_Frequently,28777,94,1312,17333,11,3,4,2,4,1,3,1,3,20,8,14,12,14,1,3,No,29,80,1,Y,19-05-2003,Yes
EMP1663,28,Male,Married,Human Resources,HR Executive,Other,5,Travel_Frequently,53346,38,532,14470,13,1,3,4,2,2,2,3,1,15,5,12,0,16,2,7,Yes,3,80,1,Y,30-04-2008,No
EMP1664,24,Male,Married,Operations,Supply Chain Manager,Human Resources,4,Travel_Rarely,69703,121,509,5770,24,1,1,2,2,2,1,2,2,30,9,6,5,34,5,2,Yes,7,80,1,Y,24-12-1993,Yes
EMP1665,22,Male,Divorced,IT,Data Engineer,Other,1,Travel_Rarely,109977,31,926,2029,11,2,4,3,4,3,2,1,3,13,3,11,15,32,2,7,Yes,22,80,1,Y,02-12-2010,No
EMP1666,57,Female,Married,Research & Development,Lab Technician,Human Resources,4,Travel_Frequently,62819,107,553,10958,15,2,2,1,3,3,1,1,4,27,11,13,1,39,1,2,Yes,5,80,1,Y,09-05-1996,No
EMP1667,46,Female,Married,Sales,Sales Executive,Life Sciences,5,Travel_Rarely,149917,42,1023,17502,18,0,3,3,2,4,1,4,4,31,9,13,13,38,4,4,No,9,80,1,Y,12-11-1992,No
EMP1668,58,Female,Divorced,Finance,Finance Manager,Technical Degree,2,Travel_Rarely,125186,141,1323,10806,17,2,4,4,2,1,3,1,1,27,11,3,16,17,6,0,No,20,80,1,Y,12-07-1996,No
EMP1669,22,Female,Single,Marketing,Brand Manager,Life Sciences,1,Travel_Rarely,38290,31,344,11196,19,2,1,1,4,1,3,4,4,8,0,14,14,29,3,5,No,19,80,1,Y,03-05-2015,No
EMP1670,36,Female,Divorced,Human Resources,HR Executive,Marketing,1,Travel_Frequently,127551,97,1233,4121,12,1,2,4,4,1,2,1,1,21,3,0,1,22,5,1,Yes,13,80,1,Y,15-05-2002,No
EMP1671,58,Male,Married,Marketing,Brand Manager,Other,3,Non-Travel,113682,105,1267,5009,22,3,1,1,4,3,4,2,1,31,12,9,3,36,4,2,No,27,80,1,Y,13-10-1992,No
EMP1672,34,Male,Single,Operations,Logistics Executive,Medical,2,Non-Travel,149365,77,1109,22203,18,2,1,2,4,3,2,3,4,4,7,10,0,6,1,0,No,19,80,1,Y,11-08-2019,No
EMP1673,29,Female,Married,Sales,Sales Director,Marketing,2,Travel_Rarely,133017,103,960,9739,18,3,3,4,4,1,1,2,4,22,13,10,7,9,4,5,Yes,16,80,1,Y,12-07-2001,No
EMP1674,26,Female,Single,Marketing,Marketing Executive,Marketing,4,Travel_Frequently,134496,32,694,26599,24,2,2,3,2,3,3,3,2,4,15,5,13,15,2,4,Yes,2,80,1,Y,27-02-2019,No
EMP1675,30,Female,Married,Human Resources,HR Director,Other,1,Travel_Rarely,72089,97,1392,6059,16,2,5,3,1,1,3,1,1,31,1,9,10,27,3,9,Yes,1,80,1,Y,20-03-1992,No
EMP1676,22,Male,Divorced,Sales,Sales Manager,Human Resources,4,Non-Travel,143713,35,841,13285,13,0,1,2,1,4,1,2,4,9,7,12,13,22,0,1,No,3,80,1,Y,30-10-2014,No
EMP1677,57,Female,Married,Marketing,Marketing Manager,Marketing,2,Travel_Rarely,31619,116,730,4910,12,2,2,2,1,2,4,4,2,14,12,11,15,33,5,7,No,24,80,1,Y,19-04-2009,No
EMP1678,56,Male,Married,Finance,Finance Analyst,Technical Degree,3,Non-Travel,93006,34,712,16674,24,0,1,3,2,1,3,3,2,6,0,14,9,17,4,8,Yes,12,80,1,Y,11-11-2017,No
EMP1679,23,Male,Single,IT,IT Manager,Marketing,1,Travel_Frequently,29779,143,329,20354,18,1,4,2,3,3,4,3,1,28,11,12,6,22,0,2,No,6,80,1,Y,15-06-1995,No
EMP1680,44,Female,Married,Sales,Account Manager,Technical Degree,2,Travel_Rarely,36630,32,1207,25039,16,3,4,1,2,4,3,1,3,2,16,5,15,19,3,5,No,2,80,1,Y,08-11-2021,Yes
EMP1681,30,Male,Divorced,IT,Data Engineer,Life Sciences,3,Travel_Frequently,120575,39,1473,23151,14,2,2,3,1,3,1,3,4,18,6,11,3,30,6,5,Yes,24,80,1,Y,23-07-2005,No
EMP1682,55,Male,Divorced,Sales,Sales Executive,Human Resources,5,Travel_Rarely,130436,72,933,14161,15,0,3,4,1,3,2,3,4,9,15,2,11,13,0,9,Yes,16,80,1,Y,25-03-2014,No
EMP1683,35,Female,Divorced,Finance,Accountant,Technical Degree,2,Travel_Rarely,37784,48,1146,13116,15,1,5,3,4,3,2,3,4,27,13,13,11,22,4,5,No,29,80,1,Y,10-02-1996,No
EMP1684,25,Male,Single,IT,IT Manager,Marketing,5,Travel_Rarely,127167,43,1361,15051,23,2,4,2,4,1,4,1,4,28,9,5,1,1,1,7,No,5,80,1,Y,03-12-1995,No
EMP1685,51,Female,Single,Research & Development,Lab Technician,Human Resources,4,Travel_Rarely,82359,50,1498,19626,19,0,3,1,4,4,2,2,4,14,2,9,5,28,5,4,Yes,12,80,1,Y,03-08-2009,No
EMP1686,52,Male,Married,Human Resources,HR Director,Human Resources,5,Travel_Rarely,93608,72,1201,19096,23,0,5,4,2,1,1,1,4,34,11,8,14,8,2,9,Yes,4,80,1,Y,12-04-1989,Yes
EMP1687,59,Female,Married,Research & Development,R&D Manager,Technical Degree,2,Travel_Frequently,30111,57,663,15054,23,1,4,3,3,2,2,4,2,5,7,5,14,32,6,9,Yes,14,80,1,Y,11-05-2018,No
EMP1688,32,Female,Married,Marketing,Brand Manager,Technical Degree,5,Travel_Frequently,39161,50,340,16070,19,2,5,3,3,1,4,3,1,11,15,0,15,11,2,7,Yes,17,80,1,Y,12-06-2012,No
EMP1689,56,Male,Single,Finance,Accountant,Medical,1,Non-Travel,133920,65,1479,11485,18,2,1,4,4,2,1,3,2,12,0,9,2,18,5,2,No,12,80,1,Y,08-03-2011,No
EMP1690,29,Female,Single,Research & Development,Lab Technician,Medical,2,Travel_Rarely,119823,53,1081,21250,18,3,2,1,3,4,1,2,4,28,16,5,0,19,0,6,No,13,80,1,Y,11-06-1995,No
EMP1691,24,Male,Married,Sales,Account Manager,Human Resources,3,Non-Travel,140014,83,655,16413,22,2,4,2,1,4,3,3,1,18,5,7,11,36,2,0,No,17,80,1,Y,05-09-2005,No
EMP1692,35,Male,Single,Marketing,Marketing Executive,Other,5,Travel_Frequently,145466,67,633,13855,12,0,4,2,1,1,3,2,4,2,0,6,14,30,5,3,No,20,80,1,Y,18-02-2021,No
EMP1693,34,Female,Single,Marketing,Marketing Executive,Other,1,Non-Travel,82313,46,372,8153,24,3,1,2,4,1,2,3,1,7,14,13,5,34,5,4,No,28,80,1,Y,31-08-2016,No
EMP1694,53,Male,Divorced,Research & Development,R&D Manager,Medical,4,Travel_Frequently,95308,51,672,7587,13,3,4,2,4,3,4,3,2,7,12,7,16,20,2,6,Yes,15,80,1,Y,28-03-2016,No
EMP1695,55,Female,Divorced,Research & Development,Data Analyst,Marketing,4,Travel_Rarely,61389,112,1219,10827,24,2,4,4,4,2,1,1,1,19,5,10,8,12,1,5,Yes,29,80,1,Y,16-10-2004,No
EMP1696,40,Male,Married,Finance,Finance Manager,Life Sciences,5,Non-Travel,122800,74,1116,26097,18,3,4,1,3,3,2,1,2,3,12,11,12,38,0,5,Yes,9,80,1,Y,30-04-2020,Yes
EMP1697,59,Male,Married,Human Resources,HR Manager,Human Resources,4,Non-Travel,134547,147,638,8861,23,0,4,1,2,3,2,4,4,20,3,7,14,26,1,1,Yes,26,80,1,Y,24-06-2003,Yes
EMP1698,37,Female,Divorced,Research & Development,Research Scientist,Life Sciences,3,Non-Travel,39502,103,1215,12804,15,0,4,3,4,4,3,2,1,2,0,14,15,24,1,1,No,10,80,1,Y,29-11-2021,No
EMP1699,23,Male,Single,Operations,Supply Chain Manager,Medical,2,Non-Travel,50757,90,1280,15979,17,1,3,3,3,1,2,4,3,7,9,8,12,1,3,1,No,6,80,1,Y,12-07-2016,No
EMP1700,38,Male,Married,Research & Development,Data Analyst,Technical Degree,1,Travel_Rarely,56111,40,697,3297,24,0,4,1,4,4,2,1,3,22,3,2,1,34,0,9,Yes,17,80,1,Y,22-09-2001,No
EMP1701,55,Male,Married,IT,Software Engineer,Human Resources,5,Travel_Frequently,113273,90,368,16745,18,1,1,3,2,1,3,2,2,15,12,6,1,7,6,7,No,12,80,1,Y,15-01-2008,No
EMP1702,37,Male,Married,Sales,Account Manager,Medical,4,Travel_Frequently,73645,67,1188,2357,16,3,4,1,4,4,2,1,2,12,3,5,10,32,1,6,Yes,24,80,1,Y,08-03-2011,No
EMP1703,59,Male,Single,Operations,Supply Chain Manager,Marketing,2,Travel_Rarely,125218,95,760,18300,15,1,5,4,1,4,2,2,2,2,15,1,15,24,4,0,No,28,80,1,Y,26-05-2021,No
EMP1704,23,Male,Divorced,Operations,Supply Chain Manager,Human Resources,3,Travel_Frequently,74055,62,627,16433,18,2,5,4,4,4,1,3,2,8,8,4,16,20,2,8,No,9,80,1,Y,26-05-2015,No
EMP1705,23,Male,Married,IT,Software Engineer,Human Resources,4,Non-Travel,134815,72,618,23486,11,1,1,2,1,2,2,4,4,13,3,2,2,35,0,7,No,2,80,1,Y,20-03-2010,Yes
EMP1706,47,Male,Divorced,IT,System Admin,Other,4,Travel_Rarely,116026,60,654,18624,11,2,3,1,1,4,3,4,3,12,7,10,0,12,3,8,No,16,80,1,Y,13-07-2011,No
EMP1707,34,Female,Divorced,Marketing,Content Writer,Technical Degree,1,Travel_Frequently,85192,141,913,12796,11,3,1,4,3,2,3,2,2,6,3,4,13,8,1,3,No,16,80,1,Y,30-03-2017,No
EMP1708,52,Male,Single,Human Resources,Recruiter,Human Resources,3,Travel_Rarely,67021,64,401,25238,13,1,3,1,3,4,1,4,1,14,8,13,8,34,4,4,No,22,80,1,Y,14-01-2009,No
EMP1709,55,Male,Single,Sales,Sales Executive,Technical Degree,3,Travel_Rarely,44092,66,378,20210,20,0,2,3,1,1,3,1,1,6,10,10,8,35,2,4,No,23,80,1,Y,04-09-2017,No
EMP1710,24,Female,Single,Finance,Accountant,Medical,5,Travel_Frequently,147314,76,256,10115,23,2,5,1,1,2,3,4,4,33,4,8,11,9,2,8,Yes,27,80,1,Y,13-10-1990,No
EMP1711,29,Female,Single,Operations,Operations Analyst,Marketing,1,Travel_Frequently,121843,140,1145,21942,22,3,5,2,4,1,3,2,2,21,8,13,2,4,6,7,Yes,29,80,1,Y,01-02-2002,No
EMP1712,44,Female,Single,Finance,Accountant,Marketing,5,Travel_Rarely,147903,129,700,5860,16,0,5,2,4,1,2,4,1,23,7,7,1,30,4,9,No,1,80,1,Y,30-01-2000,No
EMP1713,35,Male,Single,Research & Development,Research Scientist,Human Resources,1,Travel_Rarely,65721,52,938,14443,16,2,3,4,1,1,1,4,2,0,3,8,0,23,0,5,Yes,27,80,1,Y,23-11-2023,No
EMP1714,48,Female,Married,Research & Development,Research Scientist,Human Resources,3,Travel_Frequently,43511,65,311,6447,15,3,1,3,3,2,4,1,1,9,0,8,8,31,2,9,Yes,21,80,1,Y,04-01-2014,No
EMP1715,50,Female,Divorced,Finance,Finance Manager,Medical,1,Travel_Rarely,87782,69,1371,22523,23,3,3,3,4,3,1,3,4,15,12,10,12,2,2,9,Yes,27,80,1,Y,17-03-2008,No
EMP1716,22,Male,Single,Research & Development,Research Scientist,Other,1,Travel_Frequently,112003,132,914,18521,23,0,5,1,4,2,1,1,1,7,4,7,15,15,2,0,Yes,11,80,1,Y,28-04-2016,No
EMP1717,38,Male,Married,Human Resources,HR Executive,Other,1,Travel_Rarely,70568,119,1076,22118,24,3,5,3,4,3,1,4,2,24,9,13,9,19,5,6,Yes,21,80,1,Y,10-11-1999,No
EMP1718,51,Female,Divorced,IT,IT Manager,Other,2,Travel_Rarely,149304,118,1279,3967,17,1,5,2,3,2,4,4,2,11,15,7,4,23,1,8,No,3,80,1,Y,06-03-2012,No
EMP1719,34,Female,Single,Research & Development,Lab Technician,Technical Degree,2,Travel_Rarely,117062,110,1012,8579,15,3,5,4,1,4,4,3,4,24,7,10,13,33,1,3,No,2,80,1,Y,08-03-1999,No
EMP1720,42,Male,Single,Marketing,Content Writer,Other,3,Travel_Frequently,119301,44,1163,6849,24,2,2,4,4,3,3,3,3,16,11,10,14,22,2,3,No,14,80,1,Y,13-05-2007,No
EMP1721,40,Male,Married,Research & Development,Research Scientist,Marketing,1,Non-Travel,66507,66,1408,26718,12,2,5,4,3,4,2,1,2,25,2,5,2,37,3,4,Yes,1,80,1,Y,25-07-1998,No
EMP1722,40,Male,Divorced,Sales,Sales Manager,Technical Degree,3,Travel_Frequently,139277,138,1277,9167,14,2,3,3,3,3,3,3,3,13,3,5,8,1,5,7,Yes,6,80,1,Y,26-03-2010,Yes
EMP1723,46,Male,Single,Human Resources,Recruiter,Medical,2,Travel_Rarely,144999,33,236,24326,11,1,5,3,3,2,3,1,2,22,16,13,0,4,2,4,No,7,80,1,Y,18-11-2001,No
EMP1724,43,Male,Divorced,Sales,Sales Executive,Marketing,1,Non-Travel,115128,51,1212,9466,17,0,4,2,3,2,4,2,4,5,12,14,0,17,0,3,Yes,2,80,1,Y,20-05-2018,No
EMP1725,52,Female,Married,Sales,Sales Manager,Marketing,5,Non-Travel,25683,110,1493,24789,14,1,2,1,4,3,3,4,1,4,5,5,5,28,6,7,No,2,80,1,Y,04-10-2019,No
EMP1726,38,Male,Single,Marketing,Marketing Executive,Life Sciences,2,Travel_Rarely,38664,51,1062,14349,23,1,5,1,1,4,3,3,3,24,2,9,10,9,6,4,No,15,80,1,Y,03-08-1999,No
EMP1727,44,Male,Divorced,Human Resources,Recruiter,Medical,2,Travel_Frequently,117364,110,931,23899,14,1,4,4,1,1,4,2,1,17,13,5,13,15,5,7,Yes,21,80,1,Y,12-06-2006,No
EMP1728,53,Male,Married,Human Resources,HR Director,Medical,2,Non-Travel,79340,107,1451,26435,23,3,3,4,3,3,1,2,4,12,6,12,15,22,3,0,Yes,5,80,1,Y,30-11-2011,No
EMP1729,31,Male,Married,Human Resources,HR Executive,Life Sciences,1,Non-Travel,102236,107,1009,4019,14,0,2,3,1,3,1,1,4,13,2,13,0,29,0,2,Yes,13,80,1,Y,04-03-2010,No
EMP1730,31,Male,Single,Human Resources,HR Executive,Technical Degree,4,Travel_Frequently,26017,46,1224,8174,13,3,5,4,4,4,4,1,4,27,5,10,9,5,4,6,No,19,80,1,Y,13-11-1996,Yes
EMP1731,57,Female,Divorced,Human Resources,HR Executive,Other,5,Travel_Frequently,51613,101,222,17689,18,1,3,2,1,1,2,3,2,17,12,12,9,35,4,0,No,19,80,1,Y,20-01-2006,No
EMP1732,29,Male,Single,Marketing,Marketing Executive,Other,5,Non-Travel,45348,127,995,9092,14,2,4,2,1,3,3,1,2,27,13,14,12,19,1,4,No,15,80,1,Y,08-03-1996,No
EMP1733,41,Female,Single,Research & Development,Lab Technician,Other,3,Travel_Frequently,24491,119,695,21233,18,1,2,4,2,1,1,2,2,26,14,11,0,15,5,5,No,1,80,1,Y,27-06-1997,No
EMP1734,53,Male,Divorced,Sales,Sales Director,Other,1,Non-Travel,136070,138,1099,19576,19,0,5,4,1,1,4,2,2,31,15,8,2,27,1,0,Yes,3,80,1,Y,25-07-1992,Yes
EMP1735,35,Female,Divorced,Human Resources,HR Executive,Other,2,Travel_Rarely,73759,123,624,12505,11,2,3,4,1,2,2,4,3,8,0,9,13,25,1,6,No,25,80,1,Y,25-04-2015,No
EMP1736,49,Female,Divorced,Operations,Operations Analyst,Life Sciences,4,Travel_Frequently,147040,115,899,4355,14,0,2,4,3,4,3,2,4,31,14,12,15,21,5,8,Yes,18,80,1,Y,13-02-1992,Yes
EMP1737,45,Male,Married,Research & Development,R&D Manager,Medical,1,Non-Travel,15368,109,217,20890,16,1,4,4,3,3,4,3,3,19,6,14,5,10,6,8,No,17,80,1,Y,02-02-2004,No
EMP1738,36,Male,Married,Research & Development,Data Analyst,Technical Degree,1,Travel_Frequently,50010,123,826,2333,18,0,5,2,2,3,4,4,2,27,8,0,0,0,4,2,No,25,80,1,Y,07-12-1996,Yes
EMP1739,43,Male,Divorced,Sales,Account Manager,Marketing,4,Travel_Frequently,50851,109,1262,4562,24,3,2,1,4,1,4,1,1,32,14,9,4,4,5,3,No,21,80,1,Y,24-11-1991,Yes
EMP1740,51,Male,Married,Marketing,Content Writer,Other,2,Non-Travel,137761,67,1433,16776,16,2,4,2,2,3,3,4,3,3,13,5,7,35,0,0,No,8,80,1,Y,12-09-2020,No
EMP1741,25,Male,Single,Finance,CFO,Life Sciences,1,Travel_Rarely,142152,147,410,3795,22,0,4,2,1,1,1,2,1,33,17,7,11,1,3,3,No,11,80,1,Y,30-10-1990,Yes
EMP1742,34,Female,Divorced,Finance,CFO,Technical Degree,5,Non-Travel,93858,53,764,17270,16,2,3,4,1,3,3,3,2,2,8,14,0,5,1,4,No,20,80,1,Y,10-03-2021,No
EMP1743,44,Male,Single,Research & Development,R&D Manager,Technical Degree,5,Travel_Frequently,82005,129,1171,2253,20,2,4,1,4,4,3,1,3,25,0,0,12,26,6,6,Yes,8,80,1,Y,16-02-1998,No
EMP1744,29,Male,Divorced,IT,Software Engineer,Technical Degree,4,Non-Travel,52493,128,332,5657,14,1,4,4,4,3,1,1,3,7,11,14,8,25,4,4,No,28,80,1,Y,02-01-2017,No
EMP1745,39,Female,Single,IT,Data Engineer,Life Sciences,2,Travel_Frequently,25292,35,648,25886,19,1,1,2,3,1,4,2,3,5,9,10,7,34,1,7,Yes,21,80,1,Y,19-10-2018,No
EMP1746,33,Male,Divorced,Sales,Sales Executive,Marketing,4,Non-Travel,107377,97,463,11615,17,2,4,1,1,1,2,3,1,15,6,10,12,12,6,6,Yes,6,80,1,Y,01-02-2008,No
EMP1747,52,Female,Single,Finance,Finance Analyst,Other,1,Travel_Rarely,116735,111,310,5237,24,0,5,3,1,3,2,2,2,23,13,5,1,11,2,0,No,6,80,1,Y,22-10-2000,No
EMP1748,35,Male,Divorced,Research & Development,Research Scientist,Technical Degree,5,Travel_Rarely,37912,35,1049,5331,21,2,2,4,1,3,1,2,4,29,0,8,14,17,3,1,No,6,80,1,Y,22-05-1994,Yes
EMP1749,55,Female,Divorced,Marketing,Marketing Executive,Life Sciences,3,Travel_Rarely,95771,55,1461,3027,16,1,5,3,1,1,1,3,4,12,14,5,13,37,0,6,No,2,80,1,Y,07-04-2011,Yes
EMP1750,39,Male,Married,Finance,Finance Analyst,Medical,4,Travel_Rarely,122293,130,1100,16199,11,0,5,3,1,2,4,2,2,4,0,13,8,5,1,2,Yes,10,80,1,Y,06-08-2019,No
EMP1751,55,Female,Single,Research & Development,R&D Manager,Life Sciences,3,Non-Travel,114083,120,958,20550,12,2,3,3,1,2,2,3,3,24,12,1,13,27,2,1,Yes,10,80,1,Y,22-06-1999,No
EMP1752,32,Female,Married,Research & Development,Research Scientist,Life Sciences,3,Travel_Rarely,128655,70,1060,15283,22,1,1,3,1,3,2,3,4,19,1,0,7,27,2,8,Yes,9,80,1,Y,25-02-2004,No
EMP1753,33,Male,Single,Human Resources,HR Director,Life Sciences,5,Non-Travel,112459,104,1096,14186,16,2,1,1,1,4,4,2,3,17,2,3,4,24,6,9,Yes,23,80,1,Y,16-03-2006,No
EMP1754,36,Male,Married,Marketing,Brand Manager,Technical Degree,4,Travel_Frequently,126695,67,1061,18853,21,2,5,4,3,3,1,2,2,17,3,5,6,4,3,7,No,3,80,1,Y,22-05-2006,No
EMP1755,52,Male,Divorced,Human Resources,HR Executive,Life Sciences,3,Travel_Frequently,49268,109,1396,15781,11,2,2,1,2,4,1,4,1,1,15,9,3,14,4,7,Yes,2,80,1,Y,23-09-2022,Yes
EMP1756,50,Female,Married,Sales,Sales Director,Medical,1,Travel_Frequently,122338,112,392,17120,21,0,1,4,1,3,4,1,3,9,11,9,7,8,4,2,Yes,4,80,1,Y,20-09-2014,No
EMP1757,47,Female,Married,Human Resources,Recruiter,Technical Degree,2,Travel_Rarely,41336,72,714,26044,15,1,1,4,3,1,1,1,1,11,3,8,3,1,1,9,Yes,8,80,1,Y,21-01-2012,No
EMP1758,39,Female,Divorced,Operations,Logistics Executive,Medical,2,Travel_Rarely,18641,82,989,26289,11,1,5,4,1,3,3,3,1,12,11,4,0,8,1,8,Yes,9,80,1,Y,26-07-2011,No
EMP1759,53,Male,Married,Human Resources,Recruiter,Human Resources,5,Travel_Rarely,102132,44,1167,7983,23,3,1,1,4,4,1,4,2,10,6,6,7,25,4,7,No,26,80,1,Y,03-08-2013,No
EMP1760,43,Male,Divorced,Operations,Operations Manager,Life Sciences,4,Travel_Frequently,47959,119,283,3093,13,2,3,2,1,4,3,3,2,18,2,5,6,22,0,1,No,2,80,1,Y,20-03-2005,No
EMP1761,59,Female,Single,Finance,CFO,Other,4,Travel_Frequently,89123,85,997,6789,22,2,5,3,2,3,2,4,1,34,4,5,10,27,0,6,No,16,80,1,Y,27-01-1989,No
EMP1762,38,Male,Married,IT,IT Manager,Other,2,Travel_Frequently,36498,134,279,4912,22,3,1,2,3,3,2,3,1,25,11,8,15,5,2,7,No,6,80,1,Y,05-08-1998,No
EMP1763,44,Female,Divorced,Research & Development,Lab Technician,Technical Degree,1,Travel_Frequently,85198,85,1432,17111,22,2,1,2,4,2,1,1,4,13,11,4,16,3,3,6,No,8,80,1,Y,27-05-2010,No
EMP1764,45,Male,Divorced,Operations,Operations Analyst,Other,2,Non-Travel,42197,60,721,23873,17,0,1,2,4,3,4,4,4,23,6,1,4,29,0,8,Yes,3,80,1,Y,14-07-2000,No
EMP1765,29,Male,Married,Marketing,Content Writer,Technical Degree,2,Non-Travel,123775,112,1422,16332,15,3,5,3,1,3,1,2,2,0,11,7,6,17,1,6,Yes,11,80,1,Y,17-11-2023,Yes
EMP1766,27,Female,Single,Human Resources,HR Director,Life Sciences,4,Travel_Rarely,40032,86,433,18564,22,1,2,2,2,1,4,2,3,21,1,14,9,29,6,6,Yes,25,80,1,Y,14-03-2002,No
EMP1767,26,Male,Married,Operations,Operations Analyst,Marketing,3,Travel_Rarely,74624,80,443,14259,20,2,4,3,2,4,2,1,1,22,13,10,12,26,0,0,Yes,20,80,1,Y,02-01-2002,Yes
EMP1768,50,Male,Divorced,Marketing,Brand Manager,Marketing,1,Travel_Frequently,93177,53,1048,11412,11,1,1,3,1,2,2,4,3,18,15,13,14,30,3,1,Yes,5,80,1,Y,26-02-2005,No
EMP1769,49,Male,Single,IT,System Admin,Medical,4,Non-Travel,56964,87,592,22526,11,2,4,3,1,1,2,2,1,17,6,2,5,38,1,4,No,12,80,1,Y,19-04-2006,No
EMP1770,32,Male,Married,IT,Software Engineer,Life Sciences,2,Non-Travel,126030,102,208,22007,18,3,4,4,3,3,4,2,2,11,3,14,1,29,3,0,Yes,23,80,1,Y,11-06-2012,No
EMP1771,22,Male,Divorced,Human Resources,HR Manager,Other,3,Travel_Rarely,69646,116,812,23113,21,1,1,4,3,4,4,2,3,27,4,13,3,36,4,9,No,27,80,1,Y,03-11-1996,Yes
EMP1772,40,Female,Married,Sales,Sales Executive,Life Sciences,1,Non-Travel,96187,33,1006,18006,24,2,1,2,1,3,2,1,2,27,13,14,13,11,3,6,No,11,80,1,Y,10-08-1996,No
EMP1773,30,Male,Single,Human Resources,HR Executive,Human Resources,5,Travel_Rarely,132399,39,914,23643,23,0,4,4,1,3,1,3,1,32,8,8,14,16,3,4,No,5,80,1,Y,09-12-1991,No
EMP1774,48,Female,Single,Finance,Finance Analyst,Marketing,1,Travel_Frequently,71747,92,1376,26413,19,3,2,3,4,3,4,2,2,18,4,13,13,33,3,4,Yes,20,80,1,Y,30-06-2005,No
EMP1775,55,Male,Single,Operations,Logistics Executive,Other,1,Travel_Frequently,60712,102,309,11755,17,2,4,4,2,3,3,2,3,27,1,4,3,27,1,7,Yes,20,80,1,Y,01-04-1996,No
EMP1776,25,Male,Single,Research & Development,Research Scientist,Marketing,2,Travel_Rarely,86820,112,1033,6684,23,2,2,3,3,4,2,3,4,25,4,13,5,3,3,8,Yes,21,80,1,Y,11-12-1998,No
EMP1777,57,Female,Single,Sales,Sales Director,Life Sciences,2,Travel_Frequently,140342,44,465,9854,13,2,3,1,1,1,4,2,2,34,2,0,6,33,3,9,No,3,80,1,Y,09-01-1990,No
EMP1778,39,Female,Married,Human Resources,HR Manager,Other,5,Travel_Frequently,106228,144,1375,22016,22,3,2,4,1,3,2,4,3,33,9,14,12,13,6,0,No,9,80,1,Y,14-01-1990,Yes
EMP1779,36,Male,Single,Marketing,Brand Manager,Medical,5,Non-Travel,89353,127,1175,24357,16,2,5,2,3,3,3,2,2,34,7,3,16,12,6,9,Yes,28,80,1,Y,29-03-1989,No
EMP1780,34,Male,Single,Sales,Sales Manager,Life Sciences,5,Non-Travel,107091,135,1154,8417,13,2,1,1,4,2,1,3,2,15,9,8,16,2,5,3,No,18,80,1,Y,05-07-2008,No
EMP1781,40,Female,Divorced,Operations,Logistics Executive,Medical,4,Non-Travel,100914,92,1106,19946,20,1,3,1,4,2,3,1,4,12,1,0,3,20,5,1,No,12,80,1,Y,09-11-2011,No
EMP1782,27,Female,Single,Sales,Sales Manager,Other,4,Non-Travel,121718,48,871,15127,14,1,4,4,1,4,1,1,3,22,13,7,12,15,6,8,No,23,80,1,Y,15-08-2001,No
EMP1783,33,Female,Divorced,Operations,Operations Analyst,Marketing,2,Non-Travel,26539,142,375,19797,22,3,2,4,2,3,1,4,3,21,3,7,8,37,2,8,Yes,4,80,1,Y,22-12-2002,No
EMP1784,58,Female,Divorced,Human Resources,HR Manager,Human Resources,2,Travel_Rarely,61219,92,724,12698,14,3,3,2,2,3,4,2,3,15,11,8,1,25,1,0,No,24,80,1,Y,06-09-2008,No
EMP1785,38,Male,Divorced,Operations,Operations Analyst,Technical Degree,5,Travel_Rarely,28334,145,1290,24888,13,0,5,1,1,3,1,2,1,27,13,8,16,5,5,2,Yes,7,80,1,Y,31-05-1996,Yes
EMP1786,44,Male,Married,Sales,Sales Director,Marketing,4,Non-Travel,22903,85,1151,19401,20,2,2,3,3,4,1,3,2,34,15,12,6,17,3,9,Yes,24,80,1,Y,15-01-1989,Yes
EMP1787,47,Male,Married,Marketing,Marketing Manager,Medical,3,Travel_Frequently,73008,50,1407,17428,16,1,4,4,2,4,1,3,4,7,4,5,16,5,0,7,No,20,80,1,Y,06-03-2016,No
EMP1788,50,Male,Divorced,IT,Software Engineer,Life Sciences,4,Travel_Frequently,114318,63,1258,5654,15,1,4,1,3,3,2,4,3,21,15,12,9,24,3,1,No,11,80,1,Y,19-06-2002,No
EMP1789,54,Male,Married,Sales,Sales Manager,Other,2,Travel_Rarely,82300,144,704,16997,21,2,2,1,3,3,4,4,4,20,3,4,13,23,0,1,No,2,80,1,Y,20-02-2003,No
EMP1790,48,Female,Single,Operations,Operations Manager,Marketing,4,Travel_Rarely,144263,46,1048,25226,19,2,5,3,3,4,4,2,1,25,2,11,11,29,6,1,Yes,23,80,1,Y,29-07-1998,No
EMP1791,46,Female,Married,IT,Data Engineer,Human Resources,2,Travel_Rarely,35842,47,1162,15742,19,3,1,1,4,3,1,2,1,20,0,11,11,22,6,4,Yes,12,80,1,Y,07-01-2003,No
EMP1792,31,Female,Single,Operations,Operations Manager,Other,5,Travel_Frequently,57372,110,1299,10949,13,0,1,4,2,1,2,4,4,24,3,13,16,7,4,8,No,9,80,1,Y,26-06-1999,No
EMP1793,44,Male,Single,Marketing,Brand Manager,Medical,5,Travel_Rarely,129316,95,671,13971,23,0,4,3,4,1,1,1,3,0,8,13,13,8,4,6,No,6,80,1,Y,08-06-2023,No
EMP1794,42,Female,Married,Operations,Operations Manager,Other,5,Travel_Frequently,113971,80,722,17391,19,3,5,4,2,4,4,1,4,5,0,6,16,5,6,6,Yes,7,80,1,Y,21-06-2018,No
EMP1795,42,Male,Married,Human Resources,HR Director,Other,3,Travel_Rarely,53744,94,1079,24482,23,3,4,2,1,1,4,1,3,22,15,8,14,32,6,1,No,6,80,1,Y,29-05-2001,No
EMP1796,34,Male,Divorced,Research & Development,Research Scientist,Life Sciences,3,Travel_Frequently,131082,72,473,21968,22,1,1,1,3,2,4,1,3,22,2,4,5,32,1,1,Yes,18,80,1,Y,02-04-2001,Yes
EMP1797,58,Male,Married,Sales,Sales Manager,Technical Degree,2,Travel_Rarely,72442,86,253,18565,13,3,4,4,2,3,4,4,1,22,5,11,5,6,1,4,No,13,80,1,Y,20-09-2001,No
EMP1798,54,Female,Married,Research & Development,Data Analyst,Medical,1,Travel_Rarely,144070,39,1278,8829,14,0,2,4,2,2,2,3,4,31,12,2,5,17,6,6,No,9,80,1,Y,04-02-1992,No
EMP1799,45,Male,Married,Operations,Supply Chain Manager,Life Sciences,3,Travel_Frequently,100990,66,1087,12487,11,1,2,2,1,2,3,1,1,29,16,8,3,5,4,6,No,21,80,1,Y,12-10-1994,No
EMP1800,32,Male,Single,Marketing,Brand Manager,Technical Degree,2,Travel_Rarely,136670,77,944,4667,15,0,5,1,4,2,3,4,2,12,14,14,0,36,1,8,Yes,28,80,1,Y,06-05-2011,No
EMP1801,38,Female,Single,Sales,Sales Manager,Life Sciences,4,Non-Travel,121917,149,476,11991,22,2,1,4,2,1,2,1,1,17,11,9,10,20,6,2,No,19,80,1,Y,26-10-2006,No
EMP1802,25,Male,Single,Operations,Operations Analyst,Technical Degree,5,Travel_Frequently,18650,98,1082,18287,19,0,5,3,2,3,1,2,3,22,7,12,6,25,0,0,No,4,80,1,Y,02-10-2001,No
EMP1803,46,Female,Divorced,IT,Software Engineer,Technical Degree,5,Travel_Rarely,60117,85,831,8173,12,1,5,4,4,3,4,1,4,14,15,0,1,14,0,8,Yes,4,80,1,Y,26-03-2009,Yes
EMP1804,51,Male,Divorced,Finance,Accountant,Technical Degree,5,Travel_Frequently,106244,148,1448,23805,14,0,1,4,4,4,4,4,2,32,2,13,3,29,2,0,Yes,13,80,1,Y,27-06-1991,No
EMP1805,30,Female,Divorced,Operations,Operations Manager,Life Sciences,2,Travel_Rarely,18190,105,769,11691,20,1,3,4,2,2,4,2,2,20,3,0,5,10,1,7,Yes,28,80,1,Y,06-07-2003,No
EMP1806,42,Male,Single,Research & Development,Lab Technician,Other,5,Non-Travel,63113,65,1478,17208,12,1,3,4,4,1,2,2,2,22,6,9,4,7,1,4,Yes,25,80,1,Y,07-06-2001,Yes
EMP1807,41,Male,Married,Sales,Sales Director,Technical Degree,3,Travel_Rarely,47125,60,375,15235,24,3,4,1,1,2,2,1,2,26,14,13,8,4,2,7,Yes,11,80,1,Y,21-10-1997,No
EMP1808,40,Female,Divorced,Research & Development,Data Analyst,Other,4,Travel_Rarely,145000,84,765,15663,18,0,3,4,1,2,4,1,4,17,10,10,10,7,3,6,Yes,21,80,1,Y,11-08-2006,Yes
EMP1809,40,Male,Divorced,Sales,Account Manager,Medical,5,Non-Travel,126904,67,1369,11176,19,3,2,2,3,3,4,2,3,23,15,11,16,4,0,8,Yes,2,80,1,Y,29-01-2000,No
EMP1810,33,Female,Single,Operations,Supply Chain Manager,Human Resources,2,Travel_Frequently,33768,144,970,20748,13,3,5,4,2,4,1,3,2,6,13,3,12,9,3,1,Yes,6,80,1,Y,30-10-2017,No
EMP1811,58,Male,Divorced,Human Resources,HR Director,Other,4,Travel_Rarely,96099,102,461,17072,23,0,4,3,1,1,3,4,3,19,12,1,16,14,5,8,No,12,80,1,Y,29-10-2004,No
EMP1812,38,Female,Married,IT,IT Manager,Human Resources,5,Travel_Rarely,102421,137,730,7516,19,1,5,3,1,3,2,4,1,26,8,6,9,37,2,9,No,23,80,1,Y,02-01-1998,No
EMP1813,58,Male,Single,Operations,Supply Chain Manager,Technical Degree,1,Non-Travel,21895,119,1090,21689,16,2,1,4,1,2,3,4,3,5,17,1,16,2,5,4,No,8,80,1,Y,27-11-2018,No
EMP1814,49,Male,Single,Research & Development,R&D Manager,Human Resources,5,Travel_Frequently,86017,44,1420,20599,16,0,3,4,3,3,4,4,2,26,2,14,11,9,6,4,No,5,80,1,Y,10-02-1997,No
EMP1815,56,Male,Married,Finance,CFO,Human Resources,3,Travel_Frequently,38932,45,1147,18509,17,3,1,2,4,2,3,4,1,8,4,6,14,6,5,0,Yes,24,80,1,Y,26-12-2015,No
EMP1816,39,Female,Married,Finance,Finance Manager,Technical Degree,4,Non-Travel,36360,106,784,4620,22,3,4,2,3,1,3,2,1,30,1,7,14,23,1,5,Yes,24,80,1,Y,27-10-1993,No
EMP1817,35,Female,Married,Marketing,Marketing Executive,Other,3,Non-Travel,69847,118,1014,22599,15,1,2,1,3,3,2,4,1,20,16,11,12,25,3,9,Yes,20,80,1,Y,02-05-2003,No
EMP1818,56,Female,Divorced,Sales,Sales Director,Technical Degree,1,Travel_Rarely,105365,123,501,19835,16,3,3,1,3,3,2,3,2,25,15,10,6,33,1,9,Yes,23,80,1,Y,05-02-1998,No
EMP1819,28,Female,Married,Research & Development,Lab Technician,Medical,1,Non-Travel,100468,82,1355,11200,21,2,1,3,3,3,1,3,3,12,12,7,10,7,6,9,Yes,28,80,1,Y,26-05-2011,No
EMP1820,34,Female,Single,Marketing,Marketing Manager,Marketing,3,Non-Travel,53931,85,1343,13896,11,3,3,4,2,3,4,1,4,22,10,2,7,38,2,9,No,29,80,1,Y,29-10-2001,Yes
EMP1821,39,Male,Married,Research & Development,Data Analyst,Life Sciences,4,Non-Travel,70823,36,1359,23931,13,1,5,4,2,3,1,1,3,19,7,8,15,4,4,2,No,9,80,1,Y,23-11-2004,No
EMP1822,58,Male,Single,Sales,Sales Director,Technical Degree,1,Travel_Frequently,53032,86,827,25087,22,0,2,2,1,1,2,1,2,27,4,9,10,35,1,9,Yes,26,80,1,Y,29-10-1996,No
EMP1823,34,Male,Single,Operations,Supply Chain Manager,Technical Degree,1,Non-Travel,33807,84,772,25753,19,1,3,2,3,4,1,1,2,16,1,9,4,25,5,2,No,4,80,1,Y,11-02-2007,No
EMP1824,57,Male,Divorced,Operations,Operations Analyst,Human Resources,5,Travel_Rarely,68413,81,728,21514,22,3,2,1,3,1,3,2,1,27,3,9,6,9,6,2,Yes,9,80,1,Y,09-06-1996,No
EMP1825,52,Male,Married,Finance,Accountant,Medical,2,Travel_Rarely,30540,33,233,2696,15,1,5,1,1,3,3,3,3,1,2,5,15,32,5,3,Yes,12,80,1,Y,13-05-2022,No
EMP1826,23,Female,Divorced,Operations,Logistics Executive,Human Resources,1,Travel_Rarely,85248,72,731,4270,15,3,5,3,4,2,2,2,2,24,1,3,15,35,3,8,No,4,80,1,Y,16-01-1999,Yes
EMP1827,37,Male,Married,Operations,Logistics Executive,Other,4,Non-Travel,125494,69,1431,11226,18,1,1,2,2,2,3,3,2,5,2,7,16,30,3,7,No,17,80,1,Y,27-02-2018,No
EMP1828,30,Female,Married,Human Resources,Recruiter,Technical Degree,4,Travel_Frequently,100435,131,1317,18060,21,0,4,4,3,3,4,2,4,10,15,3,14,37,2,5,Yes,20,80,1,Y,31-05-2013,No
EMP1829,30,Male,Married,Finance,Accountant,Technical Degree,5,Non-Travel,34787,59,570,11727,21,3,1,2,4,4,2,3,3,5,8,3,14,24,3,7,No,2,80,1,Y,17-02-2018,No
EMP1830,59,Female,Married,Marketing,Brand Manager,Human Resources,4,Non-Travel,35982,39,608,11005,23,2,2,2,4,3,4,1,1,10,5,10,14,12,0,7,Yes,22,80,1,Y,03-10-2013,No
EMP1831,32,Female,Married,IT,Data Engineer,Technical Degree,5,Travel_Rarely,37606,123,816,26885,12,2,1,2,3,1,2,3,1,13,14,7,2,0,1,0,Yes,13,80,1,Y,17-05-2010,No
EMP1832,43,Female,Single,Human Resources,HR Executive,Other,1,Non-Travel,127223,132,270,17084,23,2,3,1,3,4,2,1,1,1,4,3,11,35,6,8,No,15,80,1,Y,16-04-2022,No
EMP1833,54,Male,Single,Marketing,Marketing Manager,Marketing,1,Travel_Frequently,61936,36,283,21795,17,2,1,4,4,4,3,3,3,2,8,0,5,35,6,0,Yes,8,80,1,Y,29-05-2021,No
EMP1834,57,Male,Married,Sales,Sales Executive,Life Sciences,1,Travel_Rarely,108286,65,408,22102,19,3,4,4,2,1,2,2,2,34,5,5,4,23,5,1,Yes,6,80,1,Y,02-04-1989,No
EMP1835,44,Male,Single,Human Resources,HR Director,Life Sciences,1,Travel_Frequently,52381,64,458,16816,17,3,4,1,2,4,2,4,2,32,2,11,10,26,0,8,No,9,80,1,Y,24-05-1991,No
EMP1836,55,Male,Divorced,Marketing,Marketing Manager,Life Sciences,2,Travel_Frequently,136465,117,1462,8717,22,0,2,1,3,3,1,3,4,23,12,7,11,17,2,6,Yes,22,80,1,Y,24-06-2000,No
EMP1837,30,Female,Divorced,Sales,Sales Manager,Marketing,2,Travel_Frequently,43074,68,1455,23304,15,1,5,4,3,3,3,2,4,18,14,13,6,14,5,9,Yes,11,80,1,Y,08-07-2005,Yes
EMP1838,45,Female,Divorced,Finance,Accountant,Technical Degree,1,Non-Travel,59194,65,1131,20428,23,3,4,3,1,2,4,4,2,17,10,13,8,16,0,0,No,23,80,1,Y,12-09-2006,No
EMP1839,29,Female,Married,IT,Software Engineer,Human Resources,4,Non-Travel,41853,138,481,3116,16,2,2,2,1,1,2,2,2,23,15,2,13,28,6,2,No,12,80,1,Y,03-10-2000,Yes
EMP1840,28,Female,Married,Sales,Sales Executive,Medical,5,Non-Travel,88719,49,593,19540,14,3,4,4,2,4,4,4,3,34,14,1,3,4,0,0,No,21,80,1,Y,06-06-1989,No
EMP1841,57,Male,Single,Operations,Operations Manager,Technical Degree,3,Non-Travel,133724,78,617,17179,24,2,4,1,1,4,1,1,4,0,5,5,7,10,6,4,Yes,24,80,1,Y,26-02-2023,No
EMP1842,39,Female,Single,Research & Development,Research Scientist,Marketing,5,Travel_Rarely,28703,125,1429,2988,22,0,5,4,4,4,2,3,1,24,13,0,15,15,5,3,Yes,2,80,1,Y,04-01-2000,No
EMP1843,24,Male,Single,Sales,Account Manager,Other,3,Non-Travel,132491,88,1487,12658,17,1,3,2,4,3,4,2,1,33,10,10,3,33,1,7,No,2,80,1,Y,20-03-1990,No
EMP1844,49,Female,Divorced,Sales,Sales Manager,Marketing,3,Travel_Rarely,73453,132,1058,7587,11,3,2,4,4,1,3,3,1,24,9,4,5,16,1,8,No,11,80,1,Y,27-04-1999,No
EMP1845,27,Female,Divorced,IT,Software Engineer,Life Sciences,1,Travel_Frequently,103478,78,825,20212,14,1,4,1,4,3,1,1,1,15,15,5,14,32,4,3,Yes,8,80,1,Y,05-09-2008,No
EMP1846,42,Female,Divorced,Research & Development,R&D Manager,Technical Degree,3,Travel_Rarely,48161,119,1302,17803,13,2,4,3,3,4,1,1,2,33,11,7,11,30,0,2,No,6,80,1,Y,10-01-1990,No
EMP1847,49,Male,Divorced,Operations,Logistics Executive,Life Sciences,1,Non-Travel,129296,55,761,26256,23,2,1,1,4,3,4,3,2,28,6,6,11,17,1,3,Yes,18,80,1,Y,27-04-1995,No
EMP1848,22,Male,Single,Marketing,Marketing Manager,Medical,2,Travel_Rarely,48349,65,1031,18271,14,1,3,3,2,4,2,2,3,18,6,5,1,24,6,2,Yes,22,80,1,Y,21-08-2005,Yes
EMP1849,57,Female,Married,Marketing,Brand Manager,Other,4,Non-Travel,62098,72,1318,12269,11,0,5,2,1,4,2,2,1,22,17,1,8,4,0,5,No,29,80,1,Y,10-06-2001,Yes
EMP1850,42,Female,Married,Sales,Account Manager,Life Sciences,3,Non-Travel,123435,128,1140,8088,22,1,2,1,2,3,3,2,2,18,14,11,2,29,0,0,Yes,11,80,1,Y,01-04-2005,No
EMP1851,56,Female,Divorced,Research & Development,Lab Technician,Medical,4,Travel_Rarely,146204,72,261,4345,23,1,4,4,3,4,3,3,2,24,5,7,0,22,2,1,No,24,80,1,Y,18-03-1999,No
EMP1852,34,Male,Married,Research & Development,R&D Manager,Marketing,1,Travel_Rarely,66990,128,1365,11276,12,3,2,1,1,3,2,2,2,15,7,7,13,37,2,7,Yes,6,80,1,Y,01-07-2008,No
EMP1853,31,Male,Married,Operations,Operations Analyst,Life Sciences,3,Travel_Frequently,83921,105,933,12543,22,3,5,1,1,2,1,2,1,8,14,10,12,17,5,2,Yes,9,80,1,Y,17-12-2015,No
EMP1854,31,Male,Married,IT,Data Engineer,Life Sciences,5,Travel_Frequently,115572,62,1334,5005,21,2,3,2,1,3,3,4,2,0,3,4,4,31,0,3,Yes,22,80,1,Y,13-12-2023,No
EMP1855,34,Female,Divorced,Finance,Finance Analyst,Human Resources,2,Travel_Frequently,22213,129,981,6435,23,3,1,3,4,2,3,2,4,18,17,2,6,29,2,0,No,14,80,1,Y,21-03-2005,No
EMP1856,58,Male,Single,Marketing,Content Writer,Other,2,Travel_Frequently,139693,107,1380,18220,19,0,3,3,3,2,1,1,1,32,12,11,13,28,6,2,Yes,19,80,1,Y,07-05-1991,No
EMP1857,59,Female,Single,IT,System Admin,Other,3,Travel_Frequently,106655,126,738,12687,17,0,1,4,2,3,2,2,1,33,0,10,15,35,5,0,Yes,25,80,1,Y,14-01-1990,No
EMP1858,45,Male,Married,Human Resources,HR Executive,Marketing,2,Travel_Rarely,83371,139,796,16147,23,0,2,1,4,1,4,3,4,15,7,7,13,8,1,9,No,26,80,1,Y,30-06-2008,No
EMP1859,23,Female,Single,Marketing,Marketing Manager,Human Resources,5,Travel_Frequently,83274,74,208,15613,16,2,3,2,1,1,3,3,3,17,16,4,0,22,0,4,No,21,80,1,Y,09-11-2006,No
EMP1860,43,Female,Single,IT,IT Manager,Medical,4,Travel_Rarely,122853,74,475,17216,12,0,3,3,2,3,1,2,3,33,9,2,5,2,2,0,Yes,6,80,1,Y,18-03-1990,No
EMP1861,38,Male,Divorced,Marketing,Marketing Manager,Medical,5,Travel_Frequently,19134,117,426,8628,11,0,3,4,2,3,3,3,1,24,0,8,9,21,1,8,No,20,80,1,Y,06-05-1999,No
EMP1862,57,Female,Divorced,Finance,CFO,Marketing,2,Non-Travel,106428,44,385,2076,12,3,5,3,2,4,1,3,1,5,0,8,5,39,0,6,Yes,19,80,1,Y,14-01-2018,No
EMP1863,35,Female,Married,Human Resources,HR Manager,Other,4,Travel_Frequently,54601,124,790,7752,17,2,2,4,3,4,3,2,1,20,4,11,1,30,5,7,Yes,10,80,1,Y,27-11-2003,Yes
EMP1864,31,Female,Married,Finance,Finance Manager,Medical,5,Non-Travel,88889,46,1439,20946,12,1,1,3,4,3,2,4,4,5,0,14,6,21,0,8,Yes,14,80,1,Y,22-10-2018,No
EMP1865,56,Male,Married,Operations,Operations Analyst,Marketing,1,Travel_Rarely,30690,41,632,19956,13,0,3,4,3,1,1,4,2,31,12,6,16,10,2,9,Yes,5,80,1,Y,14-04-1992,No
EMP1866,46,Female,Divorced,Human Resources,Recruiter,Medical,1,Travel_Frequently,16909,51,768,25471,18,3,2,3,1,4,4,4,4,30,8,12,13,2,1,7,Yes,12,80,1,Y,18-08-1993,Yes
EMP1867,24,Male,Single,Sales,Sales Director,Technical Degree,4,Travel_Rarely,106239,52,855,16994,17,1,5,3,1,4,4,4,2,9,15,7,6,13,0,2,Yes,19,80,1,Y,10-05-2014,No
EMP1868,59,Male,Divorced,IT,Software Engineer,Life Sciences,4,Travel_Frequently,95032,119,555,7970,22,0,5,1,2,1,3,1,2,29,7,12,8,18,0,6,No,29,80,1,Y,19-04-1994,No
EMP1869,38,Female,Divorced,Human Resources,HR Manager,Other,4,Travel_Rarely,27062,107,1042,9952,21,1,2,4,2,3,4,2,3,17,13,4,10,30,6,6,Yes,2,80,1,Y,26-11-2006,Yes
EMP1870,33,Male,Single,Operations,Logistics Executive,Technical Degree,1,Travel_Frequently,90386,41,591,24993,21,1,1,4,2,1,3,3,4,23,16,4,2,35,5,6,Yes,15,80,1,Y,14-04-2000,No
EMP1871,45,Female,Single,Operations,Operations Analyst,Marketing,5,Travel_Frequently,114270,143,778,26440,24,2,2,1,3,2,1,3,4,8,3,4,3,31,4,7,No,6,80,1,Y,25-02-2015,No
EMP1872,50,Male,Married,Finance,Finance Analyst,Marketing,4,Non-Travel,81425,97,1498,13862,21,2,2,1,4,4,1,2,1,30,6,14,4,25,0,3,Yes,8,80,1,Y,24-11-1993,No
EMP1873,46,Female,Single,Marketing,Brand Manager,Technical Degree,1,Travel_Rarely,99981,139,619,5111,19,0,4,3,3,4,4,3,4,14,16,1,3,0,4,5,Yes,14,80,1,Y,01-09-2009,No
EMP1874,57,Male,Single,Human Resources,HR Director,Life Sciences,4,Travel_Rarely,119470,80,363,4737,22,0,5,3,1,4,4,1,2,3,15,2,12,1,4,1,Yes,3,80,1,Y,05-05-2020,No
EMP1875,47,Female,Single,IT,IT Manager,Life Sciences,4,Travel_Rarely,103887,42,978,11544,14,2,1,3,2,1,2,4,2,8,13,7,8,5,1,6,Yes,6,80,1,Y,15-02-2015,Yes
EMP1876,59,Female,Single,Human Resources,HR Executive,Human Resources,4,Travel_Rarely,96542,86,837,23788,17,0,4,1,2,1,1,2,4,8,15,13,13,13,3,8,No,11,80,1,Y,29-01-2015,No
EMP1877,22,Female,Married,Research & Development,Lab Technician,Medical,1,Travel_Rarely,64112,84,1406,6649,11,0,2,3,3,3,4,3,3,25,1,12,15,27,5,4,Yes,9,80,1,Y,30-01-1998,No
EMP1878,41,Female,Married,Marketing,Brand Manager,Human Resources,5,Non-Travel,74010,111,216,5868,21,2,5,1,1,4,4,1,3,3,14,14,5,32,4,3,No,17,80,1,Y,23-11-2020,Yes
EMP1879,49,Male,Single,IT,Data Engineer,Life Sciences,1,Travel_Frequently,39485,136,645,21521,21,1,4,3,4,2,4,3,1,16,10,5,9,24,1,1,No,19,80,1,Y,20-01-2007,Yes
EMP1880,37,Male,Single,IT,Data Engineer,Technical Degree,1,Non-Travel,104299,57,369,9824,12,0,4,1,2,3,3,1,1,15,12,8,12,39,5,6,No,29,80,1,Y,15-02-2008,No
EMP1881,38,Female,Married,Sales,Account Manager,Medical,4,Travel_Rarely,120584,131,539,24520,17,3,1,4,2,1,2,3,2,14,3,6,2,17,6,1,Yes,2,80,1,Y,03-04-2009,No
EMP1882,49,Male,Married,Finance,Finance Analyst,Technical Degree,3,Travel_Rarely,147139,134,925,9799,12,2,2,2,1,2,1,4,4,34,0,13,10,33,2,1,Yes,28,80,1,Y,19-03-1989,No
EMP1883,33,Female,Single,Sales,Sales Executive,Human Resources,3,Travel_Frequently,35607,73,1234,21870,16,0,1,3,2,3,4,2,2,4,14,14,2,11,4,8,No,8,80,1,Y,27-07-2019,No
EMP1884,48,Female,Divorced,IT,System Admin,Marketing,3,Non-Travel,76597,48,332,14379,23,0,4,3,4,1,4,4,2,4,11,5,6,26,3,1,No,25,80,1,Y,23-02-2019,No
EMP1885,51,Male,Married,Marketing,Marketing Executive,Technical Degree,1,Travel_Frequently,89554,75,1100,19386,20,2,4,1,3,2,4,4,4,19,8,14,9,23,2,9,Yes,10,80,1,Y,09-12-2004,No
EMP1886,55,Male,Married,Human Resources,HR Director,Human Resources,4,Travel_Frequently,30187,140,839,10614,22,3,1,4,1,3,3,3,2,14,6,10,0,32,5,2,Yes,22,80,1,Y,13-07-2009,Yes
EMP1887,58,Female,Married,Human Resources,HR Director,Human Resources,3,Non-Travel,18985,136,1371,13101,19,3,4,4,2,2,1,4,2,17,2,13,3,14,4,2,Yes,3,80,1,Y,07-04-2006,No
EMP1888,27,Male,Single,Marketing,Marketing Manager,Human Resources,2,Travel_Frequently,66514,131,1022,9906,21,2,3,3,2,1,4,2,3,1,15,3,7,31,6,1,Yes,10,80,1,Y,27-12-2022,Yes
EMP1889,28,Female,Single,IT,Data Engineer,Marketing,2,Non-Travel,33608,139,1153,7359,15,3,5,1,4,3,4,1,1,28,3,6,16,16,4,9,Yes,24,80,1,Y,13-05-1995,No
EMP1890,53,Male,Married,Operations,Logistics Executive,Marketing,2,Non-Travel,86327,32,278,22914,20,0,2,1,3,1,3,1,3,12,13,3,4,34,3,2,No,26,80,1,Y,17-05-2011,No
EMP1891,53,Male,Single,Human Resources,HR Director,Marketing,5,Travel_Rarely,32221,112,545,11615,17,3,5,2,4,4,3,3,1,3,12,6,16,34,0,8,No,23,80,1,Y,14-04-2020,Yes
EMP1892,46,Male,Single,Operations,Operations Manager,Medical,4,Travel_Frequently,63506,49,808,20017,23,0,2,4,3,4,2,2,1,9,1,4,8,12,3,2,No,2,80,1,Y,08-05-2014,No
EMP1893,54,Male,Married,Human Resources,HR Director,Marketing,1,Travel_Rarely,35968,54,1472,25053,11,1,4,2,4,2,2,2,1,30,9,1,7,8,6,4,Yes,27,80,1,Y,21-03-1993,No
EMP1894,28,Male,Single,Human Resources,Recruiter,Marketing,1,Travel_Frequently,142677,104,838,3753,18,3,1,4,3,4,1,1,3,7,14,6,6,9,1,6,No,7,80,1,Y,17-07-2016,No
EMP1895,33,Female,Divorced,Finance,Finance Manager,Marketing,4,Travel_Frequently,117951,85,1247,15481,19,1,1,3,2,1,2,1,4,2,6,7,4,0,1,0,Yes,1,80,1,Y,31-05-2021,No
EMP1896,37,Male,Single,Finance,CFO,Technical Degree,5,Travel_Rarely,123306,110,1424,16130,23,2,4,3,2,2,1,4,2,8,14,9,3,33,6,0,No,24,80,1,Y,07-07-2015,No
EMP1897,37,Male,Single,Research & Development,R&D Manager,Marketing,4,Travel_Rarely,58601,90,330,13114,15,3,2,1,2,3,2,3,4,29,16,10,2,36,6,9,Yes,12,80,1,Y,11-08-1994,No
EMP1898,57,Female,Married,Sales,Sales Director,Medical,5,Travel_Rarely,87178,142,555,24737,16,0,4,1,1,1,4,1,4,10,15,1,7,24,6,1,No,5,80,1,Y,08-08-2013,No
EMP1899,34,Female,Married,Marketing,Content Writer,Human Resources,3,Non-Travel,84893,84,1143,12495,23,3,2,1,3,3,2,1,1,34,16,5,4,21,3,0,No,9,80,1,Y,16-10-1989,No
EMP1900,28,Female,Divorced,Marketing,Content Writer,Technical Degree,3,Travel_Frequently,101799,64,349,26648,21,2,4,4,1,3,4,2,1,12,15,3,4,9,3,0,Yes,12,80,1,Y,17-12-2011,Yes
EMP1901,57,Male,Single,Marketing,Marketing Executive,Life Sciences,5,Non-Travel,63367,107,249,2146,18,2,4,1,3,3,1,2,3,12,17,4,16,25,3,9,Yes,11,80,1,Y,14-01-2011,No
EMP1902,30,Male,Divorced,Research & Development,Lab Technician,Marketing,4,Travel_Frequently,28201,88,663,9507,14,0,4,3,2,3,2,2,3,11,16,0,14,18,3,3,No,12,80,1,Y,04-03-2012,No
EMP1903,53,Female,Divorced,Finance,CFO,Human Resources,3,Travel_Frequently,148811,68,1463,18700,12,3,1,2,1,1,2,1,2,9,3,5,7,39,6,9,No,3,80,1,Y,01-08-2014,No
EMP1904,32,Female,Married,IT,IT Manager,Human Resources,4,Non-Travel,28231,86,654,17977,20,1,2,3,1,4,2,3,4,8,1,11,6,3,3,2,Yes,12,80,1,Y,21-03-2015,Yes
EMP1905,29,Female,Single,Operations,Operations Analyst,Technical Degree,3,Non-Travel,24964,112,534,10797,18,2,4,3,4,1,4,4,4,6,16,11,16,39,4,0,Yes,23,80,1,Y,22-08-2017,No
EMP1906,54,Female,Married,Operations,Operations Manager,Life Sciences,4,Travel_Frequently,27336,96,867,10766,12,2,5,3,3,4,4,3,2,1,16,10,11,4,5,2,Yes,24,80,1,Y,01-12-2022,No
EMP1907,44,Male,Divorced,IT,System Admin,Other,4,Travel_Rarely,92475,63,526,3177,15,0,5,2,4,3,2,1,1,22,1,13,3,28,5,0,No,1,80,1,Y,18-02-2001,Yes
EMP1908,46,Male,Divorced,Research & Development,Lab Technician,Medical,2,Travel_Rarely,97212,142,1215,13518,23,3,1,3,1,4,1,4,3,20,1,14,3,37,2,2,No,6,80,1,Y,09-05-2003,No
EMP1909,29,Male,Married,IT,IT Manager,Other,5,Travel_Rarely,90379,70,535,5422,16,1,3,4,1,3,4,3,2,22,14,7,9,4,1,3,Yes,11,80,1,Y,16-03-2001,Yes
EMP1910,43,Male,Married,Marketing,Marketing Manager,Human Resources,1,Travel_Rarely,60591,51,865,4594,15,3,1,4,2,2,3,1,4,28,15,1,2,0,1,7,No,2,80,1,Y,14-10-1995,No
EMP1911,25,Male,Married,Sales,Sales Manager,Other,5,Travel_Frequently,76750,131,1194,13074,16,3,3,2,4,3,1,3,2,13,10,0,4,27,5,2,Yes,8,80,1,Y,17-03-2010,No
EMP1912,24,Female,Married,Human Resources,HR Director,Human Resources,4,Travel_Rarely,105648,149,280,26887,16,1,1,4,4,4,1,1,2,25,1,8,11,18,6,2,No,22,80,1,Y,12-12-1998,No
EMP1913,50,Male,Married,Operations,Operations Manager,Other,4,Travel_Rarely,111134,56,286,19148,13,0,5,1,4,2,1,2,4,4,7,14,4,35,6,8,Yes,11,80,1,Y,31-01-2019,Yes
EMP1914,50,Female,Divorced,Finance,Finance Manager,Human Resources,5,Travel_Rarely,113537,50,457,26220,21,2,4,4,3,2,4,3,4,30,11,1,4,0,5,8,Yes,27,80,1,Y,12-08-1993,No
EMP1915,55,Female,Married,Finance,CFO,Human Resources,4,Travel_Frequently,77672,70,1190,24661,21,0,2,3,1,3,2,2,3,24,13,7,3,28,2,5,No,12,80,1,Y,22-02-1999,No
EMP1916,55,Female,Single,Research & Development,R&D Manager,Technical Degree,3,Non-Travel,42228,60,384,13392,13,0,4,4,4,1,2,2,3,30,13,14,5,35,3,9,Yes,19,80,1,Y,26-12-1993,Yes
EMP1917,49,Male,Divorced,Finance,Finance Analyst,Life Sciences,4,Travel_Rarely,29429,56,897,2435,19,3,5,1,2,4,3,4,4,19,11,4,9,31,5,3,Yes,20,80,1,Y,12-08-2004,Yes
EMP1918,34,Female,Divorced,Marketing,Content Writer,Human Resources,5,Travel_Frequently,99294,66,322,5351,13,1,2,1,1,2,2,4,3,16,1,1,5,13,6,9,No,23,80,1,Y,02-05-2007,No
EMP1919,36,Male,Single,Operations,Logistics Executive,Medical,5,Travel_Frequently,130577,95,1319,13169,13,2,3,1,2,1,3,3,3,1,13,4,0,31,5,4,No,9,80,1,Y,20-11-2022,Yes
EMP1920,44,Female,Single,IT,Data Engineer,Medical,5,Travel_Rarely,103074,83,804,21314,21,3,3,3,1,3,3,1,3,24,11,8,15,8,2,8,No,11,80,1,Y,04-11-1999,No
EMP1921,47,Male,Divorced,Marketing,Marketing Manager,Marketing,2,Non-Travel,83936,140,714,18518,24,2,5,1,2,3,2,4,4,12,8,5,10,18,3,0,No,26,80,1,Y,21-04-2011,No
EMP1922,25,Female,Married,Research & Development,Lab Technician,Human Resources,2,Non-Travel,72378,38,1103,23002,12,3,2,3,4,3,3,4,1,27,7,2,5,10,1,6,Yes,18,80,1,Y,29-11-1996,No
EMP1923,47,Male,Divorced,Marketing,Content Writer,Human Resources,2,Non-Travel,52310,112,504,10995,17,1,4,1,4,3,1,2,1,5,15,11,5,3,6,6,Yes,9,80,1,Y,13-08-2018,No
EMP1924,30,Female,Divorced,IT,Software Engineer,Human Resources,2,Travel_Frequently,116827,71,1371,4366,20,2,5,3,2,4,1,2,3,2,9,7,16,24,6,9,Yes,15,80,1,Y,25-08-2021,No
EMP1925,26,Female,Single,Sales,Sales Manager,Other,2,Travel_Rarely,114862,65,856,14367,20,2,3,3,3,2,1,1,1,34,6,13,11,16,5,0,Yes,22,80,1,Y,03-11-1989,Yes
EMP1926,53,Female,Divorced,Research & Development,Research Scientist,Human Resources,2,Travel_Rarely,53889,39,461,13454,14,0,5,3,2,4,4,4,3,17,14,0,16,7,0,0,Yes,18,80,1,Y,24-02-2006,No
EMP1927,41,Female,Married,Sales,Sales Manager,Human Resources,2,Travel_Frequently,66428,88,690,11668,11,3,4,4,1,2,3,4,1,10,8,8,9,0,1,8,No,8,80,1,Y,13-08-2013,No
EMP1928,32,Male,Single,Human Resources,HR Manager,Medical,5,Travel_Rarely,125502,69,937,5415,16,3,1,1,2,1,3,1,1,19,3,8,11,1,1,6,No,4,80,1,Y,18-08-2004,No
EMP1929,36,Male,Divorced,Sales,Sales Manager,Life Sciences,1,Travel_Rarely,65255,83,1254,12232,15,3,1,3,2,1,1,4,2,4,5,3,3,9,0,3,Yes,27,80,1,Y,24-08-2019,No
EMP1930,53,Male,Divorced,Human Resources,HR Executive,Life Sciences,2,Non-Travel,120824,138,901,19390,24,0,4,1,1,2,4,3,3,18,11,12,9,26,2,8,No,13,80,1,Y,29-12-2005,No
EMP1931,49,Female,Married,Human Resources,HR Manager,Marketing,5,Travel_Rarely,20409,68,1086,26292,21,0,2,4,4,3,2,3,1,21,14,7,4,26,4,4,No,15,80,1,Y,10-11-2002,No
EMP1932,43,Female,Divorced,Sales,Sales Executive,Medical,1,Travel_Rarely,57438,36,1491,6691,12,2,5,2,1,1,1,1,1,18,1,10,3,12,3,2,No,8,80,1,Y,02-03-2005,No
EMP1933,38,Female,Divorced,Research & Development,Lab Technician,Human Resources,2,Travel_Frequently,22869,33,211,9669,16,3,4,1,2,4,4,2,2,15,1,13,15,10,3,1,No,16,80,1,Y,07-10-2008,Yes
EMP1934,47,Female,Divorced,IT,System Admin,Life Sciences,1,Travel_Frequently,40958,44,1414,26213,11,3,1,1,1,2,2,1,1,23,14,13,4,13,1,8,No,11,80,1,Y,10-03-2000,No
EMP1935,28,Female,Divorced,Marketing,Marketing Manager,Technical Degree,1,Non-Travel,90622,105,290,20280,13,2,3,4,2,1,4,3,2,3,11,10,5,31,0,3,Yes,23,80,1,Y,16-10-2020,Yes
EMP1936,47,Female,Married,Marketing,Content Writer,Technical Degree,3,Travel_Frequently,41442,77,799,21449,14,2,4,3,4,2,2,4,1,14,0,2,6,15,6,6,No,23,80,1,Y,01-02-2009,No
EMP1937,46,Male,Divorced,IT,Software Engineer,Technical Degree,4,Non-Travel,96948,35,500,4748,23,2,4,1,2,3,3,4,2,24,13,12,9,28,1,0,Yes,27,80,1,Y,24-05-1999,No
EMP1938,31,Male,Divorced,Operations,Supply Chain Manager,Human Resources,3,Non-Travel,40596,102,1334,25076,13,1,4,2,2,2,3,2,2,34,3,5,6,37,1,8,Yes,13,80,1,Y,04-07-1989,Yes
EMP1939,40,Male,Divorced,Operations,Operations Manager,Human Resources,1,Travel_Rarely,90791,64,279,4661,23,1,1,4,4,1,4,2,4,13,10,9,13,33,6,8,Yes,7,80,1,Y,07-10-2010,No
EMP1940,32,Male,Single,Human Resources,HR Manager,Marketing,5,Non-Travel,57406,101,1035,21362,16,2,1,3,1,2,4,3,3,18,6,9,9,25,6,9,Yes,18,80,1,Y,25-08-2005,Yes
EMP1941,34,Male,Married,Human Resources,Recruiter,Marketing,2,Travel_Rarely,55524,100,851,25333,21,0,4,1,3,1,2,2,4,6,12,7,10,4,5,5,Yes,8,80,1,Y,09-01-2017,No
EMP1942,29,Male,Single,Research & Development,Data Analyst,Marketing,4,Non-Travel,125160,97,632,24759,14,0,4,1,3,1,4,1,3,29,13,10,13,18,2,5,No,2,80,1,Y,10-09-1994,No
EMP1943,25,Male,Single,Finance,CFO,Other,2,Travel_Frequently,20062,87,616,24843,24,3,2,4,2,1,4,3,1,18,6,8,11,38,3,5,Yes,3,80,1,Y,02-05-2005,No
EMP1944,52,Male,Married,Sales,Sales Manager,Technical Degree,5,Travel_Frequently,59645,106,1437,17173,11,1,3,3,2,4,2,4,3,24,10,7,3,27,4,4,Yes,10,80,1,Y,07-10-1999,No
EMP1945,49,Female,Single,Human Resources,HR Manager,Human Resources,4,Travel_Frequently,137759,48,217,13599,15,1,5,3,4,3,2,4,4,15,10,8,12,27,0,0,Yes,7,80,1,Y,09-04-2008,No
EMP1946,32,Female,Single,Marketing,Content Writer,Technical Degree,3,Non-Travel,22244,91,1277,8107,15,2,5,4,1,3,3,4,3,7,8,3,2,16,4,3,No,23,80,1,Y,17-12-2016,No
EMP1947,22,Female,Single,Research & Development,Lab Technician,Marketing,1,Non-Travel,100501,100,945,14698,19,2,5,1,3,2,1,2,4,17,3,9,12,36,0,9,No,28,80,1,Y,14-07-2006,No
EMP1948,59,Female,Married,Sales,Sales Manager,Human Resources,5,Travel_Rarely,132450,39,439,24885,18,2,1,1,3,2,4,3,3,27,1,0,14,18,3,0,No,7,80,1,Y,25-11-1996,No
EMP1949,45,Female,Divorced,Research & Development,R&D Manager,Medical,1,Travel_Rarely,31956,54,1045,15309,18,2,1,3,4,1,2,2,1,15,1,6,3,26,2,4,No,4,80,1,Y,22-10-2008,No
EMP1950,52,Female,Married,Sales,Sales Manager,Life Sciences,1,Travel_Rarely,31709,73,617,4661,15,2,2,3,4,3,3,1,1,18,8,10,5,11,4,3,Yes,21,80,1,Y,07-03-2005,No
EMP1951,47,Female,Married,Sales,Sales Director,Life Sciences,2,Travel_Rarely,133428,128,1055,17133,18,0,1,2,3,2,1,3,3,16,14,11,14,2,0,7,Yes,23,80,1,Y,19-10-2007,No
EMP1952,26,Male,Married,IT,Data Engineer,Marketing,5,Non-Travel,30210,87,798,24549,24,0,4,2,1,2,4,2,3,12,17,9,3,3,1,0,Yes,8,80,1,Y,26-04-2011,No
EMP1953,41,Male,Single,Human Resources,HR Executive,Technical Degree,1,Non-Travel,117081,54,1346,10210,20,2,3,2,1,3,3,4,1,6,15,3,5,10,6,7,Yes,19,80,1,Y,05-06-2017,No
EMP1954,32,Female,Divorced,Research & Development,Lab Technician,Medical,3,Travel_Rarely,115025,122,619,5358,17,0,3,3,1,1,1,4,3,26,1,0,1,33,3,7,Yes,22,80,1,Y,25-06-1997,No
EMP1955,54,Male,Married,Research & Development,Data Analyst,Human Resources,4,Non-Travel,139476,149,415,2275,11,2,3,3,2,2,4,1,2,9,11,2,3,17,2,0,No,12,80,1,Y,04-09-2014,No
EMP1956,59,Male,Married,IT,Data Engineer,Technical Degree,5,Non-Travel,74846,105,908,6078,22,2,3,3,1,1,3,1,1,33,0,6,14,34,6,8,Yes,25,80,1,Y,05-02-1990,No
EMP1957,48,Male,Divorced,Marketing,Marketing Manager,Marketing,2,Non-Travel,80480,144,750,23138,17,1,5,1,2,3,4,1,1,24,1,10,11,17,5,8,No,10,80,1,Y,27-05-1999,No
EMP1958,55,Male,Divorced,Marketing,Marketing Executive,Technical Degree,5,Non-Travel,67960,140,1165,13137,21,0,5,4,2,3,1,4,4,5,13,2,7,5,1,5,Yes,14,80,1,Y,10-02-2018,No
EMP1959,36,Male,Divorced,Operations,Operations Manager,Marketing,2,Travel_Rarely,100765,69,1451,6698,18,0,4,3,4,2,2,2,4,23,6,0,11,33,2,0,No,27,80,1,Y,13-10-2000,No
EMP1960,53,Female,Single,Human Resources,HR Manager,Other,4,Travel_Rarely,132265,105,1460,2364,13,1,2,1,2,2,3,4,2,17,16,6,8,32,0,6,No,12,80,1,Y,20-09-2006,No
EMP1961,42,Male,Divorced,Human Resources,Recruiter,Life Sciences,3,Non-Travel,63137,145,1032,12165,19,0,1,3,2,3,1,4,3,22,14,7,6,7,1,6,No,21,80,1,Y,17-03-2001,No
EMP1962,26,Female,Single,Finance,Finance Manager,Life Sciences,1,Travel_Frequently,133922,99,879,2794,18,1,1,4,4,1,4,4,2,5,16,14,7,19,5,8,Yes,20,80,1,Y,10-07-2018,Yes
EMP1963,27,Female,Married,IT,Software Engineer,Technical Degree,5,Travel_Rarely,136280,39,686,15646,12,3,5,3,1,1,1,2,3,28,8,4,9,19,5,0,No,25,80,1,Y,12-12-1995,Yes
EMP1964,59,Female,Single,Marketing,Marketing Manager,Medical,2,Travel_Rarely,58876,95,822,25179,16,0,3,1,1,4,1,4,4,24,12,5,10,17,2,7,Yes,4,80,1,Y,13-02-1999,No
EMP1965,43,Male,Divorced,Sales,Account Manager,Human Resources,4,Travel_Frequently,109547,149,418,7870,14,2,4,3,3,3,2,1,3,16,1,13,1,26,3,7,Yes,19,80,1,Y,23-08-2007,No
EMP1966,39,Female,Single,Research & Development,Research Scientist,Marketing,1,Travel_Rarely,65227,138,920,2589,13,1,2,3,3,2,3,1,4,23,14,2,3,4,4,6,No,29,80,1,Y,08-11-2000,No
EMP1967,35,Female,Divorced,Human Resources,HR Executive,Human Resources,4,Travel_Frequently,99433,54,580,22678,21,2,5,3,2,3,1,1,1,10,10,13,8,6,5,5,No,7,80,1,Y,08-12-2013,No
EMP1968,31,Female,Single,Research & Development,Research Scientist,Life Sciences,3,Travel_Frequently,88704,100,286,6313,16,2,4,2,3,2,2,1,1,25,13,4,7,21,5,0,No,21,80,1,Y,14-10-1998,No
EMP1969,34,Female,Married,Research & Development,Data Analyst,Medical,1,Non-Travel,21861,133,1014,18211,20,0,4,3,4,1,2,4,3,33,3,2,4,33,6,9,No,1,80,1,Y,17-05-1990,Yes
EMP1970,52,Male,Single,Finance,Finance Manager,Medical,1,Travel_Rarely,76914,116,610,23129,23,1,5,1,3,2,2,4,4,27,10,12,13,12,4,7,Yes,8,80,1,Y,17-06-1996,No
EMP1971,51,Female,Married,Marketing,Marketing Executive,Human Resources,1,Travel_Frequently,78888,141,890,9377,19,3,4,1,3,4,4,4,2,2,15,1,1,31,1,4,Yes,11,80,1,Y,03-05-2021,No
EMP1972,24,Female,Divorced,Human Resources,Recruiter,Life Sciences,2,Non-Travel,94286,40,1212,10861,12,2,3,1,2,1,2,1,4,10,1,13,16,23,3,3,Yes,1,80,1,Y,02-08-2013,No
EMP1973,51,Female,Married,Research & Development,Data Analyst,Human Resources,1,Travel_Rarely,76293,65,724,19821,20,2,4,3,4,4,2,2,4,13,1,6,7,15,3,4,No,25,80,1,Y,06-05-2010,No
EMP1974,27,Female,Divorced,Human Resources,HR Director,Technical Degree,4,Non-Travel,83515,78,646,14952,20,3,2,4,3,3,2,3,4,25,8,9,1,13,6,4,No,1,80,1,Y,10-04-1998,Yes
EMP1975,50,Male,Divorced,Sales,Sales Executive,Medical,2,Non-Travel,22065,77,499,11047,20,1,4,1,1,2,2,3,1,20,3,10,14,38,2,9,No,4,80,1,Y,09-09-2003,No
EMP1976,29,Female,Married,Finance,CFO,Medical,1,Travel_Frequently,103720,144,607,6033,15,0,1,2,4,1,3,3,4,29,7,6,1,6,1,2,No,26,80,1,Y,28-06-1994,No
EMP1977,54,Female,Married,Sales,Sales Manager,Technical Degree,4,Travel_Rarely,73876,116,574,20277,16,2,4,4,4,2,3,2,3,7,17,11,10,11,6,3,Yes,4,80,1,Y,19-01-2016,No
EMP1978,38,Female,Single,Human Resources,Recruiter,Life Sciences,4,Non-Travel,98797,136,432,25903,14,0,5,1,2,4,2,4,1,19,14,7,13,19,3,3,Yes,11,80,1,Y,10-01-2004,No
EMP1979,32,Female,Single,Operations,Logistics Executive,Medical,5,Travel_Frequently,106141,36,837,20226,17,1,1,3,4,1,1,3,1,31,1,11,9,32,2,7,Yes,25,80,1,Y,23-06-1992,Yes
EMP1980,34,Female,Married,Human Resources,HR Director,Other,4,Travel_Frequently,117390,120,849,24628,12,3,5,2,4,4,4,3,1,21,10,0,6,5,3,4,No,1,80,1,Y,09-05-2002,No
EMP1981,32,Female,Married,Marketing,Marketing Executive,Other,3,Non-Travel,111856,106,1160,18710,17,0,2,1,4,1,1,4,4,6,16,1,13,39,1,5,No,10,80,1,Y,21-08-2017,Yes
EMP1982,52,Male,Married,Research & Development,Data Analyst,Other,1,Non-Travel,81201,80,1272,20784,12,1,3,2,4,3,1,3,2,8,6,1,12,26,3,9,No,29,80,1,Y,21-10-2015,Yes
EMP1983,49,Female,Married,Research & Development,Lab Technician,Marketing,1,Travel_Frequently,104766,46,385,26490,11,0,2,4,4,3,2,4,4,0,7,11,1,12,6,1,No,25,80,1,Y,05-04-2023,No
EMP1984,27,Male,Divorced,Sales,Sales Director,Marketing,1,Non-Travel,37995,61,1428,6278,21,0,1,1,4,2,1,3,4,28,9,2,9,4,3,8,No,4,80,1,Y,31-05-1995,No
EMP1985,37,Male,Married,Finance,CFO,Life Sciences,4,Non-Travel,107320,55,277,22934,15,2,3,3,4,4,3,4,2,7,2,6,0,23,3,7,Yes,23,80,1,Y,27-12-2016,Yes
EMP1986,25,Female,Married,Operations,Operations Analyst,Technical Degree,4,Travel_Rarely,95141,51,393,9500,12,0,4,2,1,4,3,1,4,3,12,6,0,9,4,7,No,25,80,1,Y,07-08-2020,No
EMP1987,56,Male,Married,IT,Software Engineer,Human Resources,1,Travel_Frequently,85799,42,1326,6015,18,2,1,1,4,1,4,2,3,34,16,6,2,31,0,9,Yes,27,80,1,Y,25-05-1989,No
EMP1988,47,Female,Married,Research & Development,R&D Manager,Life Sciences,2,Non-Travel,60687,41,486,23836,22,1,3,4,2,3,3,3,2,2,12,0,10,8,1,4,No,7,80,1,Y,20-06-2021,No
EMP1989,33,Male,Divorced,Marketing,Content Writer,Human Resources,2,Travel_Frequently,52276,100,449,22690,22,1,5,4,1,2,3,4,3,6,8,1,8,34,4,4,Yes,2,80,1,Y,20-01-2017,No
EMP1990,32,Female,Single,Sales,Sales Director,Life Sciences,3,Travel_Rarely,49523,30,1424,10242,22,2,3,1,4,3,2,1,3,26,15,7,12,11,0,2,No,22,80,1,Y,30-07-1997,No
EMP1991,58,Male,Single,Sales,Sales Manager,Marketing,5,Travel_Frequently,69615,62,735,9826,18,3,5,4,3,4,3,4,1,0,4,8,3,10,5,1,No,13,80,1,Y,05-04-2023,Yes
EMP1992,46,Male,Single,IT,Software Engineer,Other,3,Travel_Frequently,25514,145,499,11201,11,0,5,2,2,2,1,3,1,26,8,9,5,35,3,8,Yes,22,80,1,Y,23-01-1997,No
EMP1993,39,Female,Single,Marketing,Marketing Executive,Technical Degree,1,Travel_Frequently,62456,148,1306,25167,14,1,3,2,1,3,1,3,2,15,8,12,1,7,3,5,No,19,80,1,Y,14-12-2008,No
EMP1994,40,Male,Single,Finance,Finance Analyst,Marketing,1,Travel_Rarely,22233,43,1008,21941,24,1,2,2,2,3,3,3,4,6,5,6,8,9,6,7,No,4,80,1,Y,14-11-2017,No
EMP1995,44,Male,Divorced,Marketing,Marketing Executive,Technical Degree,1,Travel_Rarely,16102,140,657,17105,19,3,2,2,1,1,4,3,3,22,9,12,3,13,4,3,No,6,80,1,Y,09-04-2001,No
EMP1996,59,Male,Single,Finance,CFO,Human Resources,5,Travel_Frequently,81133,93,890,2153,15,1,5,4,3,1,4,3,4,10,17,0,0,29,2,4,Yes,27,80,1,Y,11-02-2013,No
EMP1997,39,Male,Divorced,Marketing,Marketing Manager,Life Sciences,4,Travel_Frequently,61715,72,917,10773,22,2,1,1,2,4,4,1,3,32,10,14,0,0,1,9,No,22,80,1,Y,12-07-1991,No
EMP1998,47,Male,Divorced,Marketing,Brand Manager,Medical,5,Travel_Rarely,125545,149,239,19171,21,3,3,4,2,3,3,4,1,16,14,14,16,11,0,4,No,17,80,1,Y,29-05-2007,No
EMP1999,27,Female,Single,Human Resources,Recruiter,Medical,3,Non-Travel,119085,87,307,6886,20,1,1,4,1,1,4,4,1,34,6,11,2,4,3,9,No,26,80,1,Y,03-03-1989,No
EMP2000,25,Male,Single,Sales,Sales Director,Technical Degree,4,Travel_Rarely,124101,70,1337,21765,23,3,2,1,1,3,3,3,1,4,13,3,16,13,1,3,No,24,80,1,Y,03-02-2019,No
